{
"type": "FeatureCollection",
"name": "Flood_Risks",
"crs": { "type": "name", "properties": { "name": "urn:ogc:def:crs:OGC:1.3:CRS84" } },
"features": [
{"type":"Feature","properties":{"flooded":1,"Risk":"High","layer":"Flood_High","path":"C:\\Users\\Rudra\\Desktop\\flood_extent.geojson"},"geometry":{"type":"Polygon","coordinates":[[[92.829575649759505,25.945095138204934],[92.829415923627465,25.945847974992603],[92.828568984708355,25.945707452369724],[92.827610627916144,25.950224473095734],[92.826763688997033,25.950083950472855],[92.825805332204808,25.954600971198868],[92.824958393285684,25.954460448575986],[92.824479214889578,25.956718958938989],[92.825326153808703,25.956859481561871],[92.824527523148518,25.960623665500215],[92.827915278824975,25.961185755991728],[92.82711664816479,25.964949939930069],[92.825422770326554,25.964668894684312],[92.825263044194514,25.965421731471981],[92.823569166356293,25.965140686226224],[92.823089987960188,25.967399196589231],[92.818855293364606,25.966696583474835],[92.819015019496632,25.965943746687167],[92.815627263820176,25.96538165619565],[92.814668907027965,25.969898676921662],[92.808740334594162,25.968915018561511],[92.807462525537872,25.974937712862857],[92.809156403376093,25.975218758108614],[92.808198046583868,25.979735778834623],[92.810738863341214,25.980157346703262],[92.810898589473254,25.979404509915593],[92.814286345149711,25.979966600407106],[92.815404428073961,25.974696742893428],[92.829802389698926,25.977085627482371],[92.830121841963006,25.975579953907033],[92.830968780882117,25.975720476529911],[92.831128507014142,25.974967639742243],[92.837057079447945,25.975951298102395],[92.837695983976104,25.972939950951723],[92.841930678571686,25.973642564066118],[92.843048761495936,25.968372706552437],[92.845589578253282,25.968794274421072],[92.846228482781427,25.9657829272704],[92.849616238457884,25.966345017761917],[92.850095416853989,25.96408650739891],[92.847554600096643,25.963664939530275],[92.848672683020908,25.958395082016597],[92.847825744101797,25.958254559393716],[92.848784100894022,25.953737538667703],[92.845396345217566,25.953175448176189],[92.845715797481631,25.951669774600852],[92.833858652614012,25.949702457880548],[92.834657283274197,25.945938273942208],[92.829575649759505,25.945095138204934]],[[92.827658936175069,25.954129179656956],[92.831893630770651,25.954831792771351],[92.830935273978426,25.95934881349736],[92.826700579382845,25.958646200382965],[92.827658936175069,25.954129179656956]],[[92.830935273978426,25.95934881349736],[92.836863846412228,25.960332471857512],[92.836224941884083,25.963343819008188],[92.840459636479665,25.964046432122579],[92.83966100581948,25.96781061606092],[92.84050794473859,25.967951138683802],[92.839549587946365,25.972468159409814],[92.834467954431673,25.971625023672541],[92.834148502167608,25.973130697247878],[92.823985235138224,25.971444425773331],[92.824783865798409,25.967680241834987],[92.827324682555755,25.968101809703622],[92.827484408687781,25.967348972915953],[92.831719103283362,25.968051586030349],[92.831559377151336,25.968804422818017],[92.834947132827793,25.969366513309534],[92.835426311223898,25.967108002946528],[92.831191616628331,25.966405389832133],[92.831511068892411,25.964899716256795],[92.830664129973286,25.964759193633917],[92.830823856105312,25.964006356846252],[92.829976917186201,25.963865834223373],[92.830935273978426,25.95934881349736]]]}},
{"type":"Feature","properties":{"flooded":1,"Risk":"High","layer":"Flood_High","path":"C:\\Users\\Rudra\\Desktop\\flood_extent.geojson"},"geometry":{"type":"Polygon","coordinates":[[[92.950962963391319,26.00108506911527],[92.950483784995214,26.003343579478276],[92.951330723914324,26.003484102101154],[92.951170997782285,26.004236938888823],[92.953711814539631,26.004658506757462],[92.95387154067167,26.003905669969793],[92.958953174186362,26.004748805707063],[92.958633721922283,26.006254479282401],[92.961174538679629,26.006676047151039],[92.960375908019444,26.010440231089383],[92.9637636636959,26.011002321580897],[92.963444211431835,26.012507995156234],[92.967678906027416,26.013210608270626],[92.968158084423521,26.010952097907623],[92.973239717938213,26.011795233644897],[92.972920265674148,26.013300907220231],[92.975461082431494,26.013722475088869],[92.975620808563519,26.0129696383012],[92.978161625320865,26.013391206169835],[92.978481077584945,26.011885532594501],[92.981868833261402,26.012447623086018],[92.982348011657507,26.010189112723012],[92.979807194900161,26.009767544854373],[92.979647468768135,26.010520381642042],[92.976259713091679,26.009958291150529],[92.975940260827599,26.011463964725866],[92.970858627312907,26.010620828988593],[92.971337805709013,26.008362318625586],[92.966256172194321,26.007519182888313],[92.966895076722466,26.004507835737638],[92.96435425996512,26.004086267868999],[92.964194533833094,26.004839104656668],[92.957419022480181,26.003714923673638],[92.957738474744247,26.0022092500983],[92.950962963391319,26.00108506911527]]]}},
{"type":"Feature","properties":{"flooded":1,"Risk":"High","layer":"Flood_High","path":"C:\\Users\\Rudra\\Desktop\\flood_extent.geojson"},"geometry":{"type":"Polygon","coordinates":[[[93.07251390734838,26.097627739213159],[93.072034728952275,26.099886249576166],[93.077963301386077,26.100869907936318],[93.077803575254038,26.101622744723986],[93.080344392011384,26.102044312592621],[93.079226309087119,26.107314170106299],[93.080073248006229,26.107454692729178],[93.079753795742164,26.108960366304515],[93.083141551418635,26.109522456796032],[93.08394018207882,26.105758272857688],[93.089021815593512,26.106601408594962],[93.089660720121657,26.10359006144429],[93.086272964445186,26.103027970952773],[93.086592416709252,26.101522297377436],[93.080663844275449,26.100538639017284],[93.080823570407489,26.099785802229615],[93.074894997973686,26.098802143869463],[93.075054724105726,26.098049307081794],[93.07251390734838,26.097627739213159]]]}},
{"type":"Feature","properties":{"flooded":1,"Risk":"High","layer":"Flood_High","path":"C:\\Users\\Rudra\\Desktop\\flood_extent.geojson"},"geometry":{"type":"Polygon","coordinates":[[[93.054810005209589,26.114953133726473],[93.054650279077549,26.115705970514142],[93.053803340158424,26.115565447891264],[93.053643614026385,26.116318284678933],[93.049408919430817,26.115615671564537],[93.048929741034712,26.117874181927544],[93.052317496711169,26.118436272419061],[93.051838318315063,26.120694782782067],[93.054379135072409,26.121116350650702],[93.053420778280184,26.125633371376711],[93.049186083684603,26.12493075826232],[93.049345809816643,26.124177921474651],[93.045111115221076,26.123475308360256],[93.044951389089036,26.124228145147924],[93.044104450169911,26.124087622525046],[93.043625271773806,26.126346132888052],[93.042778332854695,26.126205610265171],[93.04181997606247,26.13072263099118],[93.039279159305124,26.130301063122545],[93.038799980909019,26.132559573485551],[93.046422431181057,26.13382427709146],[93.046901609577162,26.131565766728453],[93.047748548496273,26.131706289351335],[93.048706905288498,26.127189268625326],[93.056329355560536,26.128453972231235],[93.056009903296456,26.129959645806572],[93.058550720053802,26.130381213675207],[93.059029898449907,26.128122703312201],[93.055642142773451,26.127560612820687],[93.056919951829755,26.121537918519341],[93.060307707506212,26.122100009010854],[93.060946612034357,26.119088661860179],[93.058405795277011,26.118667093991544],[93.058884973673116,26.116408583628537],[93.057191095834895,26.116127538382781],[93.057350821966935,26.115374701595112],[93.054810005209589,26.114953133726473]]]}},
{"type":"Feature","properties":{"flooded":1,"Risk":"High","layer":"Flood_High","path":"C:\\Users\\Rudra\\Desktop\\flood_extent.geojson"},"geometry":{"type":"Polygon","coordinates":[[[93.055898485423356,26.13461718915546],[93.05557903315929,26.136122862730797],[93.054732094240165,26.135982340107919],[93.054252915844046,26.138240850470925],[93.048324343410243,26.137257192110773],[93.048164617278218,26.138010028898439],[93.047317678359107,26.13786950627556],[93.046838499962988,26.140128016638567],[93.047685438882098,26.140268539261445],[93.047046534353953,26.14327988641212],[93.047893473273064,26.143420409034999],[93.047414294876958,26.145678919398001],[93.054189806229886,26.146803100381032],[93.054988436890071,26.143038916442691],[93.05414149797096,26.142898393819813],[93.054940128631145,26.139134209881469],[93.056634006469366,26.139415255127226],[93.056793732601392,26.13866241833956],[93.057640671520517,26.138802940962442],[93.057800397652557,26.138050104174773],[93.058647336571667,26.138190626797652],[93.059286241099812,26.135179279646977],[93.055898485423356,26.13461718915546]]]}},
{"type":"Feature","properties":{"flooded":1,"Risk":"High","layer":"Flood_High","path":"C:\\Users\\Rudra\\Desktop\\flood_extent.geojson"},"geometry":{"type":"Polygon","coordinates":[[[93.117598807290406,26.161999840445841],[93.116800176630221,26.165764024384181],[93.112565482034654,26.165061411269786],[93.111926577506509,26.168072758420461],[93.117855149940311,26.169056416780613],[93.117535697676246,26.170562090355951],[93.120923453352702,26.171124180847467],[93.122201262408993,26.165101486546121],[93.127282895923685,26.165944622283394],[93.12776207431979,26.163686111920388],[93.117598807290406,26.161999840445841]]]}},
{"type":"Feature","properties":{"flooded":1,"Risk":"High","layer":"Flood_High","path":"C:\\Users\\Rudra\\Desktop\\flood_extent.geojson"},"geometry":{"type":"Polygon","coordinates":[[[93.148824129424568,26.171856720841248],[93.148025498764383,26.175620904779592],[93.147178559845273,26.17548038215671],[93.147018833713233,26.176233218944379],[93.142784139117651,26.175530605829987],[93.142304960721546,26.17778911619299],[93.148233533155363,26.178772774553142],[93.147434902495178,26.182536958491486],[93.145741024656942,26.182255913245726],[93.144942393996757,26.186020097184066],[93.147483210754103,26.186441665052705],[93.147642936886143,26.18568882826504],[93.151877631481725,26.186391441379435],[93.15251653600987,26.18338009422876],[93.155904291686326,26.183942184720273],[93.156064017818352,26.183189347932604],[93.160298712413919,26.183891961046999],[93.159979260149854,26.185397634622337],[93.162520076907199,26.185819202490972],[93.162999255303305,26.183560692127966],[93.157917621788627,26.182717556390696],[93.158237074052707,26.181211882815358],[93.15146156269978,26.180087701832324],[93.152260193359965,26.176323517893984],[93.150566315521729,26.176042472648227],[93.151364946181914,26.172278288709883],[93.148824129424568,26.171856720841248]]]}},
{"type":"Feature","properties":{"flooded":1,"Risk":"High","layer":"Flood_High","path":"C:\\Users\\Rudra\\Desktop\\flood_extent.geojson"},"geometry":{"type":"Polygon","coordinates":[[[93.070697714475017,26.155776769762838],[93.070058809946872,26.158788116913509],[93.068364932108636,26.158507071667753],[93.068045479844557,26.16001274524309],[93.065504663087211,26.159591177374455],[93.06406712789888,26.166366708463471],[93.065761005737116,26.166647753709228],[93.065601279605076,26.167400590496896],[93.070682913119768,26.16824372623417],[93.069245377931438,26.175019257323186],[93.071786194688784,26.175440825191821],[93.071945920820824,26.174687988404152],[93.080415310011972,26.176093214632942],[93.079936131615867,26.178351724995949],[93.081630009454088,26.178632770241705],[93.080511926529823,26.183902627755383],[93.083899682206294,26.1844647182469],[93.084219134470374,26.182959044671566],[93.092688523661522,26.184364270900353],[93.093487154321707,26.180600086962009],[93.098568787836399,26.181443222699283],[93.100006323024729,26.174667691610267],[93.103394078701186,26.175229782101784],[93.104032983229331,26.172218434951109],[93.109114616744023,26.173061570688382],[93.109753521272168,26.170050223537711],[93.103824948838366,26.169066565177559],[93.104144401102431,26.167560891602221],[93.101603584345085,26.167139323733583],[93.101443858213059,26.167892160521252],[93.099749980374824,26.167611115275495],[93.099590254242784,26.168363952063164],[93.095355559647217,26.167661338948768],[93.094716655119072,26.17067268609944],[93.096410532957293,26.170953731345197],[93.094813271636923,26.178482099221881],[93.089731638122231,26.177638963484611],[93.089412185858151,26.179144637059949],[93.085177491262584,26.178442023945554],[93.086135848054809,26.173925003219544],[93.08698278697392,26.174065525842423],[93.08714251310596,26.173312689054754],[93.08798945202507,26.173453211677632],[93.088788082685255,26.169689027739288],[93.086247265927909,26.169267459870653],[93.086087539795869,26.170020296658322],[93.081852845200302,26.169317683543927],[93.082012571332342,26.168564846756258],[93.081165632413217,26.16842432413338],[93.081804536941362,26.165412976982708],[93.077569842345795,26.164710363868313],[93.07693093781765,26.167721711018984],[93.072696243222069,26.167019097904589],[93.072855969354109,26.16626626111692],[93.068621274758542,26.165563648002525],[93.069579631550752,26.161046627276516],[93.074661265065444,26.161889763013789],[93.074980717329524,26.160384089438452],[93.075827656248634,26.16052461206133],[93.075987382380674,26.159771775273661],[93.07768126021891,26.160052820519422],[93.078160438615015,26.157794310156419],[93.073078805100323,26.156951174419145],[93.073238531232363,26.156198337631476],[93.070697714475017,26.155776769762838]]]}},
{"type":"Feature","properties":{"flooded":1,"Risk":"High","layer":"Flood_High","path":"C:\\Users\\Rudra\\Desktop\\flood_extent.geojson"},"geometry":{"type":"Polygon","coordinates":[[[93.057131890413913,26.165995364268106],[93.056972164281873,26.166748201055775],[93.052737469686306,26.166045587941383],[93.052258291290201,26.16830409830439],[93.046329718856398,26.167320439944238],[93.045850540460293,26.16957895030724],[93.040768906945601,26.168735814569967],[93.039331371757271,26.175511345658986],[93.036790554999925,26.175089777790348],[93.03615165047178,26.178101124941019],[93.038692467229126,26.178522692809658],[93.038532741097086,26.179275529597327],[93.041073557854432,26.179697097465962],[93.040115201062207,26.184214118191974],[93.035880506466626,26.183511505077576],[93.036199958730705,26.182005831502241],[93.031965264135124,26.18130321838785],[93.031645811871044,26.182808891963184],[93.028258056194588,26.18224680147167],[93.027619151666443,26.185258148622342],[93.030159968423789,26.185679716490977],[93.029840516159723,26.187185390066315],[93.03322827183618,26.187747480557832],[93.03274909344006,26.190005990920838],[93.033596032359185,26.190146513543716],[93.03311685396308,26.192405023906719],[93.039045426396882,26.193388682266871],[93.038566248000777,26.195647192629878],[93.040260125839012,26.195928237875638],[93.039142042914747,26.201198095389316],[93.041682859672093,26.201619663257951],[93.042162038068199,26.199361152894948],[93.040468160229963,26.199080107649191],[93.041426517022188,26.194563086923178],[93.043967333779534,26.194984654791813],[93.044446512175639,26.192726144428811],[93.046140390013875,26.193007189674571],[93.04725847293814,26.187737332160889],[93.048952350776361,26.188018377406646],[93.049112076908401,26.187265540618977],[93.049959015827525,26.187406063241855],[93.050118741959551,26.186653226454187],[93.050965680878662,26.186793749077065],[93.051125407010701,26.1860409122894],[93.051972345929812,26.186181434912278],[93.052930702722037,26.181664414186265],[93.047002130288234,26.180680755826113],[93.046522951892129,26.18293926618912],[93.041441318377437,26.182096130451846],[93.042559401301688,26.176826272938165],[93.04764103481638,26.177669408675438],[93.047960487080459,26.176163735100104],[93.051348242756916,26.176725825591621],[93.051987147285061,26.173714478440946],[93.047752452689494,26.173011865326551],[93.048710809481705,26.168494844600541],[93.053792442996397,26.169337980337815],[93.053472990732331,26.170843653913149],[93.056013807489663,26.171265221781784],[93.056652712017808,26.168253874631112],[93.059193528775154,26.168675442499751],[93.059672707171259,26.166416932136745],[93.057131890413913,26.165995364268106]]]}},
{"type":"Feature","properties":{"flooded":1,"Risk":"High","layer":"Flood_High","path":"C:\\Users\\Rudra\\Desktop\\flood_extent.geojson"},"geometry":{"type":"Polygon","coordinates":[[[92.708728350779936,26.192357391790662],[92.707290815591605,26.199132922879677],[92.703903059915149,26.19857083238816],[92.703743333783123,26.199323669175829],[92.696120883511085,26.198058965569921],[92.697398692567376,26.19203627126857],[92.692317059052684,26.191193135531297],[92.691358702260459,26.195710156257309],[92.687124007664892,26.195007543142914],[92.687443459928971,26.193501869567577],[92.684055704252501,26.192939779076063],[92.683576525856381,26.19519828943907],[92.681035709099035,26.194776721570431],[92.68055653070293,26.197035231933434],[92.681403469622055,26.197175754556312],[92.681084017357975,26.19868142813165],[92.687012589791777,26.199665086491802],[92.686852863659752,26.200417923279471],[92.688546741497987,26.200698968525231],[92.687588384705762,26.205215989251244],[92.690129201463108,26.205637557119879],[92.690288927595148,26.20488472033221],[92.691135866514259,26.205025242955088],[92.691295592646298,26.204272406167419],[92.692989470484534,26.204553451413179],[92.693788101144705,26.200789267474835],[92.695481978982926,26.201070312720592],[92.695641705114966,26.200317475932923],[92.702417216467893,26.201441656915954],[92.701458859675682,26.205958677641966],[92.703999676433028,26.206380245510605],[92.704958033225239,26.201863224784592],[92.709192727820806,26.202565837898984],[92.709352453952846,26.201813001111319],[92.714434087467538,26.202656136848589],[92.714274361335498,26.203408973636257],[92.715968239173733,26.203690018882018],[92.715808513041694,26.204442855669686],[92.71834932979904,26.204864423538321],[92.718828508195159,26.202605913175319],[92.717134630356924,26.202324867929562],[92.717613808753029,26.200066357566556],[92.710838297400116,26.198942176583525],[92.711317475796221,26.196683666220519],[92.710470536877096,26.196543143597637],[92.711269167537282,26.192778959659297],[92.708728350779936,26.192357391790662]]]}},
{"type":"Feature","properties":{"flooded":1,"Risk":"High","layer":"Flood_High","path":"C:\\Users\\Rudra\\Desktop\\flood_extent.geojson"},"geometry":{"type":"Polygon","coordinates":[[[92.648435961390746,26.183133122353929],[92.648276235258706,26.183885959141595],[92.642347662824889,26.182902300781443],[92.642028210560809,26.18440797435678],[92.640334332722588,26.184126929111024],[92.639375975930378,26.188643949837036],[92.638529037011253,26.188503427214158],[92.637730406351068,26.192267611152499],[92.636036528512847,26.191986565906738],[92.635876802380807,26.192739402694407],[92.629948229947004,26.191755744334255],[92.63026768221107,26.190250070758918],[92.626032987615488,26.189547457644522],[92.627310796671793,26.183524763343176],[92.624769979914447,26.183103195474541],[92.623172718594077,26.190631563351225],[92.627407413189658,26.19133417646562],[92.627087960925579,26.192839850040958],[92.633016533359381,26.19382350840111],[92.632697081095316,26.195329181976447],[92.633544020014426,26.195469704599326],[92.633224567750347,26.196975378174663],[92.636612323426803,26.19753746866618],[92.636931775690883,26.196031795090843],[92.637778714610008,26.196172317713721],[92.638098166874073,26.194666644138383],[92.638945105793184,26.194807166761262],[92.639264558057263,26.193301493185924],[92.643499252652845,26.194004106300319],[92.64397843104895,26.191745595937313],[92.643131492129825,26.191605073314435],[92.643291218261865,26.190852236526766],[92.640750401504519,26.190430668658131],[92.641549032164704,26.186666484719787],[92.642395971083829,26.186807007342665],[92.642715423347894,26.185301333767327],[92.644409301186116,26.185582379013088],[92.644569027318155,26.184829542225419],[92.651344538671083,26.185953723208449],[92.651823717067202,26.183695212845446],[92.648435961390746,26.183133122353929]]]}},
{"type":"Feature","properties":{"flooded":1,"Risk":"High","layer":"Flood_High","path":"C:\\Users\\Rudra\\Desktop\\flood_extent.geojson"},"geometry":{"type":"Polygon","coordinates":[[[92.651552573062048,26.189105592982003],[92.651233120797983,26.19061126655734],[92.647845365121526,26.190049176065823],[92.647366186725407,26.192307686428826],[92.648213125644517,26.192448209051705],[92.647733947248412,26.194706719414711],[92.649427825086647,26.194987764660471],[92.649108372822568,26.196493438235809],[92.658424700932841,26.198039187087474],[92.65746634414063,26.202556207813483],[92.656619405221505,26.202415685190605],[92.65566104842928,26.206932705916618],[92.656507987348405,26.207073228539496],[92.65586908282026,26.210084575690168],[92.657562960658481,26.210365620935928],[92.657403234526441,26.211118457723597],[92.660790990202898,26.21168054821511],[92.661270168599003,26.209422037852107],[92.662117107518128,26.209562560474986],[92.662276833650168,26.208809723687317],[92.66735846716486,26.20965285942459],[92.66767791942894,26.208147185849253],[92.672759552943631,26.208990321586526],[92.673079005207697,26.207484648011189],[92.673925944126808,26.207625170634067],[92.674405122522927,26.205366660271061],[92.672711244684692,26.205085615025304],[92.673030696948757,26.20357994144997],[92.670489880191411,26.203158373581335],[92.670330154059371,26.203911210369],[92.667789337302025,26.203489642500362],[92.666990706641855,26.207253826438706],[92.661909073127163,26.206410690701432],[92.662068799259188,26.205657853913763],[92.660374921420967,26.205376808668007],[92.660534647553007,26.204623971880338],[92.659687708633882,26.204483449257459],[92.661125243822212,26.197707918168444],[92.659431365983991,26.197426872922687],[92.660709175040282,26.19140417862134],[92.659015297202046,26.19112313337558],[92.659175023334086,26.190370296587911],[92.651552573062048,26.189105592982003]]]}},
{"type":"Feature","properties":{"flooded":1,"Risk":"High","layer":"Flood_High","path":"C:\\Users\\Rudra\\Desktop\\flood_extent.geojson"},"geometry":{"type":"Polygon","coordinates":[[[92.594202267856886,26.199073587432341],[92.593723089460767,26.201332097795348],[92.587794517026964,26.200348439435196],[92.588113969291044,26.198842765859858],[92.585573152533698,26.198421197991223],[92.584295343477407,26.204443892292574],[92.580060648881826,26.203741279178178],[92.579900922749786,26.204494115965844],[92.575666228154219,26.203791502851448],[92.575985680418285,26.202285829276114],[92.568363230146247,26.201021125670206],[92.568043777882181,26.20252679924554],[92.5638090832866,26.201824186131145],[92.56396880941864,26.201071349343479],[92.560581053742183,26.200509258851966],[92.560740779874209,26.199756422064297],[92.559893840955098,26.199615899441415],[92.560053567087138,26.198863062653746],[92.557512750329792,26.198441494785111],[92.557193298065727,26.199947168360449],[92.555499420227491,26.199666123114692],[92.555339694095451,26.200418959902358],[92.554492755176341,26.200278437279476],[92.554333029044301,26.201031274067144],[92.553486090125176,26.200890751444266],[92.553326363993136,26.201643588231935],[92.552479425074026,26.201503065609057],[92.551840520545881,26.204514412759732],[92.552687459464991,26.20465493538261],[92.552368007200926,26.206160608957948],[92.554061885039161,26.206441654203708],[92.553103528246936,26.210958674929717],[92.546328016894023,26.209834493946683],[92.546966921422168,26.206823146796012],[92.546119982503043,26.206682624173133],[92.546279708635083,26.205929787385465],[92.543738891877737,26.20550821951683],[92.543579165745697,26.206261056304498],[92.542732226826587,26.20612053368162],[92.542572500694547,26.206873370469285],[92.53918474501809,26.206311279977768],[92.539025018886065,26.207064116765437],[92.53817807996694,26.206923594142559],[92.53785862770286,26.208429267717896],[92.535317810945514,26.208007699849258],[92.534519180285329,26.211771883787602],[92.545529386233838,26.213598677885027],[92.544890481705693,26.216610025035699],[92.547431298463025,26.217031592904338],[92.54807020299117,26.214020245753666],[92.554845714344097,26.215144426736696],[92.554047083683912,26.218908610675037],[92.555740961522147,26.219189655920793],[92.555581235390108,26.219942492708462],[92.558122052147453,26.220364060577101],[92.560358217995969,26.209824345549741],[92.565439851510661,26.210667481287015],[92.56591902990678,26.208408970924012],[92.566765968825891,26.20854949354689],[92.567564599486076,26.204785309608546],[92.569258477324311,26.205066354854303],[92.569418203456337,26.204313518066634],[92.570265142375447,26.204454040689512],[92.570424868507487,26.203701203901844],[92.57635344094129,26.204684862261995],[92.576033988677224,26.206190535837333],[92.57857480543457,26.206612103705972],[92.57841507930253,26.20736494049364],[92.580955896059876,26.207786508362275],[92.581115622191916,26.207033671574607],[92.582809500030152,26.207314716820367],[92.582969226162177,26.206561880032698],[92.584663104000398,26.206842925278455],[92.584822830132438,26.206090088490786],[92.590751402566255,26.207073746850938],[92.5913903070944,26.204062399700266],[92.598165818447313,26.205186580683296],[92.597367187787128,26.208950764621637],[92.599908004544474,26.209372332490275],[92.600546909072619,26.206360985339604],[92.604781603668201,26.207063598453995],[92.60542050819636,26.20405225130332],[92.601185813600779,26.203349638188929],[92.601824718128924,26.200338291038253],[92.594202267856886,26.199073587432341]]]}},
{"type":"Feature","properties":{"flooded":1,"Risk":"High","layer":"Flood_High","path":"C:\\Users\\Rudra\\Desktop\\flood_extent.geojson"},"geometry":{"type":"Polygon","coordinates":[[[91.093348592215463,25.971096706072416],[91.093188866083423,25.971849542860085],[91.088107232568731,25.971006407122815],[91.087308601908546,25.974770591061155],[91.086461662989436,25.974630068438273],[91.086142210725356,25.976135742013611],[91.084448332887121,25.975854696767854],[91.083969154491015,25.97811320713086],[91.085663032329251,25.978394252376617],[91.085343580065185,25.979899925951955],[91.087884396822531,25.980321493820593],[91.088203849086597,25.978815820245256],[91.091591604763053,25.979377910736769],[91.091911057027133,25.977872237161431],[91.093604934865368,25.978153282407192],[91.093764660997394,25.977400445619523],[91.095458538835615,25.97768149086528],[91.0962571694958,25.973917306926939],[91.097104108414925,25.974057829549817],[91.097583286811044,25.971799319186811],[91.093348592215463,25.971096706072416]]]}},
{"type":"Feature","properties":{"flooded":1,"Risk":"High","layer":"Flood_High","path":"C:\\Users\\Rudra\\Desktop\\flood_extent.geojson"},"geometry":{"type":"Polygon","coordinates":[[[92.169885869380209,26.128671753370025],[92.16956641711613,26.130177426945362],[92.165331722520548,26.129474813830967],[92.164533091860363,26.133238997769311],[92.160298397264796,26.132536384654919],[92.159819218868691,26.134794895017922],[92.15558452427311,26.134092281903527],[92.15670260719736,26.128822424389849],[92.154161790440014,26.12840085652121],[92.153043707515764,26.133670714034889],[92.148809012920196,26.132968100920497],[92.147690929995932,26.138237958434178],[92.145997052157696,26.137956913188418],[92.145358147629551,26.14096826033909],[92.141970391953095,26.140406169847576],[92.141650939689029,26.141911843422914],[92.140804000769904,26.141771320800036],[92.140324822373785,26.144029831163042],[92.150488089403169,26.145716102637586],[92.150008911007063,26.147974613000592],[92.155090544521755,26.148817748737866],[92.153972461597505,26.154087606251544],[92.157360217273961,26.154649696743061],[92.156881038877842,26.156908207106067],[92.157727977796966,26.157048729728945],[92.157568251664941,26.157801566516614],[92.158415190584051,26.157942089139492],[92.158255464452012,26.158694925927158],[92.160796281209358,26.159116493795796],[92.160956007341397,26.158363657008131],[92.161802946260508,26.158504179631009],[92.162122398524573,26.156998506055672],[92.162969337443698,26.15713902867855],[92.163608241971843,26.154127681527875],[92.160220486295373,26.153565591036358],[92.161178843087598,26.149048570310349],[92.164566598764068,26.149610660801866],[92.165844407820359,26.143587966500519],[92.171772980254161,26.144571624860667],[92.170175718933791,26.152099992737355],[92.173563474610248,26.152662083228872],[92.173723200742288,26.151909246441203],[92.178804834256979,26.152752382178477],[92.180561821709389,26.144471177514124],[92.178021004952043,26.144049609645485],[92.178340457216109,26.142543936070147],[92.175799640458763,26.142122368201512],[92.175320462062658,26.144380878564519],[92.170238828547966,26.143537742827245],[92.171197185340191,26.139020722101233],[92.173738002097537,26.139442289969868],[92.174057454361602,26.13793661639453],[92.178292148957183,26.138639229508925],[92.179090779617368,26.134875045570585],[92.178243840698244,26.134734522947706],[92.178563292962323,26.133228849372369],[92.177716354043213,26.13308832674949],[92.177876080175238,26.132335489961822],[92.177029141256128,26.13219496733894],[92.177188867388168,26.131442130551271],[92.172107233873476,26.130598994814001],[92.172426686137555,26.129093321238663],[92.169885869380209,26.128671753370025]],[[92.169087238720024,26.132435937308369],[92.174168872234716,26.133279073045642],[92.173370241574531,26.137043256983983],[92.171676363736296,26.136762211738226],[92.171516637604256,26.137515048525895],[92.165588065170454,26.136531390165743],[92.166386695830639,26.132767206227403],[92.168927512587985,26.133188774096038],[92.169087238720024,26.132435937308369]],[[92.160186979391696,26.137193928003807],[92.165268612906388,26.138037063741081],[92.163671351586018,26.145565431617765],[92.157742779152215,26.144581773257613],[92.158062231416281,26.143076099682276],[92.157215292497156,26.142935577059394],[92.157375018629196,26.142182740271728],[92.15483420187185,26.141761172403093],[92.155632832532035,26.137996988464749],[92.159867527127616,26.138699601579145],[92.160186979391696,26.137193928003807]]]}},
{"type":"Feature","properties":{"flooded":1,"Risk":"High","layer":"Flood_High","path":"C:\\Users\\Rudra\\Desktop\\flood_extent.geojson"},"geometry":{"type":"Polygon","coordinates":[[[92.004896410477997,26.141822581096193],[92.004576958213931,26.14332825467153],[92.002036141456585,26.142906686802892],[92.00139723692844,26.145918033953567],[92.002244175847551,26.146058556576449],[92.002084449715511,26.146811393364118],[92.006319144311092,26.147514006478509],[92.005201061386828,26.152783863992187],[92.006048000305938,26.152924386615069],[92.005728548041873,26.154430060190407],[92.006575486960983,26.154570582813285],[92.006415760828943,26.155323419600954],[92.008109638667179,26.155604464846711],[92.007311008006994,26.159368648785051],[92.005617130168758,26.159087603539295],[92.004978225640613,26.16209895068997],[91.999896592125921,26.161255814952696],[92.000056318257961,26.160502978165027],[91.999209379338851,26.160362455542149],[92.000327462263101,26.155092598028471],[92.001174401182212,26.155233120651349],[92.001653579578331,26.152974610288343],[91.99995970174011,26.152693565042583],[92.000119427872136,26.151940728254914],[91.995884733276554,26.151238115140522],[91.994766650352304,26.1565079726542],[91.989685016837612,26.155664836916927],[91.989046112309467,26.158676184067602],[91.989893051228592,26.15881670669048],[91.989573598964512,26.160322380265818],[91.990420537883622,26.160462902888696],[91.989621907223437,26.164227086827037],[91.987928029385202,26.16394604158128],[91.986650220328912,26.16996873588263],[91.985803281409801,26.169828213259752],[91.985004650749616,26.173592397198092],[91.990086284264308,26.174435532935366],[91.989926558132268,26.175188369723035],[91.991620435970489,26.175469414968791],[91.991300983706424,26.176975088544129],[91.994688739382894,26.177537179035642],[91.996286000703265,26.170008811158958],[91.99543906178414,26.16986828853608],[91.996237692444325,26.166104104597736],[92.003013203797252,26.167228285580769],[92.002054847005027,26.171745306306782],[92.006289541600609,26.172447919421174],[92.006768719996714,26.170189409058167],[92.005921781077589,26.170048886435289],[92.006081507209629,26.16929604964762],[92.005234568290518,26.169155527024742],[92.006352651214769,26.163885669511064],[92.008893467972115,26.164307237379699],[92.009053194104155,26.16355440059203],[92.01074707194239,26.16383544583779],[92.011385976470535,26.160824098687115],[92.012232915389646,26.160964621309994],[92.013830176710016,26.153436253433309],[92.01128935995267,26.153014685564671],[92.01160881221675,26.151509011989333],[92.009914934378514,26.151227966743576],[92.010713565038699,26.147463782805236],[92.008172748281353,26.147042214936601],[92.008492200545419,26.145536541361263],[92.006798322707198,26.145255496115503],[92.007437227235343,26.142244148964828],[92.004896410477997,26.141822581096193]]]}},
{"type":"Feature","properties":{"flooded":1,"Risk":"High","layer":"Flood_High","path":"C:\\Users\\Rudra\\Desktop\\flood_extent.geojson"},"geometry":{"type":"Polygon","coordinates":[[[91.621363203540398,26.102346909087057],[91.620884025144292,26.104605419450063],[91.621730964063403,26.104745942072942],[91.621571237931363,26.105498778860611],[91.622418176850474,26.105639301483489],[91.622258450718434,26.106392138271158],[91.626493145314015,26.107094751385553],[91.626333419181975,26.107847588173222],[91.627180358101086,26.1079881107961],[91.62702063196906,26.108740947583769],[91.627867570888185,26.108881470206647],[91.627707844756145,26.109634306994316],[91.635330295028183,26.110899010600228],[91.633892759839853,26.117674541689244],[91.632198882001617,26.117393496443484],[91.631559977473472,26.120404843594155],[91.630713038554362,26.120264320971277],[91.630074134026216,26.123275668121952],[91.631768011864438,26.123556713367712],[91.631448559600358,26.12506238694305],[91.633989376357704,26.125483954811685],[91.633190745697519,26.129248138750025],[91.634037684616629,26.129388661372904],[91.633718232352564,26.130894334948241],[91.637952926948145,26.131596948062636],[91.638272379212211,26.130091274487299],[91.639119318131321,26.130231797110177],[91.639917948791506,26.126467613171837],[91.641611826629742,26.126748658417593],[91.641771552761782,26.125995821629925],[91.646853186276473,26.126838957367198],[91.646533734012394,26.128344630942536],[91.648227611850629,26.128625676188296],[91.647269255058418,26.133142696914305],[91.648116193977529,26.133283219537184],[91.647956467845489,26.134036056324852],[91.650497284602835,26.134457624193487],[91.650657010734875,26.133704787405819],[91.652350888573096,26.133985832651575],[91.652510614705122,26.133232995863906],[91.658439187138939,26.134216654224062],[91.658279461006913,26.134969491011731],[91.667595789117172,26.136515239863396],[91.667755515249198,26.135762403075727],[91.669449393087433,26.136043448321487],[91.669928571483553,26.133784937958481],[91.669081632564442,26.133644415335603],[91.669880263224627,26.129880231397259],[91.672421079981973,26.130301799265897],[91.672900258378078,26.128043288902891],[91.676288014054535,26.128605379394404],[91.67676719245064,26.126346869031401],[91.673379436774184,26.125784778539888],[91.674337793566409,26.121267757813875],[91.665868404375246,26.119862531585085],[91.665548952111166,26.121368205160422],[91.66300813535382,26.120946637291787],[91.662848409221795,26.121699474079456],[91.661154531383573,26.121418428833699],[91.660675352987454,26.123676939196706],[91.658134536230108,26.123255371328067],[91.657974810098082,26.124008208115733],[91.655433993340736,26.123586640247098],[91.655274267208696,26.124339477034766],[91.654427328289572,26.124198954411884],[91.654107876025492,26.125704627987222],[91.652413998187271,26.125423582741465],[91.652094545923205,26.126929256316803],[91.646165973489403,26.125945597956651],[91.646964604149588,26.122181414018307],[91.647811543068698,26.122321936641185],[91.648929625992949,26.117052079127507],[91.654858198426751,26.118035737487659],[91.655656829086936,26.114271553549319],[91.659891523682518,26.114974166663714],[91.660370702078623,26.112715656300708],[91.65105437396835,26.111169907449039],[91.650096017176139,26.115686928175048],[91.645014383661447,26.114843792437775],[91.645174109793473,26.114090955650106],[91.642633293036127,26.113669387781471],[91.642793019168167,26.112916550993805],[91.640252202410821,26.11249498312517],[91.640092476278781,26.113247819912836],[91.635857781683214,26.11254520679844],[91.637135590739518,26.106522512497094],[91.632900896143937,26.105819899382698],[91.632741170011897,26.106572736170367],[91.62850647541633,26.105870123055972],[91.62866620154837,26.105117286268303],[91.627819262629245,26.104976763645425],[91.627978988761271,26.104223926857756],[91.625438172003925,26.103802358989121],[91.625597898135965,26.103049522201452],[91.621363203540398,26.102346909087057]],[[91.662736991348694,26.126357017428344],[91.666971685944262,26.127059630542739],[91.666811959812222,26.127812467330408],[91.667658898731347,26.127952989953286],[91.667499172599307,26.128705826740955],[91.668346111518417,26.128846349363833],[91.667547480858246,26.132610533302177],[91.665853603020011,26.132329488056421],[91.665693876887971,26.133082324844089],[91.656377548777712,26.131536575992421],[91.657176179437897,26.127772392054077],[91.662257812952589,26.12861552779135],[91.662736991348694,26.126357017428344]]]}},
{"type":"Feature","properties":{"flooded":1,"Risk":"High","layer":"Flood_High","path":"C:\\Users\\Rudra\\Desktop\\flood_extent.geojson"},"geometry":{"type":"Polygon","coordinates":[[[91.590108278695766,26.117423941634314],[91.589788826431686,26.118929615209652],[91.588941887512561,26.118789092586773],[91.588302982984416,26.121800439737445],[91.594231555418219,26.122784098097597],[91.593432924758034,26.126548282035941],[91.590045169081577,26.125986191544424],[91.589406264553432,26.128997538695096],[91.582630753200519,26.127873357712065],[91.582151574804413,26.130131868075072],[91.584692391561759,26.13055343594371],[91.58437293929768,26.132059109519048],[91.587760694974136,26.132621200010561],[91.588080147238216,26.131115526435224],[91.594008719672019,26.132099184795376],[91.594328171936084,26.130593511220038],[91.601103683289011,26.131717692203068],[91.601582861685131,26.129459181840065],[91.599042044927785,26.12903761397143],[91.59936149719185,26.127531940396093],[91.59597374151538,26.126969849904576],[91.596932098307605,26.122452829178563],[91.595238220469383,26.122171783932806],[91.595877124997529,26.119160436782135],[91.592489369321058,26.118598346290621],[91.592649095453098,26.117845509502953],[91.590108278695766,26.117423941634314]]]}},
{"type":"Feature","properties":{"flooded":1,"Risk":"High","layer":"Flood_High","path":"C:\\Users\\Rudra\\Desktop\\flood_extent.geojson"},"geometry":{"type":"Polygon","coordinates":[[[92.283833068613674,26.252788339365885],[92.28271498568941,26.258058196879567],[92.281021107851174,26.25777715163381],[92.280701655587109,26.259282825209148],[92.274773083153306,26.258299166848992],[92.274932809285332,26.257546330061327],[92.272391992527986,26.257124762192692],[92.271912814131881,26.259383272555695],[92.269371997374535,26.258961704687056],[92.268892818978429,26.261220215050063],[92.271433635735775,26.261641782918701],[92.271753087999841,26.260136109343364],[92.277681660433643,26.261119767703516],[92.276883029773458,26.26488395164186],[92.276036090854348,26.264743429018981],[92.275397186326202,26.267754776169653],[92.276244125245313,26.267895298792531],[92.276084399113287,26.2686481355802],[92.278625215870633,26.269069703448835],[92.279583572662844,26.264552682722826],[92.284665206177536,26.2653958184601],[92.284984658441616,26.263890144884762],[92.28583159736074,26.26403066750764],[92.286789954152951,26.259513646781631],[92.290177709829408,26.260075737273148],[92.290656888225527,26.257817226910142],[92.285575254710835,26.256974091172868],[92.28637388537102,26.253209907234524],[92.283833068613674,26.252788339365885]]]}},
{"type":"Feature","properties":{"flooded":1,"Risk":"High","layer":"Flood_High","path":"C:\\Users\\Rudra\\Desktop\\flood_extent.geojson"},"geometry":{"type":"Polygon","coordinates":[[[92.158352080969877,26.166504339049602],[92.157713176441732,26.169515686200274],[92.15347848184615,26.168813073085882],[92.153957660242256,26.166554562722876],[92.15141684348491,26.166132994854237],[92.151097391220844,26.167638668429575],[92.150250452301734,26.167498145806697],[92.150090726169694,26.168250982594365],[92.149243787250569,26.168110459971487],[92.148924334986489,26.169616133546825],[92.145536579310033,26.169054043055308],[92.145376853178007,26.169806879842977],[92.144529914258896,26.169666357220098],[92.144050735862777,26.171924867583105],[92.143203796943666,26.171784344960226],[92.142245440151456,26.176301365686236],[92.141398501232331,26.176160843063357],[92.140919322836211,26.178419353426364],[92.143460139593557,26.178840921294999],[92.142501782801347,26.183357942021008],[92.143348721720457,26.183498464643886],[92.142070912664153,26.189521158945233],[92.143764790502388,26.189802204190993],[92.142966159842203,26.193566388129337],[92.139578404165746,26.19300429763782],[92.139418678033721,26.193757134425489],[92.13857173911461,26.193616611802611],[92.138092560718491,26.195875122165614],[92.137245621799366,26.195734599542735],[92.1369261695353,26.197240273118073],[92.130150658182387,26.196116092135043],[92.130789562710532,26.193104744984371],[92.129942623791408,26.192964222361493],[92.130421802187513,26.190705711998486],[92.129574863268402,26.190565189375604],[92.130373493928587,26.18680100543726],[92.131220432847698,26.186941528060142],[92.131859337375843,26.183930180909471],[92.130165459537622,26.18364913566371],[92.130325185669662,26.182896298876042],[92.129478246750537,26.182755776253163],[92.129637972882577,26.182002939465495],[92.128791033963466,26.181862416842616],[92.129110486227532,26.180356743267279],[92.124875791631951,26.179654130152883],[92.12503551776399,26.178901293365215],[92.12418857884488,26.178760770742336],[92.12434830497692,26.178007933954667],[92.118419732543117,26.177024275594516],[92.118739184807183,26.175518602019181],[92.116198368049837,26.175097034150543],[92.115878915785771,26.176602707725877],[92.114185037947536,26.17632166248012],[92.114025311815496,26.177074499267789],[92.108943678300804,26.176231363530515],[92.108624226036738,26.177737037105853],[92.104389531441171,26.177034423991458],[92.104708983705237,26.17552875041612],[92.102168166947891,26.175107182547485],[92.101848714683825,26.176612856122823],[92.098460959007369,26.176050765631306],[92.098141506743289,26.177556439206644],[92.094753751066818,26.17699434871513],[92.094274572670713,26.179252859078137],[92.098509267266294,26.179955472192532],[92.097870362738149,26.182966819343203],[92.102105057333716,26.183669432457595],[92.100667522145386,26.190444963546611],[92.099820583226276,26.190304440923732],[92.09902195256609,26.194068624862076],[92.093940319051399,26.193225489124803],[92.094100045183424,26.192472652337134],[92.093253106264314,26.192332129714256],[92.094051736924499,26.188567945775912],[92.093204798005388,26.188427423153033],[92.093364524137428,26.187674586365368],[92.090823707380082,26.187253018496733],[92.090184802851937,26.190264365647405],[92.088490925013701,26.189983320401645],[92.087692294353516,26.193747504339989],[92.086845355434406,26.19360698171711],[92.086685629302366,26.194359818504779],[92.085838690383241,26.194219295881901],[92.085678964251215,26.194972132669566],[92.084832025332105,26.194831610046688],[92.084512573068025,26.196337283622025],[92.083665634148915,26.196196760999147],[92.083346181884835,26.197702434574484],[92.08249924296571,26.197561911951603],[92.082339516833684,26.198314748739271],[92.078951761157228,26.197752658247758],[92.078792035025188,26.198505495035427],[92.074557340429607,26.197802881921032],[92.075675423353857,26.192533024407354],[92.073134606596525,26.192111456538719],[92.072176249804315,26.196628477264728],[92.07132931088519,26.196487954641846],[92.07116958475315,26.197240791429515],[92.064394073400237,26.196116610446484],[92.063914895004132,26.198375120809491],[92.065608772842353,26.198656166055251],[92.063372606993838,26.209195881082607],[92.05913791239827,26.208493267968212],[92.058818460134191,26.209998941543549],[92.057971521215066,26.209858418920671],[92.057652068951001,26.211364092496009],[92.05680513003189,26.21122356987313],[92.056166225503731,26.214234917023802],[92.061247859018422,26.215078052761072],[92.060768680622317,26.217336563124078],[92.061615619541428,26.21747708574696],[92.060816988881243,26.221241269685304],[92.065898622395935,26.222084405422574],[92.065738896263895,26.222837242210243],[92.069126651940351,26.22339933270176],[92.068966925808326,26.224152169489429],[92.072354681484796,26.224714259980942],[92.072035229220717,26.22621993355628],[92.074576045978063,26.226641501424915],[92.074096867581957,26.228900011787921],[92.076637684339303,26.22932157965656],[92.077276588867448,26.226310232505885],[92.079817405624794,26.22673180037452],[92.08013685788886,26.225226126799186],[92.082677674646206,26.225647694667824],[92.082837400778246,26.224894857880155],[92.087919034292938,26.225737993617425],[92.088398212689057,26.223479483254419],[92.083316579174365,26.222636347517149],[92.084115209834536,26.218872163578805],[92.084962148753647,26.219012686201683],[92.085121874885687,26.218259849414018],[92.085968813804797,26.218400372036896],[92.086288266068877,26.216894698461559],[92.087135204988002,26.217035221084437],[92.087294931120041,26.216282384296768],[92.088141870039152,26.216422906919647],[92.088301596171178,26.215670070131978],[92.09338322968587,26.216513205869251],[92.092584599025685,26.220277389807592],[92.094278476863906,26.220558435053348],[92.092840941675576,26.227333966142368],[92.088606247080008,26.226631353027976],[92.087647890287798,26.231148373753985],[92.091035645964254,26.231710464245499],[92.089598110775924,26.238485995334514],[92.09213892753327,26.238907563203153],[92.093097284325481,26.234390542477144],[92.093944223244591,26.234531065100022],[92.094103949376631,26.233778228312353],[92.099185582891323,26.234621364049627],[92.098866130627258,26.236127037624964],[92.101406947384604,26.236548605493599],[92.101566673516629,26.23579576870593],[92.103260551354865,26.236076813951687],[92.103420277486904,26.235323977164018],[92.114430483435399,26.237150771261444],[92.115069387963544,26.234139424110769],[92.11761020472089,26.234560991979407],[92.11808938311701,26.232302481616401],[92.113854688521428,26.231599868502009],[92.114813045313639,26.227082847775996],[92.122435495585677,26.228347551381908],[92.123074400113822,26.225336204231233],[92.133237667143206,26.227022475705777],[92.133876571671365,26.224011128555105],[92.128794938156673,26.223167992817832],[92.129593568816844,26.219403808879488],[92.135522141250647,26.22038746723964],[92.136001319646766,26.218128956876637],[92.136848258565891,26.218269479499519],[92.137007984697931,26.21751664271185],[92.141242679293498,26.218219255826241],[92.140444048633313,26.221983439764582],[92.141290987552438,26.222123962387464],[92.141131261420398,26.222876799175133],[92.143672078177744,26.223298367043768],[92.144310982705889,26.220287019893096],[92.148545677301456,26.220989633007491],[92.148865129565536,26.219483959432154],[92.153099824161117,26.220186572546549],[92.152141467368892,26.224703593272558],[92.155529223045349,26.225265683764071],[92.156168127573494,26.2222543366134],[92.157015066492605,26.222394859236278],[92.157174792624645,26.221642022448609],[92.158021731543769,26.221782545071488],[92.158181457675809,26.221029708283819],[92.163263091190501,26.221872844021092],[92.163901995718646,26.218861496870417],[92.164748934637757,26.219002019493299],[92.165228113033862,26.216743509130293],[92.167768929791208,26.217165076998928],[92.168088382055288,26.215659403423594],[92.169782259893523,26.21594044866935],[92.170740616685734,26.211423427943338],[92.177516128038647,26.212547608926368],[92.177995306434767,26.210289098563361],[92.189852451302386,26.212256415283669],[92.190171903566451,26.210750741708335],[92.191865781404672,26.211031786954091],[92.192185233668752,26.209526113378754],[92.193879111506988,26.20980715862451],[92.194038837639013,26.209054321836842],[92.200814348991926,26.210178502819872],[92.201772705784151,26.205661482093863],[92.202619644703276,26.205802004716745],[92.202779370835316,26.205049167929076],[92.204473248673537,26.205330213174832],[92.205910783861867,26.198554682085813],[92.205063844942757,26.198414159462935],[92.205862475602942,26.194649975524595],[92.207556353441177,26.194931020770351],[92.208035531837282,26.192672510407345],[92.206341653999047,26.192391465161588],[92.206501380131087,26.191638628373919],[92.205654441211976,26.191498105751041],[92.205973893476042,26.189992432175707],[92.205126954556917,26.189851909552825],[92.205286680688957,26.189099072765156],[92.20105198609339,26.188396459650765],[92.201531164489509,26.186137949287758],[92.196449530974817,26.185294813550485],[92.196289804842777,26.186047650338153],[92.194595927004542,26.185766605092393],[92.194116748608423,26.1880251154554],[92.18818817617462,26.187041457095248],[92.188827080702779,26.184030109944572],[92.186286263945433,26.183608542075937],[92.187084894605604,26.179844358137593],[92.186237955686494,26.179703835514715],[92.187036586346679,26.175939651576375],[92.187883525265789,26.176080174199253],[92.188043251397829,26.175327337411584],[92.18889019031694,26.175467860034463],[92.189369368713045,26.173209349671456],[92.185981613036589,26.172647259179939],[92.185662160772523,26.174152932755277],[92.183121344015177,26.173731364886642],[92.182801891751097,26.175237038461979],[92.176873319317295,26.174253380101828],[92.17767194997748,26.170489196163484],[92.171743377543677,26.169505537803332],[92.170785020751467,26.174022558529344],[92.159774814802972,26.172195764431919],[92.160892897727223,26.166925906918237],[92.158352080969877,26.166504339049602]],[[92.168452238385072,26.176752860434259],[92.172686932980653,26.177455473548651],[92.172527206848628,26.17820831033632],[92.175914962525084,26.178770400827837],[92.175755236393044,26.179523237615506],[92.17744911423128,26.179804282861262],[92.176490757439055,26.184321303587275],[92.170562185005238,26.183337645227123],[92.171041363401358,26.181079134864117],[92.167653607724901,26.180517044372603],[92.168452238385072,26.176752860434259]],[[92.159280835051618,26.186921231266254],[92.163515529647185,26.187623844380649],[92.163355803515145,26.188376681168318],[92.164202742434256,26.188517203791196],[92.163244385642031,26.193034224517206],[92.16239744672292,26.192893701894327],[92.162237720590895,26.193646538681996],[92.157156087076203,26.192803402944723],[92.158114443868413,26.188286382218713],[92.158961382787538,26.188426904841592],[92.159280835051618,26.186921231266254]],[[92.184689002625063,26.191136909952622],[92.189770636139755,26.191980045689895],[92.188492827083465,26.198002739991242],[92.183411193568773,26.197159604253969],[92.182772289040614,26.200170951404644],[92.175996777687701,26.199046770421614],[92.176795408347886,26.19528258648327],[92.183570919700799,26.1964067674663],[92.184689002625063,26.191136909952622]],[[92.166264380795496,26.191197282022841],[92.174733769986659,26.192602508251628],[92.173296234798329,26.199378039340644],[92.168214601283637,26.19853490360337],[92.168693779679742,26.196276393240364],[92.165306024003272,26.195714302748851],[92.166264380795496,26.191197282022841]],[[92.194213365126302,26.195834528577844],[92.198448059721883,26.196537141692239],[92.197649429061698,26.20030132563058],[92.193414734466117,26.199598712516185],[92.194213365126302,26.195834528577844]],[[92.165194606130171,26.200371846097738],[92.171970117483085,26.201496027080768],[92.170532582294754,26.208271558169788],[92.167144826618298,26.207709467678274],[92.166505922090153,26.210720814828946],[92.164812044251917,26.210439769583186],[92.164013413591732,26.21420395352153],[92.162319535753511,26.213922908275773],[92.162000083489446,26.215428581851107],[92.16030620565121,26.21514753660535],[92.159827027255091,26.217406046968357],[92.156439271578634,26.21684395647684],[92.156279545446608,26.217596793264509],[92.152044850851027,26.216894180150113],[92.153003207643238,26.212377159424104],[92.148768513047671,26.211674546309709],[92.150046322103975,26.205651852008359],[92.152587138861321,26.206073419876997],[92.153226043389466,26.203062072726325],[92.154072982308577,26.203202595349204],[92.154232708440603,26.202449758561535],[92.157620464117059,26.203011849053052],[92.158099642513179,26.200753338690046],[92.16233433710876,26.201455951804437],[92.16217461097672,26.202208788592106],[92.164715427734066,26.202630356460745],[92.165194606130171,26.200371846097738]],[[92.114363469628017,26.204407445196338],[92.118598164223599,26.205110058310733],[92.118118985827493,26.20736856867374],[92.124047558261296,26.208352227033892],[92.123248927601111,26.212116410972232],[92.12155504976289,26.211835365726476],[92.120596692970665,26.216352386452488],[92.116361998375083,26.215649773338093],[92.116202272243044,26.216402610125758],[92.115355333323933,26.21626208750288],[92.114876154927828,26.218520597865886],[92.111488399251357,26.21795850737437],[92.110689768591172,26.221722691312713],[92.106455073995605,26.221020078198318],[92.10741343078783,26.216503057472305],[92.110801186464286,26.217065147963822],[92.111759543256497,26.212548127237813],[92.112606482175607,26.212688649860691],[92.114363469628017,26.204407445196338]],[[92.070530680225005,26.20025213858019],[92.074765374820586,26.200954751694582],[92.073966744160401,26.204718935632926],[92.06973204956482,26.20401632251853],[92.070530680225005,26.20025213858019]],[[92.098624589332601,26.216603504818856],[92.102859283928169,26.217306117933251],[92.102060653267984,26.221070301871595],[92.097825958672416,26.2203676887572],[92.098624589332601,26.216603504818856]]]}},
{"type":"Feature","properties":{"flooded":1,"Risk":"High","layer":"Flood_High","path":"C:\\Users\\Rudra\\Desktop\\flood_extent.geojson"},"geometry":{"type":"Polygon","coordinates":[[[92.579719402293691,26.312792017646611],[92.578601319369426,26.318061875160289],[92.575213563692955,26.317499784668772],[92.57457465916481,26.320511131819448],[92.571186903488353,26.319949041327934],[92.570707725092248,26.322207551690941],[92.571554664011359,26.322348074313819],[92.571235211747279,26.323853747889153],[92.581398478776663,26.3255400193637],[92.581238752644637,26.326292856151369],[92.583779569401983,26.326714424020004],[92.584418473930128,26.323703076869332],[92.583571535011018,26.323562554246454],[92.583731261143043,26.322809717458785],[92.580343505466587,26.322247626967268],[92.582260219051037,26.313213585515246],[92.579719402293691,26.312792017646611]]]}},
{"type":"Feature","properties":{"flooded":1,"Risk":"High","layer":"Flood_High","path":"C:\\Users\\Rudra\\Desktop\\flood_extent.geojson"},"geometry":{"type":"Polygon","coordinates":[[[92.256604803973644,26.265416115253984],[92.25548672104938,26.270685972767666],[92.252945904292034,26.270264404899031],[92.252786178159994,26.271017241686696],[92.248551483564427,26.270314628572301],[92.248711209696467,26.269561791784636],[92.245323454019996,26.268999701293119],[92.244205371095745,26.274269558806797],[92.245899248933981,26.274550604052557],[92.245420070537861,26.276809114415563],[92.247960887295207,26.277230682284198],[92.248280339559287,26.275725008708861],[92.250821156316633,26.276146576577499],[92.250980882448673,26.275393739789831],[92.252674760286894,26.275674785035587],[92.252834486418919,26.274921948247918],[92.253681425338044,26.275062470870797],[92.253841151470084,26.274309634083128],[92.255535029308305,26.274590679328885],[92.255854481572385,26.273085005753547],[92.25754835941062,26.273366050999307],[92.25914562073099,26.265837683122623],[92.256604803973644,26.265416115253984]]]}},
{"type":"Feature","properties":{"flooded":1,"Risk":"High","layer":"Flood_High","path":"C:\\Users\\Rudra\\Desktop\\flood_extent.geojson"},"geometry":{"type":"Polygon","coordinates":[[[92.648273146483078,26.32026964353858],[92.647953694218998,26.321775317113914],[92.645412877461652,26.321353749245279],[92.645093425197587,26.322859422820617],[92.640011791682895,26.322016287083343],[92.639532613286775,26.32427479744635],[92.645461185720592,26.325258455806502],[92.644982007324487,26.327516966169505],[92.645828946243597,26.327657488792383],[92.644870589451372,26.332174509518396],[92.647411406208718,26.332596077387031],[92.646133597152428,26.338618771688378],[92.645286658233317,26.338478249065499],[92.644807479837212,26.340736759428506],[92.649042174432779,26.341439372542901],[92.648403269904634,26.344450719693572],[92.65094408666198,26.344872287562211],[92.651582991190125,26.341860940411539],[92.655817685785706,26.342563553525931],[92.656616316445891,26.338799369587587],[92.654075499688545,26.338377801718952],[92.654394951952611,26.336872128143618],[92.652701074114376,26.336591082897861],[92.6536594309066,26.332074062171849],[92.657894125502182,26.33277667528624],[92.658373303898287,26.330518164923234],[92.657526364979162,26.330377642300355],[92.658165269507307,26.327366295149684],[92.655624452749962,26.326944727281049],[92.655943905014041,26.325439053705711],[92.650862271499363,26.324595917968438],[92.651660902159549,26.320831734030094],[92.648273146483078,26.32026964353858]],[[92.647842276345898,26.326432860462806],[92.652076970941465,26.327135473577201],[92.651278340281294,26.330899657515541],[92.647043645685727,26.330197044401146],[92.647842276345898,26.326432860462806]]]}},
{"type":"Feature","properties":{"flooded":1,"Risk":"High","layer":"Flood_High","path":"C:\\Users\\Rudra\\Desktop\\flood_extent.geojson"},"geometry":{"type":"Polygon","coordinates":[[[92.283067944857166,26.272924186336784],[92.281790135800875,26.278946880638131],[92.283484013639111,26.279227925883887],[92.281886752318741,26.286756293760572],[92.283580630156976,26.287037339006332],[92.283261177892911,26.28854301258167],[92.287495872488478,26.289245625696061],[92.287176420224398,26.290751299271399],[92.289717236981744,26.291172867140038],[92.290196415377864,26.288914356777031],[92.291890293216099,26.289195402022788],[92.292209745480164,26.28768972844745],[92.293903623318386,26.287970773693207],[92.294382801714505,26.2857122633302],[92.290148107118938,26.285009650215809],[92.290467559383004,26.283503976640475],[92.287926742625658,26.283082408771836],[92.288725373285843,26.279318224833492],[92.291266190043189,26.279739792702131],[92.291425916175228,26.278986955914462],[92.292272855094339,26.27912747853734],[92.292432581226379,26.278374641749672],[92.293279520145504,26.27851516437255],[92.293918424673649,26.275503817221878],[92.286295974401611,26.27423911361597],[92.286455700533637,26.273486276828301],[92.283067944857166,26.272924186336784]]]}},
{"type":"Feature","properties":{"flooded":1,"Risk":"High","layer":"Flood_High","path":"C:\\Users\\Rudra\\Desktop\\flood_extent.geojson"},"geometry":{"type":"Polygon","coordinates":[[[91.922847760228109,26.21861245174982],[91.922208855699964,26.221623798900495],[91.918821100023493,26.221061708408978],[91.918341921627388,26.223320218771981],[91.919188860546512,26.223460741394859],[91.919029134414473,26.224213578182528],[91.922416890090929,26.224775668674045],[91.922097437826849,26.226281342249383],[91.923791315665085,26.226562387495139],[91.92315241113694,26.229573734645815],[91.929080983570742,26.230557393005967],[91.928921257438702,26.231310229793635],[91.933155952034284,26.232012842908031],[91.933315678166323,26.231260006120362],[91.934162617085434,26.23140052874324],[91.934801521613579,26.228389181592565],[91.933107643775344,26.228108136346808],[91.933267369907384,26.227355299559139],[91.931573492069163,26.227074254313379],[91.931733218201202,26.22632141752571],[91.930886279282078,26.226180894902832],[91.931365457678183,26.223922384539829],[91.92543688524438,26.222938726179677],[91.925916063640486,26.220680215816671],[91.925069124721375,26.220539693193793],[91.925388576985455,26.219034019618455],[91.922847760228109,26.21861245174982]]]}},
{"type":"Feature","properties":{"flooded":1,"Risk":"High","layer":"Flood_High","path":"C:\\Users\\Rudra\\Desktop\\flood_extent.geojson"},"geometry":{"type":"Polygon","coordinates":[[[91.863242583625961,26.210281541723635],[91.862923131361896,26.211787215298973],[91.853606803251637,26.210241466447304],[91.852648446459412,26.214758487173313],[91.850954568621177,26.214477441927556],[91.850475390225071,26.216735952290563],[91.851322329144182,26.216876474913441],[91.851002876880102,26.218382148488779],[91.853543693637448,26.218803716357417],[91.854342324297633,26.215039532419073],[91.858577018893214,26.215742145533465],[91.858097840497109,26.218000655896471],[91.860638657254455,26.21842222376511],[91.860798383386495,26.217669386977441],[91.861645322305606,26.217809909600319],[91.862763405229856,26.212540052086641],[91.865304221987202,26.212961619955276],[91.865783400383307,26.21070310959227],[91.863242583625961,26.210281541723635]]]}},
{"type":"Feature","properties":{"flooded":1,"Risk":"High","layer":"Flood_High","path":"C:\\Users\\Rudra\\Desktop\\flood_extent.geojson"},"geometry":{"type":"Polygon","coordinates":[[[92.691630661683192,26.367989036492947],[92.691470935551152,26.368741873280616],[92.685542363117349,26.367758214920464],[92.685382636985324,26.368511051708133],[92.684535698066199,26.368370529085254],[92.684056519670079,26.370629039448261],[92.689985092103882,26.371612697808413],[92.689026735311671,26.376129718534422],[92.691567552069017,26.37655128640306],[92.691887004333083,26.375045612827726],[92.696968637847775,26.375888748565],[92.696808911715735,26.376641585352665],[92.699349728473081,26.3770631532213],[92.69998863300124,26.374051806070629],[92.696600877324784,26.373489715579112],[92.696760603456809,26.372736878791443],[92.695913664537699,26.372596356168565],[92.696233116801778,26.371090682593227],[92.693692300044432,26.370669114724592],[92.694171478440538,26.368410604361586],[92.691630661683192,26.367989036492947]]]}},
{"type":"Feature","properties":{"flooded":1,"Risk":"High","layer":"Flood_High","path":"C:\\Users\\Rudra\\Desktop\\flood_extent.geojson"},"geometry":{"type":"Polygon","coordinates":[[[91.52197060328831,26.116250055289452],[91.521331698760164,26.119261402440124],[91.518790882002818,26.118839834571489],[91.518471429738739,26.120345508146826],[91.517624490819614,26.120204985523948],[91.516985586291469,26.123216332674623],[91.516138647372358,26.123075810051741],[91.515819195108278,26.124581483627075],[91.511584500512697,26.123878870512684],[91.511903952776777,26.12237319693735],[91.50851619710032,26.121811106445833],[91.508995375496426,26.119552596082826],[91.505607619819969,26.118990505591309],[91.505128441423864,26.121249015954316],[91.502587624666518,26.120827448085681],[91.502108446270412,26.123085958448684],[91.508883957623326,26.124210139431714],[91.508724231491286,26.124962976219383],[91.510418109329521,26.125244021465143],[91.510258383197481,26.125996858252812],[91.511952261035717,26.126277903498568],[91.510993904243492,26.130794924224581],[91.498289820456762,26.128687084881399],[91.498768998852881,26.126428574518393],[91.497922059933771,26.126288051895511],[91.498241512197836,26.124782378320173],[91.497394573278712,26.124641855697295],[91.497714025542791,26.123136182121957],[91.495173208785445,26.122714614253322],[91.495013482653405,26.123467451040991],[91.488237971300492,26.122343270057961],[91.488717149696598,26.120084759694954],[91.486176332939252,26.119663191826316],[91.486016606807226,26.120416028613985],[91.485169667888101,26.120275505991106],[91.484690489491982,26.122534016354113],[91.475374161381723,26.120988267502444],[91.474894982985617,26.12324677786545],[91.473201105147382,26.122965732619694],[91.473041379015342,26.123718569407362],[91.471347501177121,26.123437524161606],[91.471187775045081,26.124190360949274],[91.46780001936861,26.123628270457758],[91.467001388708439,26.127392454396098],[91.461919755193748,26.126549318658824],[91.461600302929668,26.128054992234162],[91.459906425091447,26.127773946988405],[91.459586972827367,26.129279620563743],[91.458740033908242,26.129139097940865],[91.457941403248071,26.132903281879205],[91.461329158924542,26.133465372370718],[91.460530528264357,26.137229556309062],[91.456295833668776,26.136526943194671],[91.457094464328961,26.132762759256327],[91.453706708652504,26.13220066876481],[91.45418588704861,26.129942158401803],[91.451645070291264,26.129520590533168],[91.450846439631079,26.133284774471509],[91.447458683954622,26.132722683979996],[91.447139231690542,26.134228357555333],[91.445445353852307,26.133947312309576],[91.445125901588241,26.135452985884914],[91.444278962669131,26.135312463262032],[91.444119236537091,26.136065300049701],[91.443272297617966,26.135924777426823],[91.442952845353901,26.137430451002157],[91.44210590643479,26.137289928379278],[91.441467001906631,26.140301275529954],[91.437232307311049,26.139598662415558],[91.437072581179024,26.140351499203227],[91.436225642259913,26.140210976580349],[91.436065916127873,26.140963813368018],[91.434372038289638,26.140682768122261],[91.433573407629453,26.144446952060601],[91.436114224386799,26.144868519929236],[91.436433676650879,26.143362846353899],[91.44151531016557,26.144205982091172],[91.441355584033531,26.144958818878841],[91.442202522952655,26.145099341501719],[91.442042796820616,26.145852178289388],[91.446277491416183,26.146554791403783],[91.444360777831747,26.155588832855805],[91.44012608323618,26.15488621974141],[91.440924713896365,26.15112203580307],[91.438383897139019,26.150700467934435],[91.438224171006979,26.151453304722104],[91.436530293168744,26.151172259476347],[91.434933031848374,26.158700627353031],[91.425616703738115,26.157154878501363],[91.426734786662365,26.151885020987681],[91.423347030985894,26.151322930496164],[91.424465113910159,26.146053072982486],[91.427005930667505,26.146474640851125],[91.42748510906361,26.144216130488118],[91.425791231225389,26.143935085242362],[91.427867670941865,26.134148207002671],[91.429561548780086,26.134429252248427],[91.429881001044166,26.132923578673093],[91.434115695639747,26.133626191787489],[91.434435147903812,26.132120518212151],[91.435282086822923,26.132261040835029],[91.435761265219043,26.130002530472023],[91.433220448461697,26.129580962603384],[91.432900996197617,26.131086636178722],[91.42866630160205,26.13038402306433],[91.429145479998169,26.128125512701324],[91.428298541079045,26.127984990078442],[91.42845826721107,26.127232153290773],[91.425070511534614,26.12667006279926],[91.425230237666653,26.125917226011591],[91.422689420909308,26.125495658142952],[91.422849147041347,26.124742821355284],[91.420308330284001,26.124321253486649],[91.419349973491776,26.128838274212661],[91.414268339977085,26.127995138475388],[91.41490724450523,26.124983791324713],[91.412366427747884,26.124562223456074],[91.413963689068254,26.11703385557939],[91.410575933391797,26.116471765087876],[91.409457850467547,26.121741622601558],[91.408610911548436,26.12160109997868],[91.407812280888251,26.12536528391702],[91.410353097645597,26.125786851785655],[91.409394740853372,26.130303872511668],[91.406006985176901,26.129741782020155],[91.405847259044862,26.13049461880782],[91.40415338120664,26.13021357356206],[91.403674202810535,26.132472083925066],[91.408755836325227,26.13331521966234],[91.407957205665042,26.137079403600683],[91.401181694312115,26.135955222617653],[91.40182059884026,26.132943875466978],[91.399279782082914,26.132522307598339],[91.398960329818848,26.134027981173677],[91.397266451980613,26.13374693592792],[91.395828916792283,26.140522467016936],[91.396675855711408,26.140662989639814],[91.396036951183262,26.14367433679049],[91.40027164577883,26.144376949904885],[91.39979246738271,26.146635460267888],[91.402333284140056,26.147057028136526],[91.403131914800241,26.143292844198186],[91.404825792638476,26.143573889443942],[91.405145244902556,26.142068215868605],[91.410226878417248,26.142911351605878],[91.410067152285208,26.143664188393547],[91.411761030123429,26.143945233639304],[91.410483221067139,26.149967927940651],[91.408789343228918,26.149686882694894],[91.407990712568733,26.153451066633238],[91.411378468245189,26.154013157124751],[91.40946175466074,26.16304719857677],[91.413696449256321,26.163749811691165],[91.413856175388361,26.1629969749035],[91.414703114307471,26.163137497526378],[91.414862840439511,26.162384660738709],[91.417403657196857,26.162806228607348],[91.417563383328897,26.162053391819679],[91.424338894681824,26.163177572802709],[91.424498620813864,26.162424736015041],[91.432968010005013,26.163829962243828],[91.432808283872973,26.164582799031496],[91.433655222792083,26.164723321654378],[91.432696865999858,26.169240342380387],[91.435237682757204,26.169661910249022],[91.43571686115331,26.167403399886016],[91.438257677910656,26.167824967754655],[91.438736856306775,26.165566457391652],[91.441277673064121,26.165988025260287],[91.441597125328187,26.164482351684949],[91.442444064247297,26.164622874307828],[91.442763516511377,26.16311720073249],[91.444457394349612,26.163398245978247],[91.444776846613678,26.161892572402909],[91.445623785532788,26.162033095025791],[91.445783511664828,26.161280258238122],[91.446630450583953,26.161420780861],[91.446949902848033,26.159915107285666],[91.448643780686254,26.160196152531423],[91.449122959082359,26.157937642168417],[91.450816836920595,26.158218687414173],[91.45161546758078,26.154454503475829],[91.45246240649989,26.154595026098711],[91.45262213263193,26.153842189311042],[91.455162949389276,26.154263757179677],[91.455642127785381,26.152005246816675],[91.454795188866271,26.151864724193796],[91.454954914998311,26.151111887406127],[91.454107976079186,26.150971364783249],[91.454906606739371,26.147207180844905],[91.460835179173188,26.148190839205057],[91.460994905305228,26.147438002417388],[91.473698989091957,26.14954584176057],[91.473379536827878,26.151051515335908],[91.475073414666099,26.151332560581665],[91.474913688534059,26.152085397369333],[91.478301444210516,26.15264748786085],[91.478461170342555,26.151894651073182],[91.483542803857247,26.152737786810455],[91.482903899329102,26.15574913396113],[91.485444716086448,26.156170701829765],[91.485764168350514,26.154665028254428],[91.487458046188749,26.154946073500188],[91.488256676848934,26.151181889561848],[91.489950554687169,26.151462934807604],[91.491228363743474,26.145440240506254],[91.494616119419931,26.146002330997771],[91.494775845551956,26.145249494210102],[91.495622784471067,26.14539001683298],[91.495782510603107,26.144637180045315],[91.496629449522231,26.144777702668193],[91.496789175654271,26.144024865880525],[91.498483053492492,26.144305911126281],[91.499281684152677,26.140541727187937],[91.503516378748259,26.141244340302332],[91.502558021956034,26.145761361028345],[91.503404960875145,26.145901883651224],[91.503245234743105,26.146654720438889],[91.505786051500451,26.147076288307527],[91.505626325368425,26.147829125095196],[91.509861019964006,26.148531738209588],[91.510020746096032,26.147778901421919],[91.510867685015143,26.147919424044797],[91.511027411147182,26.147166587257132],[91.514415166823639,26.147728677748649],[91.514574892955679,26.14697584096098],[91.515421831874804,26.147116363583859],[91.516060736402949,26.144105016433183],[91.516907675322059,26.144245539056062],[91.51802575824631,26.138975681542384],[91.522260452841877,26.139678294656779],[91.521781274445772,26.141936805019782],[91.524322091203118,26.14235837288842],[91.524481817335158,26.141605536100755],[91.525328756254282,26.141746058723633],[91.525807934650388,26.139487548360627],[91.524114056812152,26.139206503114867],[91.524752961340297,26.136195155964192],[91.523059083502062,26.135914110718435],[91.523218809634102,26.135161273930766],[91.52067799287677,26.134739706062131],[91.520358540612705,26.136245379637469],[91.515276907098013,26.135402243900195],[91.516235263890223,26.130885223174186],[91.51962301956668,26.131447313665699],[91.52090082862297,26.125424619364349],[91.522594706461206,26.125705664610109],[91.523073884857325,26.123447154247106],[91.52138000701909,26.123166109001346],[91.522178637679275,26.119401925063002],[91.52387251551751,26.119682970308762],[91.524511420045656,26.116671623158091],[91.52197060328831,26.116250055289452]],[[91.492569282413925,26.130855296294797],[91.496803977009506,26.131557909409189],[91.496005346349321,26.135322093347533],[91.49177065175374,26.134619480233141],[91.492569282413925,26.130855296294797]],[[91.483877057476562,26.138765156763785],[91.488111752072143,26.139467769878181],[91.487153395279918,26.14398479060419],[91.484612578522572,26.143563222735555],[91.483654221730362,26.148080243461568],[91.47941952713478,26.147377630347172],[91.480697336191071,26.141354936045825],[91.483238152948417,26.141776503914461],[91.483877057476562,26.138765156763785]]]}},
{"type":"Feature","properties":{"flooded":1,"Risk":"High","layer":"Flood_High","path":"C:\\Users\\Rudra\\Desktop\\flood_extent.geojson"},"geometry":{"type":"Polygon","coordinates":[[[92.044580224641265,26.206857220166938],[92.044420498509226,26.207610056954607],[92.042726620671004,26.20732901170885],[92.042247442274899,26.209587522071857],[92.038859686598428,26.20902543158034],[92.038699960466388,26.209778268368009],[92.037853021547278,26.20963774574513],[92.037054390887093,26.213401929683471],[92.039595207644439,26.213823497552109],[92.039116029248333,26.216082007915116],[92.039962968167444,26.216222530537994],[92.039803242035404,26.216975367325663],[92.040650180954529,26.217115889948541],[92.040171002558424,26.219374400311544],[92.044405697153991,26.220077013425943],[92.044245971021951,26.220829850213608],[92.045092909941076,26.220970372836486],[92.044294279280891,26.22473455677483],[92.037518767927963,26.2236103757918],[92.037678494060003,26.222857539004131],[92.030056043787965,26.221592835398219],[92.029896317655925,26.222345672185888],[92.029049378736815,26.22220514956301],[92.028889652604775,26.222957986350679],[92.02719577476654,26.222676941104922],[92.026716596370434,26.224935451467928],[92.020788023936632,26.223951793107773],[92.020947750068672,26.223198956320108],[92.020100811149561,26.223058433697229],[92.021378620205851,26.217035739395879],[92.023072498044073,26.217316784641636],[92.023391950308138,26.215811111066301],[92.024238889227263,26.21595163368918],[92.024398615359303,26.215198796901511],[92.02948024887398,26.216041932638785],[92.0299594272701,26.213783422275778],[92.032500244027446,26.214204990144413],[92.033298874687617,26.210440806206069],[92.02906418009205,26.209738193091678],[92.02922390622409,26.208985356304012],[92.028376967304965,26.20884483368113],[92.028696419569044,26.207339160105793],[92.027849480649934,26.207198637482914],[92.028009206781974,26.206445800695246],[92.022927573267282,26.205602664957972],[92.022767847135242,26.206355501745641],[92.021920908216131,26.206214979122763],[92.021441729820012,26.208473489485765],[92.020594790900901,26.208332966862887],[92.020435064768876,26.209085803650556],[92.019588125849751,26.208945281027678],[92.019428399717711,26.209698117815346],[92.014346766203019,26.208854982078073],[92.014027313938939,26.21036065565341],[92.008098741505137,26.209376997293258],[92.007779289241071,26.210882670868596],[92.005238472483725,26.210461102999961],[92.005078746351685,26.21121393978763],[92.003384868513464,26.21093289454187],[92.003225142381424,26.211685731329538],[91.998990447785843,26.210983118215143],[91.998511269389738,26.213241628578146],[91.995123513713281,26.212679538086633],[91.994484609185136,26.215690885237308],[91.99194379242779,26.215269317368669],[91.991464614031671,26.217527827731676],[92.004168697818386,26.219635667074861],[92.005606233006716,26.212860135985846],[92.009840927602298,26.213562749100237],[92.010320105998417,26.211304238737231],[92.014554800593999,26.212006851851626],[92.013596443801774,26.216523872577636],[92.011902565963538,26.216242827331879],[92.011263661435393,26.219254174482554],[92.012957539273629,26.219535219728311],[92.011999182481404,26.22405224045432],[92.006917548966712,26.223209104717046],[92.006757822834686,26.223961941504715],[92.00421700607734,26.22354037363608],[92.002939197021036,26.229563067937427],[92.002092258101911,26.229422545314549],[92.001932531969885,26.230175382102217],[91.996850898455207,26.229332246364944],[91.996371720059088,26.23159075672795],[91.993830903301742,26.231169188859312],[91.993671177169702,26.231922025646981],[91.987742604735885,26.230938367286829],[91.98902041379219,26.224915672985482],[91.991561230549536,26.22533724085412],[91.992040408945641,26.223078730491114],[91.991193470026531,26.222938207868236],[91.99135319615857,26.222185371080567],[91.989659318320335,26.221904325834807],[91.989819044452375,26.221151489047138],[91.987278227695029,26.220729921178503],[91.98663932316687,26.223741268329178],[91.981557689652178,26.222898132591904],[91.981238237388112,26.224403806167242],[91.979544359549891,26.224122760921485],[91.978905455021746,26.227134108072157],[91.981446271779092,26.227555675940792],[91.979529558194642,26.236589717392814],[91.982917313871098,26.237151807884331],[91.982118683210928,26.240915991822675],[91.978730927534471,26.240353901331158],[91.978251749138352,26.242612411694161],[91.979098688057462,26.242752934317039],[91.978938961925422,26.243505771104708],[91.979785900844533,26.243646293727586],[91.978987270184362,26.24741047766593],[91.981528086941708,26.247832045534569],[91.982326717601879,26.244067861596225],[91.983173656521004,26.244208384219103],[91.983333382653043,26.243455547431434],[91.984180321572154,26.243596070054313],[91.984499773836234,26.242090396478979],[91.985346712755344,26.242230919101857],[91.98582589115145,26.239972408738851],[91.992601402504377,26.241096589721881],[91.992761128636417,26.240343752934212],[91.993608067555527,26.240484275557094],[91.994726150479778,26.235214418043416],[91.996420028318013,26.235495463289173],[91.997218658978198,26.231731279350829],[92.003147231412001,26.232714937710981],[92.002827779147935,26.234220611286318],[92.006215534824392,26.234782701777835],[92.006375260956418,26.234029864990166],[92.009763016632888,26.23459195548168],[92.009922742764928,26.233839118694011],[92.010769681684039,26.233979641316889],[92.010929407816079,26.23322680452922],[92.019398797007227,26.234632030758011],[92.019239070875187,26.23538486754568],[92.021779887632533,26.235806435414315],[92.020821530840323,26.240323456140324],[92.019974591921212,26.240182933517445],[92.019335687393053,26.243194280668121],[92.020182626312163,26.243334803290999],[92.019383995651992,26.247098987229343],[92.018537056732882,26.246958464606465],[92.017898152204722,26.249969811757136],[92.019592030042944,26.250250857002893],[92.019272577778878,26.251756530578231],[92.020119516698003,26.251897053201112],[92.019320886037818,26.255661237139456],[92.017627008199582,26.255380191893696],[92.016988103671437,26.258391539044368],[92.017835042590548,26.258532061667246],[92.017675316458508,26.259284898454915],[92.018522255377633,26.259425421077797],[92.018202803113567,26.260931094653134],[92.021590558790024,26.261493185144648],[92.020791928129839,26.265257369082988],[92.021638867048949,26.265397891705867],[92.02147914091691,26.266150728493535],[92.024019957674255,26.266572296362174],[92.02497831446648,26.262055275636165],[92.030059947981172,26.262898411373438],[92.029900221849132,26.263651248161107],[92.03667573320206,26.264775429144137],[92.037314637730205,26.261764081993462],[92.039855454487551,26.262185649862097],[92.040973537411801,26.256915792348419],[92.041820476330912,26.257056314971301],[92.042938559255177,26.251786457457619],[92.046326314931633,26.252348547949133],[92.046486041063673,26.251595711161468],[92.047332979982798,26.251736233784346],[92.047652432246863,26.250230560209008],[92.051887126842431,26.250933173323403],[92.051727400710391,26.251686010111072],[92.055115156386861,26.252248100602589],[92.053198442802426,26.261282142054611],[92.047269870368609,26.260298483694459],[92.047110144236569,26.261051320482125],[92.046263205317459,26.260910797859246],[92.046103479185419,26.261663634646915],[92.045256540266308,26.261523112024033],[92.044617635738163,26.264534459174708],[92.045464574657274,26.26467498179759],[92.045304848525248,26.265427818585259],[92.046998726363483,26.265708863831016],[92.046839000231444,26.266461700618684],[92.047685939150554,26.266602223241563],[92.046887308490369,26.270366407179903],[92.048581186328605,26.27064745242566],[92.048421460196565,26.271400289213329],[92.052656154792132,26.272102902327724],[92.052815880924172,26.271350065540055],[92.053662819843296,26.271490588162933],[92.053822545975336,26.270737751375265],[92.055516423813557,26.271018796621021],[92.055835876077623,26.269513123045687],[92.060070570673204,26.270215736160083],[92.060230296805244,26.269462899372414],[92.064464991400811,26.270165512486809],[92.065103895928956,26.267154165336134],[92.065950834848081,26.267294687959012],[92.066110560980121,26.266541851171343],[92.072039133413924,26.267525509531495],[92.071879407281884,26.268278346319164],[92.07442022403923,26.268699914187803],[92.075059128567375,26.265688567037127],[92.07336525072914,26.265407521791367],[92.073524976861179,26.264654685003702],[92.071831099022958,26.264373639757945],[92.072150551287038,26.262867966182608],[92.071303612367913,26.262727443559729],[92.072261969160124,26.258210422833717],[92.073108908079249,26.258350945456595],[92.073907538739434,26.254586761518254],[92.071366721982088,26.254165193649619],[92.072325078774313,26.249648172923607],[92.074865895531659,26.250069740792242],[92.075185347795724,26.248564067216908],[92.079420042391291,26.249266680331303],[92.079100590127226,26.250772353906637],[92.07994752904635,26.250912876529515],[92.079628076782271,26.252418550104853],[92.080475015701381,26.252559072727731],[92.080315289569342,26.2533119095154],[92.081162228488452,26.253452432138278],[92.081002502356426,26.254205268925947],[92.081849441275551,26.254345791548825],[92.081370262879432,26.256604301911832],[92.083911079636763,26.25702586978047],[92.084230531900843,26.255520196205133],[92.085077470819968,26.255660718828011],[92.086195553744219,26.250390861314333],[92.084501675905983,26.250109816068576],[92.085300306566168,26.246345632130232],[92.086147245485279,26.246486154753111],[92.086626423881398,26.244227644390104],[92.083238668204942,26.243665553898587],[92.083558120469007,26.242159880323253],[92.081017303711661,26.241738312454618],[92.080857577579621,26.242491149242284],[92.0791636997414,26.242210103996527],[92.078844247477335,26.243715777571865],[92.072915675043518,26.242732119211709],[92.073714305703703,26.238967935273369],[92.066091855431665,26.23770323166746],[92.065932129299625,26.238456068455129],[92.064238251461404,26.238175023209372],[92.063599346933259,26.241186370360044],[92.061058530175913,26.240764802491405],[92.060579351779793,26.243023312854412],[92.058885473941558,26.242742267608655],[92.058725747809532,26.243495104396324],[92.056184931052186,26.243073536527689],[92.055386300392001,26.246837720466029],[92.05369242255378,26.246556675220269],[92.053213244157661,26.248815185583275],[92.047284671723844,26.247831527223124],[92.048083302384029,26.244067343284783],[92.045542485626683,26.243645775416148],[92.045702211758723,26.242892938628479],[92.044855272839612,26.242752416005601],[92.045014998971652,26.241999579217932],[92.044168060052542,26.24185905659505],[92.045286142976792,26.236589199081369],[92.048673898653249,26.237151289572886],[92.049312803181394,26.234139942422214],[92.055241375615196,26.235123600782366],[92.054921923351131,26.236629274357703],[92.059156617946712,26.237331887472099],[92.059635796342818,26.235073377109092],[92.058788857423707,26.234932854486214],[92.059268035819827,26.232674344123208],[92.054186402305135,26.231831208385934],[92.05482530683328,26.228819861235262],[92.053978367914155,26.228679338612384],[92.054138094046181,26.227926501824715],[92.05329115512707,26.227785979201837],[92.05377033352319,26.22552746883883],[92.052923394604079,26.225386946215949],[92.053083120736119,26.22463410942828],[92.048848426140538,26.223931496313888],[92.049806782932748,26.219414475587879],[92.05404147752833,26.220117088702271],[92.054680382056475,26.217105741551595],[92.049598748541783,26.216262605814322],[92.050397379201968,26.212498421875981],[92.049550440282843,26.212357899253103],[92.050029618678963,26.210099388890097],[92.047488801921631,26.209677821021462],[92.047967980317736,26.207419310658455],[92.044580224641265,26.206857220166938]],[[92.017095617351345,26.212428419720265],[92.021330311946912,26.213131032834657],[92.020531681286727,26.216895216772997],[92.01629698669116,26.216192603658605],[92.017095617351345,26.212428419720265]],[[92.031846538144052,26.229683293766421],[92.036081232739633,26.230385906880816],[92.034643697551303,26.237161437969831],[92.030409002955722,26.236458824855436],[92.031846538144052,26.229683293766421]],[[92.024001252125814,26.237733676858291],[92.029082885640506,26.238576812595564],[92.028763433376426,26.240082486170902],[92.031304250133772,26.240504054039537],[92.030345893341547,26.245021074765546],[92.029498954422436,26.244880552142668],[92.029019776026331,26.247139062505674],[92.023938142511639,26.246295926768401],[92.024577047039784,26.243284579617725],[92.022883169201549,26.243003534371969],[92.024001252125814,26.237733676858291]]]}},
{"type":"Feature","properties":{"flooded":1,"Risk":"High","layer":"Flood_High","path":"C:\\Users\\Rudra\\Desktop\\flood_extent.geojson"},"geometry":{"type":"Polygon","coordinates":[[[90.78926092457381,26.040661105823329],[90.788622020045665,26.043672452974],[90.7903158978839,26.043953498219764],[90.78744082750724,26.057504560397796],[90.778971438316091,26.056099334169005],[90.778492259919972,26.058357844532008],[90.779339198839082,26.058498367154886],[90.778540568178911,26.06226255109323],[90.775999751421566,26.061840983224595],[90.775520573025446,26.064099493587602],[90.777214450863681,26.064380538833358],[90.776894998599616,26.065886212408692],[90.779435815356962,26.066307780277327],[90.779595541488987,26.065554943489662],[90.780442480408098,26.065695466112544],[90.780602206540138,26.064942629324875],[90.783989962216594,26.065504719816389],[90.784469140612714,26.063246209453382],[90.788703835208295,26.063948822567777],[90.788544109076255,26.064701659355446],[90.791084925833601,26.065123227224081],[90.791564104229707,26.062864716861075],[90.789870226391471,26.062583671615318],[90.790509130919617,26.059572324464646],[90.788815253081395,26.05929127921889],[90.78961388374158,26.055527095280546],[90.790460822660691,26.055667617903424],[90.790620548792731,26.054914781115755],[90.792314426630966,26.055195826361512],[90.792793605027072,26.052937315998506],[90.791099727188836,26.052656270752749],[90.792058083981061,26.04813925002674],[90.792905022900172,26.048279772649618],[90.793064749032212,26.047526935861949],[90.793911687951336,26.047667458484828],[90.794550592479482,26.044656111334156],[90.793703653560357,26.044515588711278],[90.794342558088502,26.041504241560602],[90.78926092457381,26.040661105823329]]]}},
{"type":"Feature","properties":{"flooded":1,"Risk":"High","layer":"Flood_High","path":"C:\\Users\\Rudra\\Desktop\\flood_extent.geojson"},"geometry":{"type":"Polygon","coordinates":[[[92.22800910672828,26.181179063899222],[92.22784938059624,26.181931900686891],[92.223614686000673,26.181229287572496],[92.223454959868633,26.181982124360164],[92.221761082030397,26.181701079114408],[92.220802725238187,26.186218099840417],[92.21741496956173,26.1856560093489],[92.216776065033585,26.188667356499575],[92.217623003952696,26.188807879122457],[92.217463277820656,26.189560715910126],[92.220004094578002,26.189982283778761],[92.220323546842067,26.188476610203423],[92.224558241437649,26.189179223317819],[92.223759610777464,26.192943407256163],[92.226300427534795,26.193364975124798],[92.225182344610545,26.198634832638476],[92.222641527853213,26.198213264769841],[92.222322075589133,26.199718938345178],[92.221475136670009,26.1995784157223],[92.221315410537983,26.200331252509969],[92.21453989918507,26.199207071526935],[92.21422044692099,26.200712745102269],[92.212526569082755,26.200431699856512],[92.211248760026464,26.206454394157863],[92.210401821107354,26.206313871534984],[92.210242094975314,26.207066708322653],[92.208548217137078,26.206785663076896],[92.207270408080788,26.212808357378243],[92.204729591323442,26.212386789509605],[92.203451782267152,26.218409483810952],[92.193288515237768,26.216723212336404],[92.193607967501833,26.215217538761067],[92.191067150744487,26.214795970892432],[92.190747698480422,26.216301644467769],[92.186513003884855,26.215599031353374],[92.186353277752815,26.216351868141043],[92.182965522076344,26.21578977764953],[92.182326617548199,26.218801124800201],[92.180632739709978,26.218520079554445],[92.180153561313858,26.220778589917447],[92.176765805637402,26.220216499425934],[92.176446353373336,26.221722173001272],[92.173058597696865,26.221160082509755],[92.17241969316872,26.22417142966043],[92.164797242896682,26.222906726054521],[92.164158338368537,26.225918073205193],[92.169239971883229,26.226761208942467],[92.167802436694899,26.233536740031482],[92.163567742099332,26.232834126917087],[92.163727468231357,26.232081290129418],[92.162880529312233,26.23194076750654],[92.163199981576312,26.230435093931206],[92.160659164818966,26.230013526062567],[92.160499438686927,26.230766362850236],[92.159652499767816,26.230625840227358],[92.159492773635776,26.231378677015023],[92.152717262282849,26.230254496031993],[92.152876988414889,26.229501659244328],[92.150336171657557,26.229080091375689],[92.150016719393491,26.230585764951023],[92.144088146959675,26.229602106590871],[92.1442478730917,26.228849269803202],[92.141707056334354,26.228427701934567],[92.141547330202329,26.229180538722236],[92.139853452364108,26.228899493476479],[92.139693726232068,26.229652330264148],[92.13291821487914,26.228528149281114],[92.132439036483035,26.230786659644121],[92.128204341887468,26.230084046529729],[92.128044615755428,26.230836883317398],[92.122962982240736,26.229993747580124],[92.122483803844617,26.232252257943131],[92.124177681682838,26.232533303188887],[92.123538777154693,26.235544650339559],[92.125232654992928,26.235825695585316],[92.125072928860902,26.236578532372985],[92.128460684537359,26.237140622864501],[92.128620410669384,26.236387786076833],[92.132855105264966,26.237090399191228],[92.13269537913294,26.237843235978897],[92.138623951566743,26.238826894339049],[92.137985047038583,26.241838241489724],[92.139678924876819,26.24211928673548],[92.138880294216648,26.245883470673821],[92.140574172054869,26.246164515919578],[92.140254719790789,26.247670189494915],[92.144489414386371,26.24837280260931],[92.144968592782476,26.246114292246304],[92.14242777602513,26.245692724377669],[92.143226406685315,26.241928540439329],[92.144073345604426,26.242069063062207],[92.144233071736465,26.241316226274538],[92.149314705251157,26.242159362011812],[92.148356348458933,26.246676382737821],[92.152591043054514,26.247378995852213],[92.151472960130263,26.252648853365894],[92.15486071580672,26.253210943857411],[92.153902359014495,26.25772796458342],[92.157290114690952,26.258290055074937],[92.156491484030767,26.262054239013281],[92.154797606192545,26.261773193767521],[92.15463788006052,26.262526030555186],[92.152944002222284,26.26224498530943],[92.152145371562099,26.266009169247774],[92.155533127238556,26.26657125973929],[92.154574770446331,26.2710882804653],[92.157962526122802,26.271650370956813],[92.158441704518907,26.26939186059381],[92.156747826680672,26.269110815348053],[92.157546457340857,26.265346631409709],[92.158393396259967,26.265487154032588],[92.159671205316258,26.259464459731241],[92.160518144235382,26.259604982354119],[92.161157048763542,26.256593635203444],[92.164544804439998,26.257155725694961],[92.165023982836104,26.254897215331958],[92.156554593644955,26.253491989103168],[92.1571934981731,26.250480641952493],[92.154652681415755,26.250059074083858],[92.155770764340005,26.244789216570179],[92.152383008663534,26.244227126078663],[92.152542734795574,26.243474289290994],[92.150848856957353,26.243193244045237],[92.151807213749578,26.238676223319224],[92.154348030506924,26.239097791187859],[92.154986935035069,26.236086444037188],[92.160068568549761,26.236929579774461],[92.159749116285681,26.238435253349799],[92.160596055204792,26.238575775972681],[92.160276602940726,26.240081449548015],[92.161123541859837,26.240221972170893],[92.160644363463732,26.2424804825339],[92.163185180221078,26.242902050402535],[92.163824084749223,26.239890703251859],[92.166364901506569,26.240312271120501],[92.166844079902674,26.238053760757495],[92.167691018821799,26.238194283380373],[92.167850744953839,26.237441446592705],[92.16954462279206,26.237722491838461],[92.169864075056125,26.236216818263124],[92.176639586409053,26.237340999246154],[92.177118764805172,26.235082488883148],[92.180506520481629,26.235644579374664],[92.180825972745694,26.23413890579933],[92.181672911664805,26.234279428422209],[92.181832637796845,26.23352659163454],[92.182679576715969,26.233667114257418],[92.183158755112075,26.231408603894412],[92.184005694031185,26.23154912651729],[92.184484872427305,26.229290616154284],[92.188719567022886,26.229993229268679],[92.188879293154912,26.22924039248101],[92.189726232074023,26.229380915103889],[92.189885958206062,26.22862807831622],[92.195814530639865,26.229611736676372],[92.19501589997968,26.233375920614716],[92.192475083222334,26.232954352746081],[92.192155630958268,26.234460026321418],[92.190461753120047,26.234178981075662],[92.190302026988007,26.23493181786333],[92.189455088068883,26.234791295240449],[92.188975909672777,26.237049805603451],[92.190669787511013,26.237330850849212],[92.190030882982867,26.240342197999887],[92.192571699740213,26.240763765868522],[92.191932795212054,26.243775113019197],[92.195320550888511,26.244337203510714],[92.19548027702055,26.243584366723045],[92.198021093777896,26.24400593459168],[92.198180819909936,26.243253097804011],[92.199874697748172,26.243534143049772],[92.200353876144277,26.241275632686765],[92.196119181548696,26.24057301957237],[92.19723726447296,26.235303162058692],[92.203165836906763,26.236286820418844],[92.202846384642683,26.237792493994181],[92.203693323561808,26.23793301661706],[92.202894692901623,26.2416972005554],[92.204588570739844,26.241978245801157],[92.204428844607818,26.242731082588826],[92.211204355960746,26.243855263571859],[92.212002986620917,26.240091079633515],[92.212849925540027,26.240231602256394],[92.213009651672067,26.239478765468728],[92.213856590591192,26.239619288091607],[92.214814947383417,26.235102267365594],[92.215661886302527,26.235242789988472],[92.216300790830672,26.232231442837801],[92.217994668668894,26.232512488083557],[92.218154394800933,26.231759651295889],[92.219001333720058,26.231900173918767],[92.219640238248203,26.228888826768092],[92.223874932843771,26.229591439882487],[92.223555480579691,26.231097113457825],[92.224402419498816,26.231237636080703],[92.22424269336679,26.231990472868372],[92.225936571205011,26.232271518114132],[92.224978214412786,26.236788538840141],[92.223284336574565,26.236507493594381],[92.22280515817846,26.238766003957387],[92.227886791693152,26.239609139694661],[92.227088161032967,26.243373323633001],[92.222853466437385,26.242670710518606],[92.222693740305346,26.243423547306275],[92.22099986246711,26.243142502060518],[92.22084013633507,26.243895338848187],[92.21999319741596,26.243754816225309],[92.219673745151894,26.245260489800646],[92.217132928394548,26.244838921932011],[92.216653749998429,26.247097432295018],[92.212419055402862,26.246394819180622],[92.211460698610651,26.250911839906632],[92.210613759691526,26.250771317283753],[92.210454033559486,26.251524154071422],[92.201137705449227,26.249978405219753],[92.201297431581267,26.249225568432085],[92.198756614823921,26.24880400056345],[92.198596888691881,26.249556837351118],[92.197749949772756,26.249416314728236],[92.197590223640717,26.250169151515905],[92.190814712287803,26.249044970532875],[92.189217450967433,26.256573338409559],[92.190064389886544,26.256713861032438],[92.189265759226359,26.260478044970778],[92.190112698145469,26.260618567593657],[92.189633519749364,26.262877077956663],[92.19217433650671,26.263298645825301],[92.19105625358246,26.26856850333898],[92.192750131420695,26.268849548584736],[92.191312596232365,26.275625079673755],[92.190465657313254,26.275484557050877],[92.190146205049174,26.276990230626211],[92.185911510453593,26.276287617511816],[92.187189319509883,26.270264923210469],[92.186342380590773,26.270124400587591],[92.187141011250958,26.26636021664925],[92.185447133412723,26.266079171403494],[92.185606859544762,26.265326334615825],[92.182219103868306,26.264764244124308],[92.181580199340161,26.26777559127498],[92.175651626906358,26.266791932914828],[92.176929435962649,26.260769238613481],[92.174388619205303,26.260347670744846],[92.174228893073263,26.261100507532515],[92.173381954154138,26.260959984909636],[92.172263871229887,26.266229842423314],[92.16718223771521,26.265386706686041],[92.167501689979275,26.263881033110707],[92.16665475106015,26.263740510487825],[92.16697420332423,26.262234836912487],[92.163586447647774,26.261672746420974],[92.163107269251668,26.263931256783977],[92.163954208170779,26.264071779406855],[92.163634755906699,26.265577452982193],[92.165328633744934,26.265858498227949],[92.165009181480855,26.267364171803287],[92.175172448510239,26.269050443277834],[92.175012722378213,26.269803280065503],[92.175859661297324,26.269943802688381],[92.175220756769178,26.272955149839056],[92.178608512445635,26.273517240330573],[92.17749042952137,26.278787097844251],[92.175796551683149,26.278506052598495],[92.175317373287044,26.280764562961501],[92.170235739772352,26.279921427224227],[92.170555192036417,26.27841575364889],[92.167167436359946,26.277853663157373],[92.167966067020132,26.274089479219029],[92.157802799990762,26.272403207744482],[92.157163895462617,26.275414554895157],[92.158010834381727,26.275555077518035],[92.156573299193397,26.282330608607051],[92.152338604597816,26.281627995492659],[92.15185942620171,26.283886505855666],[92.157787998635527,26.284870164215818],[92.155551832787012,26.295409879243174],[92.158092649544358,26.295831447111809],[92.159210732468608,26.290561589598131],[92.160057671387719,26.290702112221009],[92.160217397519759,26.28994927543334],[92.163605153196215,26.290511365924857],[92.163924605460295,26.289005692349519],[92.170700116813222,26.29012987333255],[92.171179295209328,26.287871362969547],[92.166944600613746,26.287168749855152],[92.167743231273931,26.283404565916808],[92.171130986950388,26.283966656408325],[92.171290713082428,26.283213819620656],[92.172137652001553,26.283354342243534],[92.172457104265618,26.281848668668196],[92.176691798861185,26.282551281782592],[92.176532072729145,26.28330411857026],[92.179919828405616,26.283866209061777],[92.178961471613405,26.28838322978779],[92.181502288370751,26.288804797656425],[92.181662014502791,26.288051960868756],[92.182508953421902,26.288192483491635],[92.182668679553927,26.287439646703966],[92.187750313068619,26.28828278244124],[92.186951682408434,26.29204696637958],[92.18949249916578,26.292468534248219],[92.18981195142986,26.290962860672884],[92.190658890348971,26.291103383295763],[92.191297794877116,26.288092036145088],[92.187063100281534,26.287389423030692],[92.188181183205799,26.282119565517014],[92.19241587780138,26.28282217863141],[92.193374234593591,26.278305157905397],[92.197608929189172,26.279007771019788],[92.196331120132882,26.285030465321139],[92.205647448243141,26.286576214172808],[92.206126626639247,26.284317703809801],[92.207820504477482,26.284598749055558],[92.209258039665812,26.277823217966542],[92.206717222908466,26.277401650097907],[92.205758866116255,26.281918670823917],[92.199830293682453,26.280935012463765],[92.200628924342638,26.277170828525424],[92.199781985423513,26.277030305902546],[92.200580616083684,26.273266121964202],[92.207356127436611,26.274390302947232],[92.208633936492916,26.268367608645885],[92.216256386764954,26.269632312251794],[92.215298029972729,26.274149332977803],[92.212757213215383,26.273727765109168],[92.212278034819278,26.275986275472174],[92.219900485091316,26.277250979078083],[92.21926158056317,26.280262326228758],[92.221802397320516,26.280683894097397],[92.221642671188476,26.281436730885062],[92.224183487945822,26.281858298753697],[92.223225131153598,26.28637531947971],[92.225765947910944,26.286796887348348],[92.225925674042983,26.28604405056068],[92.227619551881205,26.286325095806436],[92.22809873027731,26.28406658544343],[92.225557913519964,26.283645017574791],[92.226516270312189,26.279127996848782],[92.229057087069535,26.279549564717421],[92.22953626546564,26.277291054354414],[92.232077082222986,26.277712622223049],[92.232556260619106,26.275454111860043],[92.229168504942649,26.27489202136853],[92.229328231074675,26.274139184580864],[92.225940475398218,26.273577094089347],[92.226419653794338,26.271318583726341],[92.225572714875213,26.271178061103463],[92.226371345535398,26.267413877165119],[92.23145297905009,26.268257012902392],[92.23129325291805,26.269009849690061],[92.234681008594507,26.269571940181578],[92.234840734726546,26.268819103393909],[92.235687673645671,26.268959626016787],[92.236007125909737,26.267453952441453],[92.239394881586193,26.268016042932967],[92.239874059982299,26.26575753256996],[92.24410875457788,26.266460145684356],[92.24442820684196,26.264954472109018],[92.247815962518416,26.265516562600535],[92.248614593178601,26.261752378662194],[92.253696226693293,26.262595514399464],[92.254175405089399,26.260337004036462],[92.257563160765855,26.260899094527975],[92.258202065294,26.2578877473773],[92.25735512637489,26.257747224754421],[92.25751485250693,26.256994387966753],[92.252433218992238,26.256151252229479],[92.252752671256317,26.254645578654142],[92.249364915579861,26.254083488162628],[92.251601081428376,26.243543773135269],[92.254141898185722,26.243965341003907],[92.254301624317748,26.243212504216238],[92.258536318913315,26.243915117330634],[92.259015497309434,26.241656606967627],[92.253086924875632,26.240672948607475],[92.253885555535817,26.236908764669135],[92.252191677697581,26.236627719423375],[92.252351403829607,26.235874882635706],[92.250657525991386,26.235593837389949],[92.251136704387505,26.233335327026943],[92.247748948711035,26.232773236535426],[92.24790867484306,26.232020399747757],[92.245367858085714,26.231598831879122],[92.245208131953689,26.232351668666791],[92.239279559519886,26.231368010306639],[92.239918464048031,26.228356663155964],[92.239071525128921,26.228216140533085],[92.239231251260961,26.22746330374542],[92.23838431234185,26.227322781122542],[92.238703764605916,26.225817107547204],[92.235316008929445,26.225255017055687],[92.235475735061485,26.224502180268018],[92.234628796142374,26.22436165764514],[92.234788522274414,26.223608820857471],[92.233941583355303,26.223468298234593],[92.234101309487329,26.222715461446924],[92.229866614891748,26.222012848332529],[92.230026341023787,26.22126001154486],[92.225791646428206,26.220557398430465],[92.226750003220431,26.216040377704456],[92.228443881058666,26.216321422950212],[92.229561963982917,26.211051565436531],[92.227868086144682,26.210770520190774],[92.228187538408761,26.20926484661544],[92.223105904894069,26.208421710878167],[92.223904535554254,26.204657526939823],[92.2264453523116,26.205079094808461],[92.227403709103811,26.200562074082452],[92.229097586942046,26.200843119328209],[92.229736491470206,26.197831772177533],[92.231430369308441,26.19811281742329],[92.231749821572507,26.196607143847952],[92.233443699410728,26.196888189093713],[92.233763151674808,26.195382515518375],[92.235457029513043,26.195663560764132],[92.237054290833399,26.188135192887447],[92.232819596237817,26.187432579773052],[92.233777953030042,26.182915559047043],[92.230390197353586,26.182353468555529],[92.230549923485626,26.181600631767861],[92.22800910672828,26.181179063899222]],[[92.216538427932122,26.210449399668686],[92.220773122527703,26.211152012783081],[92.220613396395663,26.21190484957075],[92.22484809099123,26.212607462685146],[92.22468836485919,26.213360299472814],[92.226382242697426,26.213641344718571],[92.225583612037241,26.217405528656915],[92.223889734199005,26.217124483411158],[92.2234105558029,26.219382993774161],[92.210706472016184,26.217275154430975],[92.211984281072475,26.211252460129629],[92.216218975668042,26.211955073244024],[92.216538427932122,26.210449399668686]],[[92.232871808689964,26.232642862309493],[92.237953442204656,26.233485998046767],[92.236835359280406,26.238755855560445],[92.241916992795097,26.239598991297719],[92.242076718927137,26.23884615451005],[92.246311413522704,26.239548767624441],[92.24679059191881,26.237290257261439],[92.251025286514391,26.237992870375834],[92.250226655854206,26.241757054314174],[92.248532778015971,26.241476009068418],[92.248053599619865,26.243734519431424],[92.246359721781644,26.243453474185667],[92.245880543385525,26.24571198454867],[92.241645848789943,26.245009371434275],[92.240687491997733,26.249526392160288],[92.238993614159497,26.249245346914531],[92.238833888027457,26.2499981837022],[92.230364498836309,26.248592957473409],[92.231322855628534,26.244075936747397],[92.233016733466769,26.244356981993153],[92.233495911862875,26.24209847163015],[92.230955095105529,26.241676903761515],[92.232871808689964,26.232642862309493]],[[92.135667066027452,26.232101586923307],[92.139901760623033,26.232804200037702],[92.139103129962848,26.236568383976042],[92.134868435367267,26.235865770861647],[92.135667066027452,26.232101586923307]],[[92.241582739175783,26.253571621344385],[92.248358250528696,26.254695802327415],[92.247240167604431,26.259965659841097],[92.239617717332393,26.258700956235188],[92.238819086672223,26.262465140173529],[92.235431330995766,26.261903049682012],[92.234632700335581,26.265667233620356],[92.229551066820889,26.264824097883082],[92.229710792952915,26.264071261095413],[92.223782220519112,26.263087602735261],[92.224261398915232,26.260829092372255],[92.222567521076996,26.260548047126498],[92.222727247209036,26.259795210338829],[92.22018643045169,26.259373642470194],[92.220505882715756,26.257867968894857],[92.21796506595841,26.257446401026218],[92.218923422750635,26.252929380300209],[92.219770361669759,26.253069902923087],[92.219930087801799,26.252317066135419],[92.222470904559145,26.252738634004057],[92.222790356823211,26.25123296042872],[92.227025051418778,26.251935573543115],[92.226865325286738,26.252688410330784],[92.227712264205863,26.252828932953662],[92.227392811941797,26.254334606529],[92.230780567618254,26.254896697020513],[92.230620841486214,26.255649533808182],[92.232314719324449,26.255930579053942],[92.23215499319241,26.256683415841611],[92.237236626707087,26.257526551578884],[92.238035257367272,26.25376236764054],[92.241423013043743,26.254324458132054],[92.241582739175783,26.253571621344385]],[[92.20658709948691,26.253220573942912],[92.211668733001602,26.254063709680185],[92.211189554605497,26.256322220043188],[92.212036493524607,26.256462742666066],[92.211876767392567,26.257215579453735],[92.213570645230803,26.257496624699492],[92.212931740702658,26.260507971850167],[92.213778679621768,26.260648494473049],[92.212660596697518,26.265918351986727],[92.208425902101951,26.265215738872332],[92.207627271441766,26.268979922810676],[92.201698699007949,26.267996264450524],[92.202018151272014,26.266490590875186],[92.198630395595558,26.265928500383669],[92.199429026255743,26.262164316445325],[92.201969843013089,26.262585884313964],[92.202129569145129,26.261833047526299],[92.202976508064239,26.261973570149177],[92.203455686460345,26.259715059786171],[92.204302625379469,26.259855582409049],[92.205101256039654,26.256091398470705],[92.205948194958765,26.256231921093583],[92.20658709948691,26.253220573942912]],[[92.193485652466705,26.273647614556509],[92.197720347062273,26.274350227670901],[92.196921716402088,26.278114411609241],[92.19268702180652,26.27741179849485],[92.193485652466705,26.273647614556509]],[[92.159593294346848,26.280493666112683],[92.165521866780651,26.281477324472835],[92.164084331592321,26.288252855561851],[92.158155759158518,26.287269197201699],[92.159593294346848,26.280493666112683]]]}},
{"type":"Feature","properties":{"flooded":1,"Risk":"High","layer":"Flood_High","path":"C:\\Users\\Rudra\\Desktop\\flood_extent.geojson"},"geometry":{"type":"Polygon","coordinates":[[[92.252180780535539,26.290400251869922],[92.251701602139434,26.292658762232929],[92.249160785382088,26.292237194364294],[92.248681606985969,26.294495704727296],[92.252069362662439,26.29505779521881],[92.251909636530399,26.295810632006479],[92.254450453287745,26.296232199875117],[92.253332370363495,26.301502057388799],[92.255873187120841,26.301923625257434],[92.255553734856761,26.303429298832768],[92.257247612694982,26.303710344078528],[92.256129529770732,26.30898020159221],[92.257823407608967,26.309261246837966],[92.257663681476927,26.310014083625635],[92.260204498234273,26.31043565149427],[92.260044772102233,26.311188488281939],[92.262585588859579,26.311610056150577],[92.262106410463474,26.31386856651358],[92.26464722722082,26.314290134382215],[92.265126405616925,26.312031624019212],[92.26343252777869,26.311750578773456],[92.26391170617481,26.309492068410449],[92.260523950498353,26.308929977918933],[92.260683676630393,26.308177141131264],[92.258989798792157,26.307896095885507],[92.259788429452328,26.304131911947163],[92.262329246209674,26.304553479815802],[92.262648698473754,26.303047806240468],[92.266036454150225,26.303609896731981],[92.266196180282265,26.302857059944312],[92.267043119201375,26.30299758256719],[92.26752229759748,26.300739072204184],[92.26667535867837,26.300598549581306],[92.267633715470595,26.296081528855296],[92.265092898713249,26.295659960986661],[92.263974815788984,26.30092981850034],[92.254658487678711,26.299384069648671],[92.255457118338896,26.295619885710327],[92.256304057258006,26.295760408333205],[92.256942961786152,26.292749061182533],[92.254402145028806,26.292327493313898],[92.254721597292885,26.290821819738561],[92.252180780535539,26.290400251869922]]]}},
{"type":"Feature","properties":{"flooded":1,"Risk":"High","layer":"Flood_High","path":"C:\\Users\\Rudra\\Desktop\\flood_extent.geojson"},"geometry":{"type":"Polygon","coordinates":[[[92.707354740623387,26.368259933341765],[92.707035288359307,26.369765606917102],[92.704494471601961,26.369344039048467],[92.703855567073816,26.372355386199139],[92.702161689235581,26.372074340953379],[92.701682510839476,26.374332851316385],[92.705070266515932,26.374894941807902],[92.704750814251852,26.37640061538324],[92.707291631009198,26.376822183251875],[92.706333274216973,26.381339203977884],[92.707180213136098,26.381479726600766],[92.705902404079808,26.387502420902113],[92.710137098675375,26.388205034016504],[92.71077600320352,26.385193686865833],[92.712469881041756,26.385474732111593],[92.712949059437875,26.383216221748587],[92.709561303761404,26.38265413125707],[92.710359934421575,26.378889947318726],[92.709512995502465,26.378749424695847],[92.710631078426729,26.373479567182169],[92.715712711941421,26.374322702919443],[92.714754355149196,26.378839723645456],[92.716448232987432,26.379120768891212],[92.716128780723366,26.380626442466546],[92.718669597480712,26.381048010335185],[92.719148775876818,26.378789499972182],[92.717454898038582,26.378508454726422],[92.718093802566727,26.375497107575747],[92.716399924728492,26.37521606232999],[92.717198555388677,26.37145187839165],[92.712116921873985,26.370608742654376],[92.712436374138065,26.369103069079038],[92.707354740623387,26.368259933341765]]]}},
{"type":"Feature","properties":{"flooded":1,"Risk":"High","layer":"Flood_High","path":"C:\\Users\\Rudra\\Desktop\\flood_extent.geojson"},"geometry":{"type":"Polygon","coordinates":[[[92.340630188646529,26.307413637635211],[92.340310736382449,26.308919311210548],[92.336922980705992,26.308357220719035],[92.335006267121557,26.317391262171054],[92.331618511445086,26.316829171679537],[92.330979606916941,26.319840518830212],[92.328438790159609,26.319418950961577],[92.328119337895529,26.320924624536914],[92.326425460057294,26.320643579291154],[92.325946281661189,26.322902089654157],[92.328487098418535,26.323323657522799],[92.327848193890389,26.326335004673471],[92.3286951328095,26.326475527296349],[92.32821595441338,26.328734037659355],[92.330756771170726,26.329155605527991],[92.331874854094991,26.323885748014312],[92.336956487609683,26.324728883751582],[92.337435666005788,26.32247037338858],[92.334894849248442,26.322048805519945],[92.335693479908628,26.318284621581601],[92.337387357746863,26.318565666827357],[92.337706810010928,26.31705999325202],[92.343635382444731,26.318043651612172],[92.343795108576771,26.317290814824506],[92.348876742091463,26.31813395056178],[92.348717015959423,26.318886787349445],[92.351257832716769,26.319308355218084],[92.352375915641034,26.314038497704406],[92.349835098883688,26.313616929835767],[92.349515646619608,26.315122603411105],[92.347821768781372,26.314841558165348],[92.347662042649347,26.315594394953017],[92.340039592377309,26.314329691347105],[92.34099794916952,26.309812670621092],[92.343538765926866,26.310234238489731],[92.344017944322985,26.307975728126728],[92.340630188646529,26.307413637635211]]]}},
{"type":"Feature","properties":{"flooded":1,"Risk":"High","layer":"Flood_High","path":"C:\\Users\\Rudra\\Desktop\\flood_extent.geojson"},"geometry":{"type":"Polygon","coordinates":[[[92.206382969289152,26.291374280144574],[92.206223243157126,26.292127116932242],[92.201988548561545,26.291424503817851],[92.201509370165425,26.293683014180857],[92.20235630908455,26.293823536803735],[92.202036856820484,26.295329210379069],[92.206271551416052,26.296031823493465],[92.205792373019932,26.298290333856471],[92.208333189777278,26.298711901725106],[92.207055380720988,26.304734596026453],[92.201973747206296,26.303891460289179],[92.202293199470375,26.302385786713842],[92.198905443793919,26.301823696222328],[92.197947087001694,26.306340716948341],[92.203028720516386,26.307183852685611],[92.201910637592135,26.312453710199289],[92.204451454349481,26.312875278067928],[92.205409811141692,26.308358257341919],[92.209644505737259,26.309060870456314],[92.209804231869299,26.308308033668645],[92.214885865383991,26.309151169405919],[92.214566413119911,26.310656842981256],[92.217107229877257,26.311078410849891],[92.217905860537442,26.307314226911547],[92.21282422702275,26.306471091174274],[92.21298395315479,26.305718254386605],[92.211290075316569,26.305437209140848],[92.211609527580649,26.303931535565511],[92.209915649742413,26.303650490319754],[92.210714280402598,26.29988630638141],[92.219183669593747,26.3012915326102],[92.219662847989852,26.299033022247194],[92.217968970151631,26.298751977001437],[92.218128696283671,26.297999140213768],[92.2147409406072,26.297437049722252],[92.21442148834312,26.298942723297589],[92.208492915909318,26.297959064937437],[92.208812368173398,26.2964533913621],[92.207965429254287,26.296312868739221],[92.208923786046498,26.291795848013212],[92.206382969289152,26.291374280144574]]]}},
{"type":"Feature","properties":{"flooded":1,"Risk":"High","layer":"Flood_High","path":"C:\\Users\\Rudra\\Desktop\\flood_extent.geojson"},"geometry":{"type":"Polygon","coordinates":[[[92.221932520742058,26.304864970252392],[92.221293616213913,26.307876317403064],[92.22468137189037,26.308438407894577],[92.223723015098159,26.31295542862059],[92.222876076179034,26.312814905997712],[92.222396897782914,26.315073416360715],[92.223243836702039,26.315213938983593],[92.222924384437974,26.316719612558931],[92.224618262276195,26.317000657804691],[92.22350017935193,26.322270515318369],[92.226887935028401,26.322832605809882],[92.227207387292481,26.321326932234548],[92.228054326211591,26.321467454857427],[92.229012683003816,26.316950434131414],[92.232400438680273,26.317512524622931],[92.232879617076378,26.315254014259928],[92.230338800319032,26.314832446391289],[92.230817978715137,26.312573936028283],[92.228277161957791,26.312152368159648],[92.228596614221871,26.31064669458431],[92.22690273638365,26.310365649338554],[92.227861093175861,26.305848628612544],[92.221932520742058,26.304864970252392]]]}},
{"type":"Feature","properties":{"flooded":1,"Risk":"High","layer":"Flood_High","path":"C:\\Users\\Rudra\\Desktop\\flood_extent.geojson"},"geometry":{"type":"Polygon","coordinates":[[[92.741265804291672,26.390252501289474],[92.740946352027606,26.391758174864812],[92.740099413108481,26.391617652241933],[92.738182699524032,26.400651693693952],[92.73310106600934,26.399808557956678],[92.732462161481195,26.402819905107354],[92.736696856076776,26.403522518221749],[92.736537129944736,26.404275355009418],[92.737384068863847,26.404415877632296],[92.736425712071636,26.408932898358305],[92.741507345586328,26.409776034095579],[92.741986523982433,26.407517523732576],[92.741139585063323,26.407377001109694],[92.741459037327402,26.405871327534356],[92.740612098408292,26.405730804911478],[92.741730181332542,26.400460947397796],[92.744270998089888,26.400882515266435],[92.744909902618033,26.397871168115763],[92.743216024779798,26.397590122870003],[92.744493833836088,26.391567428568656],[92.743646894916978,26.391426905945778],[92.743806621049018,26.390674069158109],[92.741265804291672,26.390252501289474]]]}},
{"type":"Feature","properties":{"flooded":1,"Risk":"High","layer":"Flood_High","path":"C:\\Users\\Rudra\\Desktop\\flood_extent.geojson"},"geometry":{"type":"Polygon","coordinates":[[[92.904569193742063,26.45943178026798],[92.904409467610023,26.460184617055649],[92.901868650852677,26.459763049187011],[92.899951937268241,26.468797090639033],[92.906727448621155,26.469921271622066],[92.906887174753194,26.469168434834398],[92.90858105259143,26.469449480080154],[92.909539409383655,26.464932459354145],[92.912927165060111,26.465494549845658],[92.913406343456217,26.463236039482652],[92.910865526698871,26.462814471614017],[92.911344705094976,26.460555961251011],[92.904569193742063,26.45943178026798]]]}},
{"type":"Feature","properties":{"flooded":1,"Risk":"High","layer":"Flood_High","path":"C:\\Users\\Rudra\\Desktop\\flood_extent.geojson"},"geometry":{"type":"Polygon","coordinates":[[[92.802364632727475,26.478323738738297],[92.801566002067304,26.482087922676641],[92.796484368552612,26.481244786939364],[92.796324642420572,26.481997623727032],[92.789549131067645,26.480873442744002],[92.79034776172783,26.477109258805662],[92.787806944970484,26.476687690937023],[92.787327766574364,26.47894620130003],[92.7890216444126,26.479227246545786],[92.788223013752415,26.482991430484127],[92.800927097539144,26.485099269827312],[92.800447919143039,26.487357780190319],[92.80214179698126,26.487638825436076],[92.80070426179293,26.494414356525091],[92.803245078550276,26.494835924393726],[92.804682613738606,26.488060393304711],[92.803835674819496,26.487919870681832],[92.804634305479681,26.484155686743488],[92.80378736656057,26.48401516412061],[92.804905449484821,26.478745306606932],[92.802364632727475,26.478323738738297]]]}},
{"type":"Feature","properties":{"flooded":1,"Risk":"High","layer":"Flood_High","path":"C:\\Users\\Rudra\\Desktop\\flood_extent.geojson"},"geometry":{"type":"Polygon","coordinates":[[[91.480311685537217,26.287806543928252],[91.479992233273137,26.289312217503589],[91.476604477596666,26.288750127012076],[91.475965573068521,26.291761474162751],[91.477659450906756,26.292042519408508],[91.476701094114532,26.296559540134517],[91.47161946059984,26.295716404397243],[91.470661103807629,26.300233425123256],[91.469814164888518,26.300092902500378],[91.469334986492399,26.302351412863381],[91.473569681087966,26.303054025977776],[91.47340995495594,26.303806862765445],[91.479338527389757,26.304790521125597],[91.479498253521783,26.304037684337928],[91.48373294811735,26.304740297452319],[91.483573221985324,26.305493134239988],[91.48611403874267,26.305914702108627],[91.486593217138775,26.303656191745624],[91.489134033896121,26.304077759614259],[91.489613212292227,26.301819249251253],[91.491307090130462,26.302100294497013],[91.491626542394542,26.300594620921675],[91.492473481313652,26.300735143544554],[91.492792933577718,26.299229469969216],[91.493639872496829,26.299369992592094],[91.494278777024974,26.296358645441423],[91.490044082429407,26.295656032327027],[91.489405177901261,26.298667379477699],[91.487711300063026,26.298386334231942],[91.487551573931,26.299139171019611],[91.481623001497198,26.298155512659459],[91.482741084421448,26.292885655145781],[91.483588023340559,26.29302617776866],[91.484386654000744,26.289261993830316],[91.482692776162523,26.288980948584559],[91.482852502294563,26.28822811179689],[91.480311685537217,26.287806543928252]]]}},
{"type":"Feature","properties":{"flooded":1,"Risk":"High","layer":"Flood_High","path":"C:\\Users\\Rudra\\Desktop\\flood_extent.geojson"},"geometry":{"type":"Polygon","coordinates":[[[92.214626433958472,26.438478277468125],[92.213987529430327,26.441489624618796],[92.22415079645971,26.443175896093344],[92.221914630611195,26.453715611120703],[92.222761569530306,26.453856133743582],[92.222442117266226,26.455361807318919],[92.227523750780918,26.456204943056193],[92.228482107573143,26.45168792233018],[92.230175985411378,26.451968967575937],[92.230814889939523,26.448957620425265],[92.23420264561598,26.449519710916782],[92.234681824012085,26.447261200553775],[92.231294068335629,26.446699110062259],[92.231932972863788,26.443687762911587],[92.230239095025553,26.44340671766583],[92.230398821157578,26.442653880878161],[92.223623309804665,26.441529699895131],[92.223942762068745,26.440024026319794],[92.214626433958472,26.438478277468125]]]}},
{"type":"Feature","properties":{"flooded":1,"Risk":"High","layer":"Flood_High","path":"C:\\Users\\Rudra\\Desktop\\flood_extent.geojson"},"geometry":{"type":"Polygon","coordinates":[[[92.287240345256166,26.45987830973349],[92.286761166860046,26.462136820096493],[92.290995861455627,26.462839433210885],[92.290836135323588,26.463592269998554],[92.294223891000044,26.46415436049007],[92.293744712603939,26.466412870853077],[92.295438590442174,26.466693916098833],[92.295278864310134,26.467446752886502],[92.29697274214837,26.467727798132263],[92.295854659224119,26.472997655645941],[92.29754853706234,26.473278700891697],[92.297229084798261,26.474784374467035],[92.298076023717371,26.474924897089913],[92.297916297585346,26.475677733877582],[92.29876323650447,26.47581825650046],[92.29860351037243,26.476571093288129],[92.301144327129776,26.476992661156768],[92.301463779393842,26.47548698758143],[92.304004596151188,26.475908555450065],[92.304164322283228,26.475155718662396],[92.307552077959684,26.475717809153913],[92.30803125635579,26.473459298790907],[92.307184317436679,26.473318776168028],[92.308142674228904,26.468801755442019],[92.304754918552433,26.468239664950502],[92.305393823080578,26.465228317799827],[92.300312189565886,26.464385182062554],[92.300471915697926,26.463632345274885],[92.295390282183249,26.462789209537611],[92.295550008315288,26.462036372749946],[92.289621435881472,26.461052714389794],[92.289781162013512,26.460299877602125],[92.287240345256166,26.45987830973349]]]}},
{"type":"Feature","properties":{"flooded":1,"Risk":"High","layer":"Flood_High","path":"C:\\Users\\Rudra\\Desktop\\flood_extent.geojson"},"geometry":{"type":"Polygon","coordinates":[[[90.807638053562044,26.214385287564092],[90.80667969676982,26.218902308290101],[90.803291941093349,26.218340217798584],[90.801375227508913,26.227374259250606],[90.802222166428038,26.227514781873484],[90.801583261899879,26.230526129024156],[90.8032771397381,26.23080717426992],[90.803117413606074,26.231560011057585],[90.80565823036342,26.23198157892622],[90.806776313287671,26.226711721412542],[90.807623252206781,26.22685224403542],[90.808102430602887,26.224593733672414],[90.806408552764665,26.224312688426657],[90.807846087952996,26.217537157337642],[90.810386904710342,26.217958725206277],[90.811025809238501,26.214947378055605],[90.807638053562044,26.214385287564092]]]}},
{"type":"Feature","properties":{"flooded":1,"Risk":"High","layer":"Flood_High","path":"C:\\Users\\Rudra\\Desktop\\flood_extent.geojson"},"geometry":{"type":"Polygon","coordinates":[[[92.269870696736675,26.463231074200138],[92.269710970604649,26.463983910987807],[92.268017092766428,26.463702865742047],[92.267857366634388,26.464455702529715],[92.266163488796153,26.464174657283959],[92.266003762664113,26.464927494071627],[92.264309884825877,26.464646448825871],[92.263830706429772,26.466904959188874],[92.265524584268007,26.46718600443463],[92.265205132003928,26.468691678009968],[92.266052070923038,26.468832200632846],[92.265892344790998,26.469585037420515],[92.266739283710123,26.469725560043393],[92.265780926917913,26.474242580769403],[92.271709499351715,26.475226239129558],[92.271869225483741,26.474473402341893],[92.273563103321976,26.47475444758765],[92.274202007850135,26.471743100436974],[92.277589763526592,26.472305190928488],[92.278068941922697,26.470046680565481],[92.277222003003573,26.469906157942603],[92.277381729135612,26.469153321154934],[92.275687851297391,26.468872275909177],[92.276167029693497,26.466613765546175],[92.27277927401704,26.466051675054658],[92.27309872628112,26.46454600147932],[92.272251787361995,26.464405478856442],[92.272411513494021,26.463652642068773],[92.269870696736675,26.463231074200138]]]}},
{"type":"Feature","properties":{"flooded":1,"Risk":"High","layer":"Flood_High","path":"C:\\Users\\Rudra\\Desktop\\flood_extent.geojson"},"geometry":{"type":"Polygon","coordinates":[[[92.198088923002857,26.454438521028983],[92.197929196870817,26.455191357816652],[92.195388380113471,26.454769789948017],[92.194909201717365,26.457028300311023],[92.200837774151182,26.458011958671175],[92.199879417358957,26.462528979397185],[92.197338600601611,26.46210741152855],[92.196859422205506,26.464365921891552],[92.197706361124617,26.464506444514431],[92.197386908860551,26.466012118089768],[92.198233847779662,26.466152640712647],[92.198074121647622,26.466905477500315],[92.199767999485857,26.467186522746076],[92.199608273353817,26.467939359533744],[92.202149090111163,26.468360927402379],[92.203746351431533,26.460832559525695],[92.212215740622682,26.462237785754485],[92.212854645150827,26.45922643860381],[92.211160767312606,26.45894539335805],[92.211639945708711,26.456686882995044],[92.20740525111313,26.455984269880652],[92.207085798849064,26.45748994345599],[92.205391921010829,26.457208898210229],[92.205232194878789,26.457961734997898],[92.200150561364097,26.457118599260625],[92.200629739760203,26.454860088897618],[92.198088923002857,26.454438521028983]]]}},
{"type":"Feature","properties":{"flooded":1,"Risk":"High","layer":"Flood_High","path":"C:\\Users\\Rudra\\Desktop\\flood_extent.geojson"},"geometry":{"type":"Polygon","coordinates":[[[92.217616826401439,26.461575247916421],[92.217137648005334,26.463833758279428],[92.217984586924445,26.463974280902306],[92.217505408528339,26.466232791265309],[92.221740103123921,26.466935404379704],[92.221420650859841,26.468441077955042],[92.223961467617187,26.468862645823677],[92.223482289221081,26.471121156186683],[92.224329228140192,26.471261678809562],[92.223211145215927,26.47653153632324],[92.227445839811509,26.477234149437635],[92.228084744339654,26.474222802286963],[92.228931683258764,26.474363324909842],[92.229730313918949,26.470599140971498],[92.227189497161604,26.470177573102863],[92.227668675557723,26.467919062739856],[92.226821736638612,26.467778540116974],[92.227141188902678,26.46627286654164],[92.225447311064443,26.465991821295884],[92.225766763328522,26.464486147720546],[92.224072885490301,26.464205102474789],[92.224232611622341,26.463452265687121],[92.21999791702676,26.462749652572725],[92.220157643158785,26.461996815785056],[92.217616826401439,26.461575247916421]]]}},
{"type":"Feature","properties":{"flooded":1,"Risk":"High","layer":"Flood_High","path":"C:\\Users\\Rudra\\Desktop\\flood_extent.geojson"},"geometry":{"type":"Polygon","coordinates":[[[90.748018075604662,26.218521334009239],[90.747858349472622,26.219274170796908],[90.747011410553512,26.219133648174026],[90.746372506025367,26.222144995324697],[90.748066383863588,26.222426040570458],[90.747108027071363,26.22694306129647],[90.742873332475796,26.226240448182075],[90.743352510871901,26.223981937819069],[90.740811694114555,26.223560369950434],[90.740651967982529,26.224313206738103],[90.738111151225183,26.223891638869464],[90.737312520564998,26.227655822807808],[90.735618642726763,26.227374777562051],[90.735139464330643,26.229633287925054],[90.736833342168879,26.229914333170811],[90.736673616036853,26.23066716995848],[90.738367493875089,26.230948215204236],[90.738048041611009,26.232453888779574],[90.738894980530119,26.232594411402456],[90.73873525439808,26.233347248190125],[90.743816887912772,26.234190383927395],[90.744296066308891,26.231931873564388],[90.747683821985348,26.232493964055905],[90.747843548117373,26.231741127268236],[90.750384364874719,26.232162695136875],[90.751023269402864,26.229151347986203],[90.751870208321975,26.229291870609082],[90.752509112850134,26.226280523458406],[90.753356051769259,26.226421046081285],[90.753515777901285,26.225668209293616],[90.755209655739506,26.225949254539373],[90.755688834135626,26.223690744176366],[90.757382711973861,26.223971789422123],[90.757542438105887,26.223218952634454],[90.758389377024997,26.22335947525734],[90.759028281553157,26.220348128106664],[90.748018075604662,26.218521334009239]]]}},
{"type":"Feature","properties":{"flooded":1,"Risk":"High","layer":"Flood_High","path":"C:\\Users\\Rudra\\Desktop\\flood_extent.geojson"},"geometry":{"type":"Polygon","coordinates":[[[92.051457072122844,26.43478565061983],[92.051137619858764,26.436291324195167],[92.048596803101418,26.435869756326529],[92.048117624705313,26.438128266689532],[92.050658441462659,26.43854983455817],[92.049540358538394,26.443819692071852],[92.050387297457519,26.44396021469473],[92.049748392929374,26.446971561845402],[92.050595331848484,26.44711208446828],[92.050275879584419,26.448617758043618],[92.051122818503529,26.448758280666496],[92.05080336623945,26.450263954241834],[92.052497244077685,26.450544999487594],[92.052337517945645,26.451297836275263],[92.053184456864756,26.451438358898141],[92.053024730732716,26.45219119568581],[92.056412486409187,26.452753286177323],[92.056252760277161,26.453506122964992],[92.061334393791839,26.454349258702266],[92.061494119923864,26.453596421914597],[92.06403493668121,26.454017989783235],[92.06419466281325,26.453265152995566],[92.067582418489721,26.45382724348708],[92.067742144621761,26.453074406699411],[92.070282961379107,26.45349597456805],[92.070442687511147,26.452743137780381],[92.074677382106714,26.453445750894776],[92.075156560502819,26.45118724053177],[92.074309621583708,26.451046717908888],[92.074469347715748,26.450293881121219],[92.071928530958402,26.449872313252584],[92.071609078694323,26.451377986827922],[92.063986628422285,26.450113283222013],[92.064146354554325,26.449360446434344],[92.059911659958757,26.448657833319949],[92.060710290618943,26.444893649381608],[92.061557229538053,26.445034172004487],[92.061716955670093,26.444281335216818],[92.064257772427439,26.444702903085453],[92.06521612921965,26.440185882359444],[92.058440617866722,26.43906170137641],[92.058280891734697,26.439814538164079],[92.05404619713913,26.439111925049684],[92.054685101667275,26.436100577899012],[92.05383816274815,26.435960055276134],[92.05399788888019,26.435207218488465],[92.051457072122844,26.43478565061983]]]}},
{"type":"Feature","properties":{"flooded":1,"Risk":"High","layer":"Flood_High","path":"C:\\Users\\Rudra\\Desktop\\flood_extent.geojson"},"geometry":{"type":"Polygon","coordinates":[[[90.729738378551886,26.230295825763118],[90.729578652419846,26.231048662550787],[90.728731713500736,26.230908139927909],[90.728571987368696,26.231660976715578],[90.727725048449585,26.231520454092699],[90.727565322317545,26.232273290880368],[90.726718383398421,26.232132768257486],[90.726558657266395,26.232885605045155],[90.725711718347284,26.232745082422277],[90.72459363542302,26.238014939935955],[90.723746696503909,26.237874417313076],[90.723267518107804,26.240132927676083],[90.724961395946025,26.240413972921839],[90.724641943681945,26.241919646497173],[90.727182760439291,26.242341214365815],[90.727023034307265,26.243094051153481],[90.737186301336649,26.244780322628028],[90.73798493199682,26.241016138689687],[90.73713799307771,26.240875616066809],[90.737297719209749,26.24012277927914],[90.730522207856822,26.238998598296106],[90.732279195309232,26.230717393631753],[90.729738378551886,26.230295825763118]]]}},
{"type":"Feature","properties":{"flooded":1,"Risk":"High","layer":"Flood_High","path":"C:\\Users\\Rudra\\Desktop\\flood_extent.geojson"},"geometry":{"type":"Polygon","coordinates":[[[90.780937275577045,26.228659259650403],[90.780777549445006,26.229412096438072],[90.77908367160677,26.229131051192311],[90.778764219342705,26.230636724767649],[90.777917280423594,26.230496202144771],[90.77663947136729,26.236518896446118],[90.769017021095252,26.235254192840209],[90.768697568831186,26.236759866415547],[90.767850629912076,26.236619343792668],[90.767371451515956,26.238877854155675],[90.771606146111523,26.23958046727007],[90.770488063187273,26.244850324783748],[90.768794185349051,26.244569279537988],[90.768474733084972,26.246074953113325],[90.767627794165847,26.245934430490447],[90.767308341901781,26.247440104065785],[90.763073647306214,26.246737490951389],[90.76339309957028,26.245231817376052],[90.760005343893823,26.244669726884538],[90.760484522289943,26.242411216521532],[90.757943705532597,26.241989648652893],[90.757464527136477,26.2442481590159],[90.758311466055588,26.244388681638778],[90.757832287659483,26.246647192001785],[90.758679226578593,26.246787714624666],[90.758519500446553,26.247540551412335],[90.759366439365678,26.247681074035214],[90.759206713233652,26.248433910822879],[90.771063858101257,26.250401227543183],[90.772181941025508,26.245131370029505],[90.778957452378435,26.246255551012535],[90.77799909558621,26.250772571738544],[90.778846034505321,26.250913094361422],[90.778526582241255,26.25241876793676],[90.781914337917712,26.252980858428277],[90.781115707257527,26.256745042366621],[90.787891218610454,26.257869223349651],[90.787731492478414,26.25862206013732],[90.79027230923576,26.259043628005955],[90.7904320353678,26.258290791218286],[90.791278974286911,26.258431313841168],[90.791438700418951,26.257678477053499],[90.793132578257186,26.257959522299256],[90.793611756653291,26.25570101193625],[90.78937706205771,26.254998398821854],[90.790335418849935,26.250481378095845],[90.79202929668817,26.250762423341602],[90.792348748952236,26.249256749766264],[90.799971199224274,26.250521453372176],[90.799811473092234,26.251274290159845],[90.801505350930455,26.251555335405602],[90.801345624798429,26.252308172193271],[90.803886441555775,26.252729740061909],[90.80468507221596,26.248965556123565],[90.806378950054196,26.249246601369322],[90.806698402318261,26.247740927793984],[90.807545341237372,26.247881450416862],[90.808024519633477,26.24562294005386],[90.805483702876131,26.245201372185225],[90.805643429008171,26.244448535397556],[90.801408734412604,26.243745922283161],[90.801568460544644,26.242993085495492],[90.799874582706408,26.242712040249735],[90.800513487234554,26.23970069309906],[90.797972670477208,26.239279125230421],[90.797653218213142,26.240784798805759],[90.79257158469845,26.239941663068485],[90.793370215358621,26.236177479130145],[90.795064093196856,26.236458524375902],[90.795543271592976,26.234200014012895],[90.79300245483563,26.23377844614426],[90.792044098043405,26.238295466870269],[90.787809403447824,26.237592853755874],[90.788608034108009,26.233828669817534],[90.784373339512442,26.233126056703139],[90.784533065644482,26.23237321991547],[90.782839187806246,26.232092174669713],[90.783478092334391,26.229080827519038],[90.780937275577045,26.228659259650403]]]}},
{"type":"Feature","properties":{"flooded":1,"Risk":"High","layer":"Flood_High","path":"C:\\Users\\Rudra\\Desktop\\flood_extent.geojson"},"geometry":{"type":"Polygon","coordinates":[[[92.844340729384612,26.619334521293336],[92.843542098724427,26.62309870523168],[92.839307404128846,26.622396092117285],[92.839467130260886,26.621643255329616],[92.83692631350354,26.621221687460981],[92.836127682843355,26.624985871399321],[92.836974621762479,26.6251263940222],[92.836016264970254,26.629643414748212],[92.83516932605113,26.629502892125334],[92.834370695390945,26.633267076063674],[92.833523756471834,26.633126553440796],[92.833044578075729,26.635385063803803],[92.834738455913964,26.635666109049559],[92.834578729781924,26.636418945837228],[92.838813424377491,26.637121558951623],[92.839132876641571,26.635615885376286],[92.843367571237152,26.636318498490681],[92.843207845105113,26.63707133527835],[92.845748661862459,26.637492903146985],[92.845429209598379,26.638998576722322],[92.846276148517489,26.639139099345201],[92.845956696253424,26.640644772920538],[92.84849751301077,26.641066340789177],[92.8499350481991,26.634290809700161],[92.844006475765298,26.633307151340009],[92.844964832557508,26.628790130613996],[92.847505649314854,26.629211698482631],[92.847984827710974,26.626953188119625],[92.849678705549195,26.627234233365382],[92.85047733620938,26.623470049427041],[92.847936519452048,26.623048481558406],[92.848415697848154,26.6207899711954],[92.846721820009918,26.620508925949643],[92.846881546141958,26.619756089161974],[92.844340729384612,26.619334521293336]]]}},
{"type":"Feature","properties":{"flooded":1,"Risk":"High","layer":"Flood_High","path":"C:\\Users\\Rudra\\Desktop\\flood_extent.geojson"},"geometry":{"type":"Polygon","coordinates":[[[90.743326812354624,26.290221426736949],[90.743007360090559,26.291727100312286],[90.742160421171448,26.291586577689408],[90.740403433719038,26.299867782353761],[90.735321800204346,26.299024646616488],[90.734842621808241,26.30128315697949],[90.735689560727351,26.301423679602372],[90.735370108463272,26.30292935317771],[90.736217047382382,26.303069875800588],[90.736057321250343,26.303822712588257],[90.739445076926813,26.30438480307977],[90.740083981454973,26.301373455929095],[90.747706431727011,26.302638159535007],[90.747067527198851,26.305649506685683],[90.753843038551764,26.306773687668713],[90.754322216947884,26.304515177305706],[90.750087522352302,26.303812564191311],[90.751525057540633,26.297037033102296],[90.748984240783301,26.296615465233661],[90.748345336255156,26.299626812384336],[90.744110641659574,26.298924199269941],[90.74586762911197,26.290642994605587],[90.743326812354624,26.290221426736949]]]}},
{"type":"Feature","properties":{"flooded":1,"Risk":"High","layer":"Flood_High","path":"C:\\Users\\Rudra\\Desktop\\flood_extent.geojson"},"geometry":{"type":"Polygon","coordinates":[[[90.79626789547693,26.292770612431216],[90.795788717080825,26.295029122794219],[90.79663565599995,26.295169645417097],[90.79503839467958,26.302698013293782],[90.800120028194272,26.303541149031055],[90.799481123666126,26.30655249618173],[90.801175001504348,26.306833541427487],[90.800056918580097,26.312103398941165],[90.793281407227184,26.310979217958135],[90.793760585623289,26.308720707595132],[90.792913646704164,26.308580184972254],[90.793073372836204,26.307827348184585],[90.792226433917094,26.307686825561706],[90.792545886181159,26.306181151986369],[90.790005069423813,26.30575958411773],[90.789845343291788,26.306512420905399],[90.788998404372677,26.306371898282521],[90.788519225976557,26.308630408645527],[90.790213103814779,26.308911453891284],[90.789574199286633,26.311922801041955],[90.790421138205758,26.312063323664834],[90.789782233677613,26.315074670815509],[90.790629172596724,26.315215193438391],[90.790469446464684,26.31596803022606],[90.79301026322203,26.316389598094695],[90.79316998935407,26.315636761307026],[90.796557745030526,26.316198851798543],[90.797036923426631,26.313940341435536],[90.803812434779559,26.315064522418567],[90.803652708647533,26.315817359206235],[90.808734342162225,26.316660494943509],[90.808574616030185,26.317413331731178],[90.811115432787531,26.317834899599813],[90.811594611183637,26.315576389236806],[90.807359916588055,26.314873776122411],[90.807839094984175,26.312615265759405],[90.802757461469483,26.311772130022135],[90.803236639865588,26.309513619659132],[90.801542762027367,26.309232574413372],[90.802501118819592,26.304715553687359],[90.800807240981356,26.304434508441602],[90.802404502301712,26.296906140564918],[90.803251441220823,26.297046663187796],[90.803890345748968,26.294035316037125],[90.79626789547693,26.292770612431216]]]}},
{"type":"Feature","properties":{"flooded":1,"Risk":"High","layer":"Flood_High","path":"C:\\Users\\Rudra\\Desktop\\flood_extent.geojson"},"geometry":{"type":"Polygon","coordinates":[[[91.273722514304879,26.422646034407894],[91.273562788172839,26.423398871195563],[91.267634215739022,26.422415212835411],[91.267314763474957,26.423920886410748],[91.264773946717625,26.423499318542113],[91.264454494453545,26.425004992117451],[91.260219799857964,26.424302379003056],[91.260379525990004,26.423549542215387],[91.259532587070893,26.423409019592508],[91.259692313202933,26.42265618280484],[91.257151496445587,26.422234614936201],[91.256991770313547,26.42298745172387],[91.251910136798855,26.4221443159866],[91.251430958402736,26.424402826349606],[91.257359530836538,26.425386484709758],[91.257199804704513,26.426139321497427],[91.259740621461859,26.426560889366062],[91.259421169197779,26.428066562941396],[91.271278314065384,26.4300338796617],[91.271438040197424,26.429281042874031],[91.278213551550351,26.430405223857065],[91.277734373154246,26.432663734220068],[91.280275189911592,26.433085302088706],[91.280434916043617,26.432332465301037],[91.282128793881853,26.432613510546794],[91.282607972277972,26.430355000183791],[91.281761033358848,26.430214477560913],[91.282399937886993,26.427203130410238],[91.281552998967882,26.427062607787359],[91.281712725099922,26.426309770999691],[91.279171908342576,26.425888203131052],[91.279491360606642,26.424382529555714],[91.276103604930185,26.423820439064201],[91.276263331062225,26.423067602276532],[91.273722514304879,26.422646034407894]]]}},
{"type":"Feature","properties":{"flooded":1,"Risk":"High","layer":"Flood_High","path":"C:\\Users\\Rudra\\Desktop\\flood_extent.geojson"},"geometry":{"type":"Polygon","coordinates":[[[92.144041469535907,26.581075920774051],[92.143881743403867,26.581828757561716],[92.137106232050954,26.58070457657869],[92.136627053654848,26.582963086941692],[92.143402565007761,26.584087267924723],[92.141326125291286,26.593874146164413],[92.145560819886867,26.594576759278809],[92.146199724415013,26.591565412128134],[92.147046663334123,26.591705934751012],[92.147525841730229,26.589447424388009],[92.145831963892007,26.589166379142252],[92.147429225212377,26.581638011265568],[92.144041469535907,26.581075920774051]]]}},
{"type":"Feature","properties":{"flooded":1,"Risk":"High","layer":"Flood_High","path":"C:\\Users\\Rudra\\Desktop\\flood_extent.geojson"},"geometry":{"type":"Polygon","coordinates":[[[91.361324983496743,26.439518897550304],[91.361165257364704,26.440271734337973],[91.360318318445593,26.440131211715094],[91.359839140049473,26.442389722078101],[91.360686078968584,26.442530244700979],[91.360526352836558,26.443283081488648],[91.361373291755669,26.443423604111526],[91.359616304303259,26.451704808775879],[91.358769365384148,26.451564286153001],[91.358290186988043,26.453822796516004],[91.352361614554241,26.452839138155852],[91.35252134068628,26.452086301368183],[91.349980523928934,26.451664733499548],[91.348542988740604,26.458440264588564],[91.346849110902369,26.458159219342804],[91.346529658638289,26.459664892918141],[91.340601086204487,26.458681234557989],[91.340281633940407,26.460186908133327],[91.339434695021296,26.460046385510449],[91.339274968889271,26.460799222298117],[91.337581091051035,26.460518177052361],[91.337101912654916,26.462776687415367],[91.337948851574026,26.462917210038245],[91.336511316385696,26.469692741127261],[91.339052133143042,26.470114308995896],[91.340170216067307,26.464844451482215],[91.341017154986432,26.4649849741051],[91.341815785646617,26.461220790166756],[91.342662724565727,26.461361312789634],[91.342982176829793,26.459855639214297],[91.348910749263595,26.460839297574449],[91.34970937992378,26.457075113636108],[91.355637952357583,26.45805877199626],[91.355478226225543,26.458811608783929],[91.359712920821124,26.459514221898324],[91.358594837896874,26.464784079412002],[91.357747898977763,26.464643556789124],[91.357588172845723,26.465396393576793],[91.356741233926599,26.465255870953911],[91.356102329398453,26.468267218104582],[91.356949268317578,26.468407740727464],[91.356470089921473,26.470666251090471],[91.359010906678819,26.471087818959106],[91.360288715735109,26.465065124657759],[91.362829532492455,26.465486692526394],[91.363947615416706,26.460216835012716],[91.366488432174037,26.460638402881354],[91.367127336702183,26.457627055730679],[91.362045703187505,26.456783919993406],[91.362524881583624,26.454525409630399],[91.3616779426645,26.454384887007521],[91.361997394928565,26.452879213432183],[91.361150456009455,26.452738690809305],[91.36194908666964,26.448974506870965],[91.363642964507875,26.449255552116721],[91.36476104743214,26.443985694603043],[91.36560798635125,26.444126217225921],[91.366087164747356,26.441867706862915],[91.36354634799001,26.44144613899428],[91.363865800254089,26.439940465418942],[91.361324983496743,26.439518897550304]]]}},
{"type":"Feature","properties":{"flooded":1,"Risk":"High","layer":"Flood_High","path":"C:\\Users\\Rudra\\Desktop\\flood_extent.geojson"},"geometry":{"type":"Polygon","coordinates":[[[91.40110150998467,26.471057373768275],[91.40094178385263,26.471810210555944],[91.40009484493352,26.471669687933066],[91.39993511880148,26.472422524720734],[91.398241240963245,26.472141479474978],[91.397762062567139,26.474399989837984],[91.401149818243596,26.474962080329497],[91.400191461451371,26.479479101055507],[91.401038400370496,26.479619623678389],[91.400878674238456,26.480372460466057],[91.401725613157566,26.480512983088936],[91.401406160893501,26.482018656664273],[91.403100038731736,26.48229970191003],[91.402940312599696,26.483052538697699],[91.404634190437918,26.483333583943455],[91.404474464305878,26.484086420731121],[91.407015281063224,26.484507988599759],[91.407813911723409,26.480743804661419],[91.406120033885173,26.480462759415659],[91.406279760017213,26.47970992262799],[91.405432821098103,26.479569400005111],[91.407030082418473,26.472041032128427],[91.40110150998467,26.471057373768275]]]}},
{"type":"Feature","properties":{"flooded":1,"Risk":"High","layer":"Flood_High","path":"C:\\Users\\Rudra\\Desktop\\flood_extent.geojson"},"geometry":{"type":"Polygon","coordinates":[[[91.282374239369716,26.493442619328121],[91.281895060973596,26.495701129691124],[91.282741999892721,26.495841652314002],[91.281783643100511,26.500358673040015],[91.285171398776967,26.500920763531528],[91.284532494248822,26.5039321106822],[91.287073311006168,26.504353678550842],[91.287552489402273,26.502095168187836],[91.29178718399784,26.502797781302228],[91.291467731733761,26.504303454877565],[91.294008548491107,26.504725022746204],[91.294168274623146,26.503972185958535],[91.295015213542271,26.504112708581413],[91.295654118070416,26.501101361430738],[91.294807179151292,26.50096083880786],[91.295605809811477,26.497196654869519],[91.293064993054131,26.496775087000881],[91.292585814658025,26.499033597363884],[91.284116425466877,26.497628371135097],[91.284915056127062,26.493864187196756],[91.282374239369716,26.493442619328121]]]}},
{"type":"Feature","properties":{"flooded":1,"Risk":"High","layer":"Flood_High","path":"C:\\Users\\Rudra\\Desktop\\flood_extent.geojson"},"geometry":{"type":"Polygon","coordinates":[[[91.30417181552049,26.506411294220751],[91.303532910992345,26.509422641371422],[91.30437984991147,26.509563163994301],[91.30422012377943,26.51031600078197],[91.305067062698541,26.510456523404848],[91.30410870590633,26.514973544130861],[91.302414828068095,26.514692498885104],[91.30161619740791,26.518456682823444],[91.296534563893218,26.517613547086171],[91.297812372949508,26.511590852784824],[91.295271556192162,26.511169284916186],[91.294792377796057,26.513427795279192],[91.292251561038711,26.513006227410557],[91.29097375198242,26.519028921711904],[91.297749263335348,26.520153102694934],[91.297429811071268,26.521658776270272],[91.299970627828614,26.522080344138907],[91.300290080092694,26.520574670563573],[91.305371713607386,26.521417806300846],[91.306170344267557,26.517653622362502],[91.304476466429321,26.517372577116742],[91.305434823221546,26.512855556390733],[91.309669517817127,26.513558169505128],[91.308870887156942,26.517322353443468],[91.313952520671634,26.518165489180742],[91.313313616143489,26.521176836331417],[91.316701371819946,26.52173892682293],[91.317340276348091,26.518727579672255],[91.319881093105437,26.519149147540894],[91.320360271501556,26.516890637177891],[91.3169725158251,26.516328546686374],[91.317771146485271,26.51256436274803],[91.313536451889689,26.511861749633638],[91.314175356417849,26.508850402482963],[91.311634539660503,26.508428834614328],[91.311794265792528,26.507675997826659],[91.30417181552049,26.506411294220751]]]}},
{"type":"Feature","properties":{"flooded":1,"Risk":"High","layer":"Flood_High","path":"C:\\Users\\Rudra\\Desktop\\flood_extent.geojson"},"geometry":{"type":"Polygon","coordinates":[[[91.281386279867007,26.522893552996791],[91.280587649206822,26.526657736935135],[91.279740710287712,26.526517214312257],[91.278942079627527,26.530281398250597],[91.27555432395107,26.529719307759084],[91.275075145554965,26.53197781812209],[91.279309840150532,26.532680431236482],[91.279150114018492,26.533433268024151],[91.283384808614073,26.534135881138546],[91.283065356350008,26.535641554713884],[91.285606173107354,26.536063122582519],[91.286245077635499,26.533051775431847],[91.28709201655461,26.533192298054725],[91.287571194950715,26.530933787691719],[91.284183439274258,26.530371697200202],[91.284502891538338,26.528866023624865],[91.283655952619227,26.528725501001986],[91.284454583279413,26.524961317063646],[91.283607644360288,26.524820794440767],[91.283927096624353,26.52331512086543],[91.281386279867007,26.522893552996791]]]}},
{"type":"Feature","properties":{"flooded":1,"Risk":"High","layer":"Flood_High","path":"C:\\Users\\Rudra\\Desktop\\flood_extent.geojson"},"geometry":{"type":"Polygon","coordinates":[[[91.241197588790357,26.526356913206936],[91.240558684262211,26.529368260357607],[91.246487256696014,26.530351918717759],[91.245528899903789,26.534868939443772],[91.242141144227332,26.534306848952255],[91.241502239699187,26.537318196102927],[91.249124689971225,26.538582899708835],[91.249444142235305,26.537077226133501],[91.251138020073526,26.537358271379262],[91.252415829129816,26.531335577077911],[91.251568890210706,26.531195054455033],[91.252048068606811,26.52893654409203],[91.249507251849465,26.528514976223391],[91.2491877995854,26.530020649798729],[91.244106166070708,26.529177514061452],[91.244585344466813,26.526919003698449],[91.241197588790357,26.526356913206936]]]}},
{"type":"Feature","properties":{"flooded":1,"Risk":"High","layer":"Flood_High","path":"C:\\Users\\Rudra\\Desktop\\flood_extent.geojson"},"geometry":{"type":"Polygon","coordinates":[[[91.237397668525162,26.560796659143527],[91.236758763997017,26.563808006294202],[91.237605702916127,26.563948528917081],[91.236487619991863,26.569218386430759],[91.231405986477185,26.568375250693485],[91.230607355817014,26.572139434631829],[91.234842050412581,26.572842047746224],[91.234522598148502,26.574347721321562],[91.237063414905847,26.574769289190201],[91.237862045566033,26.571005105251857],[91.240402862323378,26.571426673120492],[91.241680671379669,26.565403978819145],[91.239986793541433,26.565122933573388],[91.240785424201619,26.561358749635044],[91.237397668525162,26.560796659143527]]]}},
{"type":"Feature","properties":{"flooded":1,"Risk":"High","layer":"Flood_High","path":"C:\\Users\\Rudra\\Desktop\\flood_extent.geojson"},"geometry":{"type":"Polygon","coordinates":[[[91.119658357412931,26.553730971034696],[91.118859726752746,26.557495154973036],[91.122247482429202,26.558057245464553],[91.120969673372898,26.564079939765904],[91.127745184725811,26.565204120748934],[91.12806463698989,26.563698447173596],[91.128911575909015,26.563838969796475],[91.12955048043716,26.5608276226458],[91.125315785841579,26.560125009531408],[91.126433868765844,26.55485515201773],[91.119658357412931,26.553730971034696]]]}},
{"type":"Feature","properties":{"flooded":1,"Risk":"High","layer":"Flood_High","path":"C:\\Users\\Rudra\\Desktop\\flood_extent.geojson"},"geometry":{"type":"Polygon","coordinates":[[[91.185065887220517,26.580170039241256],[91.184906161088477,26.580922876028925],[91.183212283250242,26.580641830783168],[91.182892830986177,26.582147504358506],[91.182045892067066,26.582006981735624],[91.181406987538921,26.585018328886296],[91.182253926458031,26.585158851509178],[91.181455295797846,26.588923035447522],[91.177220601202265,26.588220422333126],[91.176741422806145,26.590478932696129],[91.180976117401727,26.591181545810528],[91.180656665137661,26.592687219385862],[91.183197481895007,26.593108787254497],[91.183357208027047,26.592355950466828],[91.18928578046085,26.59333960882698],[91.188327423668625,26.597856629552993],[91.184092729073058,26.597154016438598],[91.183613550676952,26.599412526801601],[91.186154367434284,26.599834094670243],[91.185355736774099,26.603598278608583],[91.187896553531445,26.604019846477218],[91.18853545805959,26.601008499326543],[91.191923213736061,26.60157058981806],[91.192881570528272,26.597053569092051],[91.199657081881185,26.598177750075081],[91.200136260277304,26.595919239712074],[91.199289321358194,26.595778717089196],[91.199449047490234,26.595025880301527],[91.197755169651998,26.594744835055771],[91.198234348048103,26.592486324692768],[91.195693531290758,26.592064756824129],[91.195374079026678,26.593570430399467],[91.190292445511986,26.59272729466219],[91.191250802304211,26.588210273936181],[91.193791619061557,26.588631841804819],[91.194270797457662,26.586373331441813],[91.191729980700316,26.585951763573174],[91.191410528436251,26.587457437148512],[91.186328894921573,26.586614301411238],[91.187127525581758,26.582850117472898],[91.187974464500869,26.582990640095776],[91.188453642896974,26.58073212973277],[91.185065887220517,26.580170039241256]]]}},
{"type":"Feature","properties":{"flooded":1,"Risk":"Lo","layer":"Flood_Low","path":"C:\\Users\\Rudra\\Desktop\\flood_extent (2).geojson"},"geometry":{"type":"Polygon","coordinates":[[[91.302605441956359,25.150102818127611],[91.302445715824319,25.150855654915279],[91.301598776905195,25.150715132292397],[91.301439050773155,25.151467969080066],[91.293816600501131,25.150203265474158],[91.293337422105026,25.152461775837164],[91.303500689134395,25.154148047311711],[91.30270205847421,25.157912231250052],[91.306089814150681,25.158474321741565],[91.305770361886601,25.159979995316903],[91.306617300805712,25.160120517939784],[91.305658944013501,25.164637538665797],[91.307352821851737,25.164918583911554],[91.306554191191552,25.168682767849894],[91.305707252272427,25.168542245227016],[91.305228073876307,25.170800755590022],[91.308615829552778,25.171362846081536],[91.309254734080923,25.168351498930861],[91.311795550838269,25.168773066799499],[91.312274729234389,25.166514556436493],[91.313121668153499,25.166655079059371],[91.313600846549605,25.164396568696368],[91.311906968711369,25.164115523450612],[91.312066694843409,25.163362686662943],[91.311219755924299,25.163222164040064],[91.311379482056338,25.162469327252396],[91.308838665298993,25.162047759383757],[91.309317843695098,25.159789249020751],[91.308470904775987,25.159648726397872],[91.308790357040067,25.158143052822535],[91.305402601363596,25.157580962331018],[91.305722053627662,25.156075288755684],[91.304028175789441,25.155794243509927],[91.305146258713705,25.150524385996246],[91.302605441956359,25.150102818127611]]]}},
{"type":"Feature","properties":{"flooded":1,"Risk":"Lo","layer":"Flood_Low","path":"C:\\Users\\Rudra\\Desktop\\flood_extent (2).geojson"},"geometry":{"type":"Polygon","coordinates":[[[91.291740160784656,25.159990143713848],[91.291420708520576,25.161495817289186],[91.289726830682341,25.161214772043429],[91.288928200022156,25.16497895598177],[91.28723432218392,25.16469791073601],[91.286595417655775,25.167709257886685],[91.284901539817554,25.167428212640928],[91.284262635289409,25.1704395597916],[91.285109574208519,25.170580082414478],[91.282873408360004,25.181119797441838],[91.28541422511735,25.181541365310476],[91.286532308041615,25.176271507796798],[91.28822618587985,25.176552553042555],[91.28838591201189,25.175799716254886],[91.289232850931,25.175940238877764],[91.289871755459146,25.172928891727089],[91.289024816540035,25.172788369104211],[91.28982344720022,25.16902418516587],[91.294058141795787,25.169726798280266],[91.293578963399668,25.171985308643269],[91.295272841237903,25.172266353889025],[91.294953388973838,25.173772027464363],[91.298341144650294,25.17433411795588],[91.298181418518254,25.175086954743549],[91.301569174194711,25.175649045235062],[91.301249721930631,25.177154718810399],[91.302943599768867,25.17743576405616],[91.302464421372761,25.179694274419166],[91.305005238130107,25.180115842287801],[91.305484416526212,25.177857331924795],[91.303790538687977,25.177576286679038],[91.305228073876307,25.170800755590022],[91.296758684685159,25.169395529361232],[91.297557315345344,25.165631345422888],[91.293322620749763,25.164928732308493],[91.294280977541987,25.160411711582483],[91.291740160784656,25.159990143713848]]]}},
{"type":"Feature","properties":{"flooded":1,"Risk":"Lo","layer":"Flood_Low","path":"C:\\Users\\Rudra\\Desktop\\flood_extent (2).geojson"},"geometry":{"type":"Polygon","coordinates":[[[91.309990255126934,25.173149564902634],[91.309351350598789,25.176160912053305],[91.310198289517913,25.176301434676184],[91.309239932725689,25.180818455402196],[91.315168505159491,25.181802113762348],[91.31405042223524,25.187071971276026],[91.316591238992586,25.187493539144661],[91.316910691256652,25.185987865569324],[91.317757630175763,25.186128388192206],[91.317917356307802,25.185375551404537],[91.319611234146038,25.185656596650293],[91.320729317070288,25.180386739136615],[91.324117072746745,25.180948829628129],[91.32491570340693,25.177184645689785],[91.320681008811349,25.176482032575393],[91.320042104283203,25.179493379726068],[91.317501287525857,25.17907181185743],[91.317341561393818,25.179824648645099],[91.31310686679825,25.179122035530703],[91.314224949722515,25.173852178017025],[91.309990255126934,25.173149564902634]]]}},
{"type":"Feature","properties":{"flooded":1,"Risk":"Lo","layer":"Flood_Low","path":"C:\\Users\\Rudra\\Desktop\\flood_extent (2).geojson"},"geometry":{"type":"Polygon","coordinates":[[[90.946764876699646,25.108207816338702],[90.946125972171501,25.111219163489377],[90.941044338656809,25.110376027752103],[90.940884612524783,25.111128864539772],[90.938343795767437,25.110707296671137],[90.937704891239278,25.113718643821809],[90.935164074481932,25.11329707595317],[90.934684896085827,25.115555586316177],[90.938072651762283,25.116117676807693],[90.937274021102098,25.119881860746037],[90.933039326506531,25.119179247631642],[90.933518504902651,25.116920737268636],[90.928436871387959,25.116077601531362],[90.928596597519984,25.115324764743693],[90.925208841843514,25.11476267425218],[90.924729663447408,25.117021184615187],[90.927270480204754,25.117442752483822],[90.926152397280504,25.1227126099975],[90.927846275118739,25.12299365524326],[90.927686548986699,25.123746492030929],[90.930227365744045,25.124168059899564],[90.93086627027219,25.121156712748888],[90.940182598382449,25.122702461600557],[90.940342324514489,25.121949624812888],[90.942036202352725,25.122230670058645],[90.94251538074883,25.119972159695642],[90.949290892101757,25.121096340678672],[90.950249248893982,25.11657931995266],[90.951096187813093,25.116719842575538],[90.951575366209198,25.114461332212535],[90.949881488370963,25.114180286966779],[90.950200940635042,25.112674613391441],[90.948507062796821,25.112393568145684],[90.949305693456992,25.10862938420734],[90.946764876699646,25.108207816338702]]]}},
{"type":"Feature","properties":{"flooded":1,"Risk":"Lo","layer":"Flood_Low","path":"C:\\Users\\Rudra\\Desktop\\flood_extent (2).geojson"},"geometry":{"type":"Polygon","coordinates":[[[90.96620006777357,25.148840706078914],[90.965720889377465,25.151099216441917],[90.967414767215701,25.151380261687674],[90.967095314951621,25.152885935263011],[90.967942253870731,25.153026457885893],[90.967303349342586,25.156037805036568],[90.974078860695499,25.157161986019599],[90.973120503903274,25.161679006745608],[90.976508259579745,25.162241097237121],[90.97746661637197,25.157724076511112],[90.980007433129316,25.158145644379751],[90.980486611525421,25.155887134016744],[90.977945794768075,25.155465566148106],[90.978424973164195,25.153207055785099],[90.971649461811268,25.152082874802069],[90.971968914075333,25.150577201226731],[90.969428097317987,25.150155633358096],[90.969587823450027,25.149402796570431],[90.96620006777357,25.148840706078914]]]}},
{"type":"Feature","properties":{"flooded":1,"Risk":"Lo","layer":"Flood_Low","path":"C:\\Users\\Rudra\\Desktop\\flood_extent (2).geojson"},"geometry":{"type":"Polygon","coordinates":[[[91.105978496331261,25.18839860188648],[91.105659044067181,25.189904275461817],[91.099730471633379,25.188920617101665],[91.098612388709128,25.194190474615347],[91.091836877356201,25.193066293632317],[91.091357698960081,25.195324803995319],[91.087123004364514,25.194622190880924],[91.086643825968409,25.196880701243931],[91.089184642725755,25.197302269112566],[91.089024916593715,25.198055105900234],[91.098341244703974,25.199600854751903],[91.098660696968054,25.198095181176566],[91.100354574806289,25.198376226422322],[91.100514300938329,25.197623389634654],[91.103902056614785,25.19818548012617],[91.104381235010891,25.195926969763168],[91.110309807444693,25.196910628123319],[91.110788985840799,25.194652117760313],[91.109942046921688,25.194511595137435],[91.110900403713913,25.189994574411422],[91.109206525875678,25.189713529165662],[91.109366252007717,25.188960692377993],[91.105978496331261,25.18839860188648]]]}},
{"type":"Feature","properties":{"flooded":1,"Risk":"Lo","layer":"Flood_Low","path":"C:\\Users\\Rudra\\Desktop\\flood_extent (2).geojson"},"geometry":{"type":"Polygon","coordinates":[[[90.979873405514553,25.092658992249536],[90.979713679382527,25.093411829037205],[90.978019801544292,25.093130783791448],[90.977540623148172,25.095389294154451],[90.979234500986408,25.095670339400208],[90.978915048722342,25.097176012975545],[90.981455865479688,25.097597580844184],[90.980816960951543,25.100608927994859],[90.983357777708875,25.101030495863494],[90.983517503840901,25.100277659075825],[90.984364442760025,25.100418181698704],[90.984683895024105,25.098912508123366],[90.986377772862326,25.099193553369126],[90.986856951258432,25.09693504300612],[90.991091645854013,25.097637656120515],[90.990133289061802,25.102154676846528],[90.991827166900038,25.102435722092284],[90.991507714635958,25.103941395667622],[90.998283225988871,25.105065576650652],[90.997804047592766,25.107324087013655],[91.002038742188347,25.10802670012805],[91.002198468320387,25.107273863340382],[91.0089739796733,25.108398044323412],[91.009133705805326,25.107645207535747],[91.00998064472445,25.107785730158625],[91.011098727648715,25.102515872644943],[91.016180361163407,25.103359008382217],[91.015860908899327,25.104864681957554],[91.02178948133313,25.105848340317706],[91.020990850672945,25.10961252425605],[91.015909217158253,25.108769388518777],[91.014950860366042,25.113286409244786],[91.011563104689586,25.112724318753273],[91.011243652425506,25.11422999232861],[91.006162018910814,25.113386856591337],[91.005842566646749,25.114892530166674],[91.004148688808513,25.114611484920914],[91.003509784280354,25.117622832071586],[91.000122028603897,25.117060741580072],[90.999802576339832,25.11856641515541],[90.99472094282514,25.117723279418136],[90.993443133768849,25.123745973719483],[90.989208439173268,25.123043360605088],[90.989368165305294,25.122290523817419],[90.982592653952381,25.121166342834389],[90.98131484489609,25.127189037135739],[90.982161783815201,25.127329559758618],[90.981842331551135,25.128835233333952],[90.982689270470246,25.12897575595683],[90.982529544338206,25.129728592744499],[90.983376483257331,25.129869115367377],[90.983216757125291,25.130621952155046],[90.989145329559094,25.131605610515198],[90.988825877295028,25.133111284090536],[90.989672816214139,25.133251806713417],[90.989353363950059,25.134757480288755],[90.991894180707405,25.13517904815739],[90.992053906839445,25.134426211369721],[91.000523296030593,25.135831437598512],[91.000363569898553,25.13658427438618],[91.002057447736789,25.136865319631937],[91.001258817076604,25.140629503570278],[90.997871061400147,25.140067413078761],[90.997711335268107,25.140820249866429],[90.990088884996069,25.139555546260521],[90.988970802071819,25.144825403774202],[90.989817740990929,25.144965926397081],[90.98965801485889,25.145718763184746],[90.990504953778014,25.145859285807624],[90.988907692457644,25.153387653684309],[90.986366875700298,25.152966085815674],[90.985887697304193,25.15522459617868],[90.98927545298065,25.155786686670194],[90.989594905244729,25.154281013094856],[90.993829599840296,25.154983626209251],[90.993510147576217,25.156489299784589],[90.995204025414452,25.156770345030345],[90.994245668622227,25.161287365756358],[91.001021179975154,25.162411546739392],[91.000382275447009,25.165422893890064],[91.002923092204355,25.165844461758699],[91.0035619967325,25.162833114608027],[91.009490569166303,25.163816772968179],[91.010129473694448,25.160805425817504],[91.008435595856213,25.160524380571747],[91.009234226516398,25.156760196633403],[91.010928104354633,25.15704124187916],[91.011407282750753,25.154782731516157],[91.016488916265445,25.155625867253431],[91.01696809466155,25.153367356890424],[91.021202789257117,25.154069970004819],[91.020404158596932,25.157834153943163],[91.019557219677822,25.157693631320285],[91.018598862885597,25.162210652046294],[91.017751923966486,25.162070129423416],[91.016633841042236,25.167339986937094],[91.017480779961346,25.167480509559972],[91.017321053829306,25.168233346347641],[91.021555748424888,25.168935959462033],[91.021875200688967,25.167430285886695],[91.029497650961005,25.168694989492607],[91.03029628162119,25.164930805554267],[91.032837098378522,25.165352373422902],[91.033156550642587,25.163846699847564],[91.039932061995515,25.164970880830598],[91.039612609731449,25.166476554405936],[91.041306487569685,25.166757599651692],[91.039549500117275,25.175038804316046],[91.037008683359929,25.174617236447407],[91.036848957227889,25.175370073235076],[91.036002018308764,25.175229550612197],[91.035522839912659,25.1774880609752],[91.036369778831784,25.177628583598079],[91.035091969775493,25.183651277899429],[91.035938908694604,25.183791800522311],[91.035779182562564,25.18454463730998],[91.040013877158145,25.185247250424371],[91.03937497263,25.188258597575043],[91.041915789387346,25.188680165443682],[91.041756063255306,25.18943300223135],[91.042603002174417,25.189573524854229],[91.042283549910351,25.191079198429566],[91.044824366667697,25.191500766298201],[91.045303545063803,25.189242255935195],[91.052079056416716,25.190366436918229],[91.052717960944861,25.187355089767557],[91.061187350136024,25.188760315996344],[91.060867897871944,25.190265989571678],[91.061714836791054,25.190406512194556],[91.061075932262909,25.193417859345232],[91.065310626858491,25.194120472459627],[91.065949531386636,25.191109125308952],[91.070184225982203,25.191811738423347],[91.071142582774428,25.187294717697338],[91.07622421628912,25.188137853434611],[91.07638394242116,25.187385016646942],[91.078924759178506,25.187806584515577],[91.079403937574611,25.185548074152571],[91.083638632170192,25.186250687266966],[91.082999727642047,25.189262034417641],[91.086387483318504,25.189824124909155],[91.086706935582583,25.188318451333817],[91.088400813420819,25.188599496579577],[91.088720265684884,25.18709382300424],[91.089567204603995,25.187234345627118],[91.089726930736035,25.186481508839449],[91.099890197765419,25.188167780313997],[91.100529102293564,25.185156433163325],[91.101376041212674,25.185296955786203],[91.10185521960878,25.183038445423197],[91.101008280689669,25.182897922800318],[91.101327732953749,25.181392249224981],[91.099633855115513,25.181111203979221],[91.099793581247553,25.180358367191552],[91.098946642328443,25.180217844568674],[91.099106368460482,25.179465007781005],[91.098259429541358,25.179324485158126],[91.099058060201529,25.175560301219786],[91.104986632635345,25.176543959579938],[91.105306084899425,25.1750382860046],[91.112081596252338,25.17616246698763],[91.111921870120298,25.176915303775299],[91.114462686877644,25.177336871643938],[91.114941865273764,25.175078361280931],[91.113247987435543,25.174797316035175],[91.114366070359793,25.169527458521497],[91.116059948198014,25.169808503767253],[91.11653912659412,25.167549993404247],[91.113998309836774,25.167128425535608],[91.112880226912523,25.17239828304929],[91.111186349074302,25.172117237803533],[91.110866896810222,25.173622911378867],[91.104938324376405,25.172639253018716],[91.105736955036591,25.168875069080375],[91.106583893955715,25.169015591703253],[91.10770197687998,25.163745734189575],[91.103467282284399,25.16304312107518],[91.104265912944584,25.159278937136836],[91.093255706996089,25.157452143039411],[91.09405433765626,25.15368795910107],[91.097442093332717,25.154250049592587],[91.097921271728836,25.151991539229581],[91.09538045497149,25.151569971360946],[91.095859633367596,25.149311460997939],[91.088237183095558,25.148046757392027],[91.088077456963518,25.148799594179696],[91.083842762367951,25.148096981065304],[91.084481666896096,25.145085633914629],[91.08194085013875,25.144664066045991],[91.082899206930975,25.140147045319981],[91.080358390173629,25.139725477451346],[91.080038937909563,25.141231151026684],[91.075804243313982,25.140528537912289],[91.076602873974153,25.136764353973945],[91.072368179378586,25.136061740859549],[91.073326536170811,25.13154472013354],[91.077561230766378,25.132247333247935],[91.078519587558603,25.127730312521923],[91.079366526477727,25.127870835144801],[91.080165157137913,25.124106651206461],[91.083552912814369,25.124668741697977],[91.084032091210474,25.122410231334971],[91.078950457695782,25.121567095597698],[91.079110183827822,25.120814258810029],[91.077416305989587,25.120533213564268],[91.077735758253652,25.119027539988934],[91.076041880415431,25.118746494743178],[91.076521058811551,25.116487984380171],[91.072286364215969,25.115785371265776],[91.071647459687824,25.118796718416448],[91.070800520768714,25.118656195793569],[91.070640794636674,25.119409032581238],[91.068946916798438,25.119127987335482],[91.068148286138253,25.122892171273826],[91.063913591542672,25.12218955815943],[91.064233043806738,25.120683884584093],[91.062539165968516,25.120402839338336],[91.064775331817032,25.109863124310976],[91.070703904250834,25.110846782671128],[91.070544178118809,25.111599619458797],[91.073084994876154,25.112021187327432],[91.07340444714022,25.110515513752098],[91.075098324978455,25.110796558997858],[91.075577503374561,25.108538048634852],[91.064567297426066,25.106711254537426],[91.063289488369776,25.112733948838773],[91.059054793774195,25.112031335724378],[91.05985342443438,25.108267151786038],[91.059006485515269,25.108126629163159],[91.059485663911374,25.105868118800153],[91.056944847154028,25.105446550931514],[91.056305942625883,25.108457898082186],[91.054612064787648,25.108176852836429],[91.054292612523582,25.109682526411767],[91.051751795766236,25.109260958543132],[91.051272617370117,25.111519468906138],[91.047037922774535,25.110816855791743],[91.04687819664251,25.111569692579412],[91.040102685289597,25.110445511596382],[91.039463780761452,25.113456858747053],[91.033535208327649,25.112473200386898],[91.03433383898782,25.108709016448557],[91.03518077790693,25.108849539071439],[91.03534050403897,25.10809670228377],[91.038728259715427,25.108658792775284],[91.039207438111546,25.106400282412277],[91.041748254868892,25.106821850280916],[91.042546885529063,25.103057666342576],[91.005281573087998,25.096874670935904],[91.005121846955973,25.097627507723573],[90.99919327452217,25.096643849363421],[90.999353000654196,25.095891012575752],[90.993424428220393,25.0949073542156],[90.993264702088368,25.095660191003269],[90.986489190735441,25.094536010020239],[90.986648916867466,25.09378317323257],[90.979873405514553,25.092658992249536]],[[91.005363388250629,25.117151040529677],[91.009598082846196,25.117853653644072],[91.008479999921946,25.123123511157754],[91.010173877760181,25.123404556403511],[91.009375247099996,25.127168740341851],[91.005140552504415,25.126466127227456],[91.005300278636454,25.125713290439787],[91.001912522959998,25.12515119994827],[91.002870879752209,25.120634179222261],[91.004564757590444,25.120915224468021],[91.005363388250629,25.117151040529677]],[[91.007777985779626,25.134697108218536],[91.015400436051664,25.135961811824444],[91.014122626995373,25.141984506125791],[91.009887932399792,25.141281893011396],[91.010047658531832,25.140529056223727],[91.009200719612721,25.140388533600849],[91.009360445744747,25.139635696813183],[91.006819628987401,25.139214128944548],[91.007777985779626,25.134697108218536]],[[91.005909580454116,25.14763585623178],[91.010991213968808,25.148478991969053],[91.010192583308623,25.152243175907394],[91.005110949793931,25.15140004017012],[91.005909580454116,25.14763585623178]],[[91.040522658264734,25.158054827118701],[91.044757352860302,25.158757440233096],[91.044118448332156,25.161768787383771],[91.048353142927738,25.162471400498166],[91.047554512267553,25.166235584436507],[91.043319817671971,25.165532971322111],[91.043639269936051,25.164027297746774],[91.039404575340484,25.163324684632379],[91.040522658264734,25.158054827118701]],[[91.070054102560661,25.167630662268351],[91.074288797156242,25.168333275382746],[91.073490166496057,25.17209745932109],[91.070102410819601,25.171535368829574],[91.069303780159416,25.175299552767914],[91.065069085563835,25.174596939653519],[91.066027442356045,25.17007991892751],[91.069415198032502,25.170642009419026],[91.070054102560661,25.167630662268351]],[[91.088943101431099,25.177778736306458],[91.09317779602668,25.178481349420853],[91.092379165366495,25.182245533359197],[91.088144470770914,25.181542920244802],[91.088943101431099,25.177778736306458]],[[91.049345006623639,25.174326042804704],[91.053579701219221,25.1750286559191],[91.05278107055905,25.178792839857444],[91.05362800947816,25.178933362480322],[91.05219047428983,25.185708893569338],[91.047955779694263,25.185006280454946],[91.048275231958328,25.183500606879608],[91.043193598443636,25.182657471142335],[91.044311681367901,25.177387613628657],[91.046852498125247,25.177809181497292],[91.047171950389313,25.176303507921954],[91.048865828227534,25.176584553167711],[91.049345006623639,25.174326042804704]]]}},
{"type":"Feature","properties":{"flooded":1,"Risk":"Lo","layer":"Flood_Low","path":"C:\\Users\\Rudra\\Desktop\\flood_extent (2).geojson"},"geometry":{"type":"Polygon","coordinates":[[[92.829575649759505,25.945095138204934],[92.829415923627465,25.945847974992603],[92.828568984708355,25.945707452369724],[92.827610627916144,25.950224473095734],[92.826763688997033,25.950083950472855],[92.825805332204808,25.954600971198868],[92.824958393285684,25.954460448575986],[92.824479214889578,25.956718958938989],[92.825326153808703,25.956859481561871],[92.824527523148518,25.960623665500215],[92.827915278824975,25.961185755991728],[92.82711664816479,25.964949939930069],[92.825422770326554,25.964668894684312],[92.825263044194514,25.965421731471981],[92.823569166356293,25.965140686226224],[92.823089987960188,25.967399196589231],[92.818855293364606,25.966696583474835],[92.819015019496632,25.965943746687167],[92.815627263820176,25.96538165619565],[92.814668907027965,25.969898676921662],[92.808740334594162,25.968915018561511],[92.807462525537872,25.974937712862857],[92.809156403376093,25.975218758108614],[92.808198046583868,25.979735778834623],[92.810738863341214,25.980157346703262],[92.810898589473254,25.979404509915593],[92.814286345149711,25.979966600407106],[92.815404428073961,25.974696742893428],[92.829802389698926,25.977085627482371],[92.830121841963006,25.975579953907033],[92.830968780882117,25.975720476529911],[92.831128507014142,25.974967639742243],[92.837057079447945,25.975951298102395],[92.837695983976104,25.972939950951723],[92.841930678571686,25.973642564066118],[92.843048761495936,25.968372706552437],[92.845589578253282,25.968794274421072],[92.846228482781427,25.9657829272704],[92.849616238457884,25.966345017761917],[92.850095416853989,25.96408650739891],[92.847554600096643,25.963664939530275],[92.848672683020908,25.958395082016597],[92.847825744101797,25.958254559393716],[92.848784100894022,25.953737538667703],[92.845396345217566,25.953175448176189],[92.845715797481631,25.951669774600852],[92.833858652614012,25.949702457880548],[92.834657283274197,25.945938273942208],[92.829575649759505,25.945095138204934]],[[92.827658936175069,25.954129179656956],[92.831893630770651,25.954831792771351],[92.830935273978426,25.95934881349736],[92.826700579382845,25.958646200382965],[92.827658936175069,25.954129179656956]],[[92.830935273978426,25.95934881349736],[92.836863846412228,25.960332471857512],[92.836224941884083,25.963343819008188],[92.840459636479665,25.964046432122579],[92.83966100581948,25.96781061606092],[92.84050794473859,25.967951138683802],[92.839549587946365,25.972468159409814],[92.834467954431673,25.971625023672541],[92.834148502167608,25.973130697247878],[92.823985235138224,25.971444425773331],[92.824783865798409,25.967680241834987],[92.827324682555755,25.968101809703622],[92.827484408687781,25.967348972915953],[92.831719103283362,25.968051586030349],[92.831559377151336,25.968804422818017],[92.834947132827793,25.969366513309534],[92.835426311223898,25.967108002946528],[92.831191616628331,25.966405389832133],[92.831511068892411,25.964899716256795],[92.830664129973286,25.964759193633917],[92.830823856105312,25.964006356846252],[92.829976917186201,25.963865834223373],[92.830935273978426,25.95934881349736]]]}},
{"type":"Feature","properties":{"flooded":1,"Risk":"Lo","layer":"Flood_Low","path":"C:\\Users\\Rudra\\Desktop\\flood_extent (2).geojson"},"geometry":{"type":"Polygon","coordinates":[[[92.950962963391319,26.00108506911527],[92.950483784995214,26.003343579478276],[92.951330723914324,26.003484102101154],[92.951170997782285,26.004236938888823],[92.953711814539631,26.004658506757462],[92.95387154067167,26.003905669969793],[92.958953174186362,26.004748805707063],[92.958633721922283,26.006254479282401],[92.961174538679629,26.006676047151039],[92.960375908019444,26.010440231089383],[92.9637636636959,26.011002321580897],[92.963444211431835,26.012507995156234],[92.967678906027416,26.013210608270626],[92.968158084423521,26.010952097907623],[92.973239717938213,26.011795233644897],[92.972920265674148,26.013300907220231],[92.975461082431494,26.013722475088869],[92.975620808563519,26.0129696383012],[92.978161625320865,26.013391206169835],[92.978481077584945,26.011885532594501],[92.981868833261402,26.012447623086018],[92.982348011657507,26.010189112723012],[92.979807194900161,26.009767544854373],[92.979647468768135,26.010520381642042],[92.976259713091679,26.009958291150529],[92.975940260827599,26.011463964725866],[92.970858627312907,26.010620828988593],[92.971337805709013,26.008362318625586],[92.966256172194321,26.007519182888313],[92.966895076722466,26.004507835737638],[92.96435425996512,26.004086267868999],[92.964194533833094,26.004839104656668],[92.957419022480181,26.003714923673638],[92.957738474744247,26.0022092500983],[92.950962963391319,26.00108506911527]]]}},
{"type":"Feature","properties":{"flooded":1,"Risk":"Lo","layer":"Flood_Low","path":"C:\\Users\\Rudra\\Desktop\\flood_extent (2).geojson"},"geometry":{"type":"Polygon","coordinates":[[[92.707201192042575,26.096245401335469],[92.707041465910535,26.096998238123135],[92.704500649153189,26.0965766702545],[92.704181196889124,26.098082343829837],[92.695711807697975,26.096677117601047],[92.695871533830001,26.095924280813378],[92.693330717072655,26.095502712944743],[92.69285153867655,26.097761223307749],[92.694545416514785,26.098042268553506],[92.693267607458495,26.104064962854853],[92.696655363134951,26.10462705334637],[92.697613719927162,26.100110032620361],[92.700154536684508,26.100531600488996],[92.700473988948588,26.099025926913658],[92.708096439220625,26.100290630519567],[92.707776986956546,26.101796304094904],[92.708623925875656,26.101936826717786],[92.708464199743631,26.102689663505455],[92.711005016500977,26.10311123137409],[92.711484194897082,26.100852721011083],[92.710637255977971,26.100712198388205],[92.710796982110011,26.099959361600536],[92.709103104271776,26.09967831635478],[92.709742008799921,26.096666969204108],[92.707201192042575,26.096245401335469]]]}},
{"type":"Feature","properties":{"flooded":1,"Risk":"Lo","layer":"Flood_Low","path":"C:\\Users\\Rudra\\Desktop\\flood_extent (2).geojson"},"geometry":{"type":"Polygon","coordinates":[[[92.682736579906106,26.099979658394425],[92.682576853774066,26.100732495182093],[92.677495220259374,26.099889359444816],[92.677335494127348,26.100642196232485],[92.676488555208238,26.100501673609607],[92.676009376812118,26.102760183972613],[92.679397132488575,26.10332227446413],[92.67859850182839,26.107086458402474],[92.681986257504846,26.107648548893987],[92.681666805240781,26.109154222469321],[92.683360683079016,26.109435267715078],[92.682082874022726,26.115457962016428],[92.684623690780072,26.115879529885067],[92.685422321440242,26.112115345946723],[92.684575382521118,26.111974823323845],[92.685533739313342,26.107457802597835],[92.684686800394232,26.107317279974957],[92.685006252658312,26.10581160639962],[92.684159313739201,26.105671083776738],[92.685277396663452,26.10040122626306],[92.682736579906106,26.099979658394425]]]}},
{"type":"Feature","properties":{"flooded":1,"Risk":"Lo","layer":"Flood_Low","path":"C:\\Users\\Rudra\\Desktop\\flood_extent (2).geojson"},"geometry":{"type":"Polygon","coordinates":[[[92.603510787580731,26.118008184333579],[92.602871883052586,26.121019531484251],[92.601178005214365,26.120738486238494],[92.601018279082325,26.121491323026163],[92.597630523405854,26.120929232534646],[92.597151345009749,26.123187742897652],[92.598845222847984,26.123468788143409],[92.598525770583905,26.124974461718747],[92.599372709503015,26.125114984341625],[92.59905325723895,26.126620657916963],[92.602441012915421,26.12718274840848],[92.601642382255235,26.13094693234682],[92.592326054144962,26.129401183495151],[92.592645506409028,26.127895509919814],[92.590104689651682,26.127473942051179],[92.590264415783722,26.12672110526351],[92.584335843349919,26.125737446903358],[92.583856664953814,26.127995957266364],[92.58724442063027,26.128558047757878],[92.58708469449823,26.129310884545546],[92.590472450174687,26.129872975037063],[92.589354367250436,26.135142832550741],[92.591895184007782,26.13556440041938],[92.592693814667953,26.131800216481039],[92.601163203859116,26.133205442709826],[92.60100347772709,26.133958279497495],[92.604391233403547,26.134520369989012],[92.605189864063732,26.130756186050668],[92.611965375416645,26.131880367033698],[92.612125101548671,26.13112753024603],[92.612972040467795,26.131268052868908],[92.613451218863915,26.129009542505905],[92.606675707510988,26.127885361522875],[92.606835433643013,26.127132524735206],[92.605141555804792,26.126851479489449],[92.605940186464977,26.123087295551105],[92.607634064303198,26.123368340796862],[92.608113242699318,26.121109830433856],[92.607266303780207,26.120969307810977],[92.607426029912233,26.120216471023312],[92.606579090993122,26.120075948400434],[92.606898543257202,26.118570274825096],[92.603510787580731,26.118008184333579]]]}},
{"type":"Feature","properties":{"flooded":1,"Risk":"Lo","layer":"Flood_Low","path":"C:\\Users\\Rudra\\Desktop\\flood_extent (2).geojson"},"geometry":{"type":"Polygon","coordinates":[[[92.3284675774525,26.116795777646711],[92.32830785132046,26.11754861443438],[92.327460912401349,26.117408091811502],[92.326822007873204,26.120419438962177],[92.325975068954079,26.120278916339299],[92.32549589055796,26.122537426702301],[92.32718976839621,26.122818471948058],[92.324474424151575,26.135616697338424],[92.327862179828031,26.136178787829941],[92.327223275299886,26.139190134980613],[92.330611030976343,26.139752225472126],[92.329492948052092,26.145022082985808],[92.332033764809438,26.145443650854446],[92.332193490941478,26.144690814066777],[92.335581246617949,26.145252904558291],[92.336539603410159,26.140735883832278],[92.33823348124838,26.141016929078038],[92.339032111908566,26.137252745139698],[92.342419867585036,26.137814835631211],[92.343218498245221,26.134050651692867],[92.345759315002567,26.134472219561506],[92.346398219530712,26.131460872410834],[92.35147985304539,26.132304008148107],[92.351959031441496,26.130045497785101],[92.34941821468415,26.129623929916463],[92.349258488552124,26.130376766704131],[92.345023793956557,26.12967415358974],[92.345183520088582,26.128921316802071],[92.340101886573891,26.128078181064797],[92.340900517234076,26.124313997126457],[92.33835970047673,26.123892429257818],[92.338679152740809,26.122386755682481],[92.335291397064353,26.121824665190967],[92.335770575460458,26.119566154827961],[92.334923636541333,26.119425632205079],[92.335083362673373,26.11867279541741],[92.330848668077806,26.117970182303019],[92.331008394209846,26.11721734551535],[92.3284675774525,26.116795777646711]]]}},
{"type":"Feature","properties":{"flooded":1,"Risk":"Lo","layer":"Flood_Low","path":"C:\\Users\\Rudra\\Desktop\\flood_extent (2).geojson"},"geometry":{"type":"Polygon","coordinates":[[[92.404614169203441,26.150472020087257],[92.404134990807322,26.15273053045026],[92.403288051888211,26.152590007827378],[92.402808873492106,26.154848518190384],[92.404502751330341,26.155129563436144],[92.404343025198301,26.155882400223813],[92.410271597632104,26.156866058583965],[92.409632693103958,26.15987740573464],[92.412173509861304,26.160298973603275],[92.41281241438945,26.1572876264526],[92.417047108985017,26.157990239566995],[92.416248478324832,26.161754423505336],[92.419636234001302,26.162316513996853],[92.419476507869277,26.163069350784522],[92.420323446788387,26.1632098734074],[92.420003994524308,26.164715546982737],[92.423391750200764,26.165277637474251],[92.423232024068724,26.16603047426192],[92.430854474340762,26.167295177867832],[92.431333652736882,26.165036667504825],[92.430486713817771,26.164896144881947],[92.430806166081837,26.163390471306613],[92.429959227162712,26.163249948683731],[92.430438405558832,26.160991438320725],[92.421122077448572,26.159445689469059],[92.421441529712638,26.157940015893722],[92.415512957278835,26.15695635753357],[92.416151861806981,26.153945010382895],[92.414457983968745,26.153663965137135],[92.414777436232825,26.1521582915618],[92.404614169203441,26.150472020087257]]]}},
{"type":"Feature","properties":{"flooded":1,"Risk":"Lo","layer":"Flood_Low","path":"C:\\Users\\Rudra\\Desktop\\flood_extent (2).geojson"},"geometry":{"type":"Polygon","coordinates":[[[92.396831992799363,26.149960153269014],[92.396033362139178,26.153724337207354],[92.394339484300957,26.153443291961597],[92.394179758168917,26.154196128749266],[92.389945063573336,26.153493515634871],[92.389306159045191,26.156504862785546],[92.385918403368734,26.155942772294033],[92.385439224972629,26.158201282657036],[92.38713310281085,26.158482327902792],[92.386015019886585,26.163752185416474],[92.390249714482167,26.164454798530869],[92.390569166746246,26.162949124955531],[92.393956922422703,26.163511215447045],[92.395394457611033,26.156735684358029],[92.396241396530158,26.156876206980908],[92.397199753322383,26.152359186254895],[92.398893631160604,26.152640231500655],[92.399372809556709,26.150381721137649],[92.396831992799363,26.149960153269014]]]}},
{"type":"Feature","properties":{"flooded":1,"Risk":"Lo","layer":"Flood_Low","path":"C:\\Users\\Rudra\\Desktop\\flood_extent (2).geojson"},"geometry":{"type":"Polygon","coordinates":[[[92.579719402293691,26.312792017646611],[92.578601319369426,26.318061875160289],[92.575213563692955,26.317499784668772],[92.57457465916481,26.320511131819448],[92.571186903488353,26.319949041327934],[92.570707725092248,26.322207551690941],[92.571554664011359,26.322348074313819],[92.571235211747279,26.323853747889153],[92.581398478776663,26.3255400193637],[92.581238752644637,26.326292856151369],[92.583779569401983,26.326714424020004],[92.584418473930128,26.323703076869332],[92.583571535011018,26.323562554246454],[92.583731261143043,26.322809717458785],[92.580343505466587,26.322247626967268],[92.582260219051037,26.313213585515246],[92.579719402293691,26.312792017646611]]]}},
{"type":"Feature","properties":{"flooded":1,"Risk":"Lo","layer":"Flood_Low","path":"C:\\Users\\Rudra\\Desktop\\flood_extent (2).geojson"},"geometry":{"type":"Polygon","coordinates":[[[92.648273146483078,26.32026964353858],[92.647953694218998,26.321775317113914],[92.645412877461652,26.321353749245279],[92.645093425197587,26.322859422820617],[92.640011791682895,26.322016287083343],[92.639532613286775,26.32427479744635],[92.645461185720592,26.325258455806502],[92.644982007324487,26.327516966169505],[92.645828946243597,26.327657488792383],[92.644870589451372,26.332174509518396],[92.647411406208718,26.332596077387031],[92.646133597152428,26.338618771688378],[92.645286658233317,26.338478249065499],[92.644807479837212,26.340736759428506],[92.649042174432779,26.341439372542901],[92.648403269904634,26.344450719693572],[92.65094408666198,26.344872287562211],[92.651582991190125,26.341860940411539],[92.655817685785706,26.342563553525931],[92.656616316445891,26.338799369587587],[92.654075499688545,26.338377801718952],[92.654394951952611,26.336872128143618],[92.652701074114376,26.336591082897861],[92.6536594309066,26.332074062171849],[92.657894125502182,26.33277667528624],[92.658373303898287,26.330518164923234],[92.657526364979162,26.330377642300355],[92.658165269507307,26.327366295149684],[92.655624452749962,26.326944727281049],[92.655943905014041,26.325439053705711],[92.650862271499363,26.324595917968438],[92.651660902159549,26.320831734030094],[92.648273146483078,26.32026964353858]],[[92.647842276345898,26.326432860462806],[92.652076970941465,26.327135473577201],[92.651278340281294,26.330899657515541],[92.647043645685727,26.330197044401146],[92.647842276345898,26.326432860462806]]]}},
{"type":"Feature","properties":{"flooded":1,"Risk":"Lo","layer":"Flood_Low","path":"C:\\Users\\Rudra\\Desktop\\flood_extent (2).geojson"},"geometry":{"type":"Polygon","coordinates":[[[91.285214172007528,26.108141373373137],[91.284255815215303,26.112658394099146],[91.285949693053524,26.112939439344903],[91.284192705601114,26.121220644009256],[91.279958011005547,26.120518030894861],[91.279478832609442,26.122776541257867],[91.282019649366788,26.123198109126506],[91.282339101630868,26.121692435551168],[91.287420735145545,26.122535571288442],[91.288379091937756,26.118018550562432],[91.290919908695102,26.118440118431067],[91.291558813223247,26.115428771280392],[91.292405752142372,26.11556929390327],[91.293204382802557,26.111805109964926],[91.294898260640778,26.112086155210687],[91.295377439036898,26.109827644847684],[91.285214172007528,26.108141373373137]]]}},
{"type":"Feature","properties":{"flooded":1,"Risk":"Lo","layer":"Flood_Low","path":"C:\\Users\\Rudra\\Desktop\\flood_extent (2).geojson"},"geometry":{"type":"Polygon","coordinates":[[[92.691630661683192,26.367989036492947],[92.691470935551152,26.368741873280616],[92.685542363117349,26.367758214920464],[92.685382636985324,26.368511051708133],[92.684535698066199,26.368370529085254],[92.684056519670079,26.370629039448261],[92.689985092103882,26.371612697808413],[92.689026735311671,26.376129718534422],[92.691567552069017,26.37655128640306],[92.691887004333083,26.375045612827726],[92.696968637847775,26.375888748565],[92.696808911715735,26.376641585352665],[92.699349728473081,26.3770631532213],[92.69998863300124,26.374051806070629],[92.696600877324784,26.373489715579112],[92.696760603456809,26.372736878791443],[92.695913664537699,26.372596356168565],[92.696233116801778,26.371090682593227],[92.693692300044432,26.370669114724592],[92.694171478440538,26.368410604361586],[92.691630661683192,26.367989036492947]]]}},
{"type":"Feature","properties":{"flooded":1,"Risk":"Lo","layer":"Flood_Low","path":"C:\\Users\\Rudra\\Desktop\\flood_extent (2).geojson"},"geometry":{"type":"Polygon","coordinates":[[[92.707354740623387,26.368259933341765],[92.707035288359307,26.369765606917102],[92.704494471601961,26.369344039048467],[92.703855567073816,26.372355386199139],[92.702161689235581,26.372074340953379],[92.701682510839476,26.374332851316385],[92.705070266515932,26.374894941807902],[92.704750814251852,26.37640061538324],[92.707291631009198,26.376822183251875],[92.706333274216973,26.381339203977884],[92.707180213136098,26.381479726600766],[92.705902404079808,26.387502420902113],[92.710137098675375,26.388205034016504],[92.71077600320352,26.385193686865833],[92.712469881041756,26.385474732111593],[92.712949059437875,26.383216221748587],[92.709561303761404,26.38265413125707],[92.710359934421575,26.378889947318726],[92.709512995502465,26.378749424695847],[92.710631078426729,26.373479567182169],[92.715712711941421,26.374322702919443],[92.714754355149196,26.378839723645456],[92.716448232987432,26.379120768891212],[92.716128780723366,26.380626442466546],[92.718669597480712,26.381048010335185],[92.719148775876818,26.378789499972182],[92.717454898038582,26.378508454726422],[92.718093802566727,26.375497107575747],[92.716399924728492,26.37521606232999],[92.717198555388677,26.37145187839165],[92.712116921873985,26.370608742654376],[92.712436374138065,26.369103069079038],[92.707354740623387,26.368259933341765]]]}},
{"type":"Feature","properties":{"flooded":1,"Risk":"Lo","layer":"Flood_Low","path":"C:\\Users\\Rudra\\Desktop\\flood_extent (2).geojson"},"geometry":{"type":"Polygon","coordinates":[[[91.26003274437349,26.135916183964206],[91.258914661449225,26.141186041477884],[91.2580677225301,26.141045518855005],[91.256470461209744,26.14857388673169],[91.25901127796709,26.148995454600328],[91.259171004099116,26.148242617812659],[91.260864881937351,26.148523663058416],[91.261344060333471,26.146265152695413],[91.267272632767273,26.147248811055562],[91.267112906635234,26.14800164784323],[91.26965372339258,26.148423215711869],[91.269813449524619,26.147670378924204],[91.27066038844373,26.147810901547082],[91.271139566839835,26.145552391184076],[91.266057933325143,26.144709255446802],[91.266537111721249,26.142450745083796],[91.264843233883028,26.142169699838039],[91.265482138411173,26.139158352687364],[91.262094382734702,26.138596262195847],[91.262573561130822,26.136337751832844],[91.26003274437349,26.135916183964206]]]}},
{"type":"Feature","properties":{"flooded":1,"Risk":"Lo","layer":"Flood_Low","path":"C:\\Users\\Rudra\\Desktop\\flood_extent (2).geojson"},"geometry":{"type":"Polygon","coordinates":[[[92.340630188646529,26.307413637635211],[92.340310736382449,26.308919311210548],[92.336922980705992,26.308357220719035],[92.335006267121557,26.317391262171054],[92.331618511445086,26.316829171679537],[92.330979606916941,26.319840518830212],[92.328438790159609,26.319418950961577],[92.328119337895529,26.320924624536914],[92.326425460057294,26.320643579291154],[92.325946281661189,26.322902089654157],[92.328487098418535,26.323323657522799],[92.327848193890389,26.326335004673471],[92.3286951328095,26.326475527296349],[92.32821595441338,26.328734037659355],[92.330756771170726,26.329155605527991],[92.331874854094991,26.323885748014312],[92.336956487609683,26.324728883751582],[92.337435666005788,26.32247037338858],[92.334894849248442,26.322048805519945],[92.335693479908628,26.318284621581601],[92.337387357746863,26.318565666827357],[92.337706810010928,26.31705999325202],[92.343635382444731,26.318043651612172],[92.343795108576771,26.317290814824506],[92.348876742091463,26.31813395056178],[92.348717015959423,26.318886787349445],[92.351257832716769,26.319308355218084],[92.352375915641034,26.314038497704406],[92.349835098883688,26.313616929835767],[92.349515646619608,26.315122603411105],[92.347821768781372,26.314841558165348],[92.347662042649347,26.315594394953017],[92.340039592377309,26.314329691347105],[92.34099794916952,26.309812670621092],[92.343538765926866,26.310234238489731],[92.344017944322985,26.307975728126728],[92.340630188646529,26.307413637635211]]]}},
{"type":"Feature","properties":{"flooded":1,"Risk":"Lo","layer":"Flood_Low","path":"C:\\Users\\Rudra\\Desktop\\flood_extent (2).geojson"},"geometry":{"type":"Polygon","coordinates":[[[91.847058031838131,26.24110777474171],[91.846259401177946,26.244871958680051],[91.847953279016167,26.245153003925811],[91.847793552884127,26.24590584071348],[91.848640491803252,26.246046363336358],[91.848161313407147,26.248304873699364],[91.85493682476006,26.249429054682395],[91.854138194099875,26.253193238620735],[91.860913705452802,26.254317419603765],[91.861233157716882,26.252811746028431],[91.865467852312463,26.253514359142827],[91.866106756840608,26.250503011992151],[91.8550965508921,26.248676217894726],[91.855735455420245,26.245664870744051],[91.853194638662899,26.245243302875412],[91.853514090926964,26.243737629300078],[91.851820213088743,26.243456584054321],[91.851979939220783,26.242703747266653],[91.849439122463437,26.242282179398018],[91.849598848595477,26.241529342610349],[91.847058031838131,26.24110777474171]]]}},
{"type":"Feature","properties":{"flooded":1,"Risk":"Lo","layer":"Flood_Low","path":"C:\\Users\\Rudra\\Desktop\\flood_extent (2).geojson"},"geometry":{"type":"Polygon","coordinates":[[[92.741265804291672,26.390252501289474],[92.740946352027606,26.391758174864812],[92.740099413108481,26.391617652241933],[92.738182699524032,26.400651693693952],[92.73310106600934,26.399808557956678],[92.732462161481195,26.402819905107354],[92.736696856076776,26.403522518221749],[92.736537129944736,26.404275355009418],[92.737384068863847,26.404415877632296],[92.736425712071636,26.408932898358305],[92.741507345586328,26.409776034095579],[92.741986523982433,26.407517523732576],[92.741139585063323,26.407377001109694],[92.741459037327402,26.405871327534356],[92.740612098408292,26.405730804911478],[92.741730181332542,26.400460947397796],[92.744270998089888,26.400882515266435],[92.744909902618033,26.397871168115763],[92.743216024779798,26.397590122870003],[92.744493833836088,26.391567428568656],[92.743646894916978,26.391426905945778],[92.743806621049018,26.390674069158109],[92.741265804291672,26.390252501289474]]]}},
{"type":"Feature","properties":{"flooded":1,"Risk":"Lo","layer":"Flood_Low","path":"C:\\Users\\Rudra\\Desktop\\flood_extent (2).geojson"},"geometry":{"type":"Polygon","coordinates":[[[91.237068777039511,26.124312660024035],[91.236749324775431,26.125818333599373],[91.23505544693721,26.125537288353616],[91.23489572080517,26.126290125141281],[91.228967148371353,26.125306466781129],[91.228487969975248,26.127564977144136],[91.227641031056137,26.127424454521258],[91.227481304924098,26.128177291308926],[91.225787427085862,26.127896246063166],[91.225627700953822,26.128649082850835],[91.224780762034712,26.128508560227957],[91.223822405242501,26.133025580953966],[91.218740771727809,26.132182445216692],[91.218421319463729,26.13368811879203],[91.215880502706383,26.133266550923395],[91.214602693650093,26.139289245224742],[91.217143510407439,26.139710813093377],[91.217622688803544,26.137452302730374],[91.222704322318236,26.138295438467647],[91.221426513261946,26.144318132768994],[91.220579574342835,26.144177610146116],[91.220419848210796,26.144930446933785],[91.216185153615214,26.144227833819389],[91.215705975219109,26.146486344182396],[91.212318219542652,26.145924253690882],[91.211519588882467,26.149688437629223],[91.212366527801578,26.149828960252101],[91.211567897141393,26.153593144190445],[91.208180141464936,26.153031053698928],[91.207381510804751,26.156795237637269],[91.209922327562097,26.157216805505907],[91.210241779826177,26.15571113193057],[91.211088718745287,26.155851654553448],[91.211248444877327,26.155098817765779],[91.214636200553784,26.155660908257293],[91.214795926685809,26.154908071469624],[91.21818368236228,26.155470161961141],[91.218822586890425,26.152458814810469],[91.217975647971301,26.152318292187591],[91.218934004763526,26.147801271461578],[91.223168699359107,26.148503884575973],[91.222689520963002,26.15076239493898],[91.225230337720348,26.151183962807615],[91.225070611588308,26.151936799595283],[91.229305306183889,26.152639412709679],[91.23042338910814,26.147369555196001],[91.227882572350794,26.146947987327362],[91.227722846218768,26.147700824115031],[91.223488151623187,26.146998211000639],[91.224606234547437,26.141728353486958],[91.223759295628327,26.141587830864076],[91.225037104684617,26.135565136562729],[91.226730982522838,26.135846181808489],[91.226890708654878,26.13509334502082],[91.227737647574003,26.135233867643699],[91.227897373706043,26.13448103085603],[91.228744312625153,26.134621553478908],[91.229542943285338,26.130857369540568],[91.231236821123574,26.131138414786324],[91.231875725651719,26.128127067635649],[91.236957359166411,26.128970203372923],[91.237117085298451,26.128217366585254],[91.237964024217561,26.128357889208132],[91.238283476481627,26.126852215632795],[91.239977354319862,26.127133260878555],[91.240456532715982,26.124874750515552],[91.237068777039511,26.124312660024035]]]}},
{"type":"Feature","properties":{"flooded":1,"Risk":"Lo","layer":"Flood_Low","path":"C:\\Users\\Rudra\\Desktop\\flood_extent (2).geojson"},"geometry":{"type":"Polygon","coordinates":[[[91.896485140055631,26.260219369764677],[91.896325413923591,26.260972206552346],[91.89463153608537,26.260691161306589],[91.894152357689265,26.262949671669595],[91.884836029578992,26.26140392281793],[91.884356851182886,26.263662433180937],[91.886897667940232,26.264084001049572],[91.886737941808192,26.26483683783724],[91.892666514241995,26.265820496197392],[91.89186788358181,26.269584680135733],[91.895255639258281,26.27014677062725],[91.89557509152236,26.268641097051912],[91.897268969360582,26.268922142297669],[91.898227326152792,26.264405121571659],[91.903308959667484,26.265248257308933],[91.903149233535444,26.266001094096602],[91.90484311137368,26.266282139342358],[91.904044480713509,26.270046323280699],[91.899809786117928,26.269343710166304],[91.899330607721808,26.27160222052931],[91.903565302317389,26.272304833643705],[91.903086123921284,26.274563344006712],[91.906473879597741,26.275125434498229],[91.906793331861806,26.273619760922891],[91.907640270780917,26.273760283545769],[91.907799996912956,26.273007446758101],[91.909493874751192,26.273288492003857],[91.910452231543417,26.268771471277848],[91.911299170462527,26.268911993900726],[91.911778348858633,26.26665348353772],[91.910084471020411,26.266372438291963],[91.910244197152451,26.265619601504294],[91.909397258233327,26.265479078881416],[91.909556984365366,26.264726242093747],[91.90616922868891,26.26416415160223],[91.90632895482095,26.263411314814562],[91.901247321306258,26.262568179077288],[91.901407047438283,26.261815342289619],[91.900560108519173,26.261674819666741],[91.900719834651213,26.260921982879072],[91.896485140055631,26.260219369764677]]]}},
{"type":"Feature","properties":{"flooded":1,"Risk":"Lo","layer":"Flood_Low","path":"C:\\Users\\Rudra\\Desktop\\flood_extent (2).geojson"},"geometry":{"type":"Polygon","coordinates":[[[91.832485542725891,26.251938683411769],[91.832006364329771,26.254197193774775],[91.833700242168007,26.254478239020532],[91.833380789903941,26.25598391259587],[91.834227728823052,26.256124435218752],[91.833588824294907,26.259135782369423],[91.834435763214032,26.259276304992301],[91.834116310949952,26.260781978567639],[91.834963249869062,26.260922501190517],[91.834643797604997,26.262428174765855],[91.835490736524108,26.262568697388733],[91.835331010392068,26.263321534176402],[91.837024888230303,26.263602579422159],[91.836545709834198,26.265861089785162],[91.839086526591544,26.266282657653804],[91.840204609515794,26.261012800140122],[91.841898487354015,26.261293845385879],[91.842377665750121,26.259035335022872],[91.84153072683101,26.258894812399994],[91.84169045296305,26.258141975612329],[91.840843514043939,26.258001452989451],[91.841482418572085,26.254990105838775],[91.835553846138282,26.254006447478623],[91.835873298402362,26.252500773903286],[91.832485542725891,26.251938683411769]]]}},
{"type":"Feature","properties":{"flooded":1,"Risk":"Lo","layer":"Flood_Low","path":"C:\\Users\\Rudra\\Desktop\\flood_extent (2).geojson"},"geometry":{"type":"Polygon","coordinates":[[[91.304363417721049,26.166651599721234],[91.303884239324944,26.168910110084241],[91.30642505608229,26.169331677952879],[91.305466699290065,26.173848698678889],[91.299538126856262,26.172865040318737],[91.299857579120342,26.171359366743399],[91.299010640201217,26.171218844120521],[91.299170366333257,26.170466007332852],[91.296629549575925,26.170044439464213],[91.296469823443886,26.170797276251882],[91.295622884524761,26.170656753629004],[91.295143706128655,26.17291526399201],[91.301072278562458,26.173898922352162],[91.300593100166338,26.176157432715168],[91.303980855842809,26.176719523206685],[91.303661403578744,26.178225196782019],[91.30620222033609,26.178646764650654],[91.306521672600155,26.17714109107532],[91.309062489357501,26.177562658943955],[91.309222215489541,26.176809822156287],[91.310069154408652,26.176950344779168],[91.310708058936797,26.173938997628493],[91.309861120017686,26.173798475005611],[91.310340298413806,26.171539964642605],[91.309493359494681,26.171399442019727],[91.309812811758746,26.169893768444393],[91.308965872839636,26.169753245821514],[91.309125598971676,26.169000409033846],[91.30658478221433,26.16857884116521],[91.306904234478395,26.167073167589873],[91.304363417721049,26.166651599721234]]]}},
{"type":"Feature","properties":{"flooded":1,"Risk":"Lo","layer":"Flood_Low","path":"C:\\Users\\Rudra\\Desktop\\flood_extent (2).geojson"},"geometry":{"type":"Polygon","coordinates":[[[91.821746480782537,26.244701509177787],[91.821267302386431,26.246960019540793],[91.817879546709975,26.246397929049277],[91.817719820577935,26.247150765836942],[91.81687288165881,26.247010243214064],[91.816553429394745,26.248515916789401],[91.809777918041831,26.247391735806371],[91.809618191909792,26.24814457259404],[91.807077375152446,26.247723004725405],[91.806917649020406,26.248475841513073],[91.806070710101281,26.248335318890192],[91.805751257837201,26.249840992465529],[91.803210441079855,26.249419424596894],[91.80305071494783,26.250172261384563],[91.797122142514027,26.249188603024411],[91.797281868646053,26.248435766236742],[91.793047174050486,26.247733153122347],[91.79272772178642,26.249238826697685],[91.791880782867295,26.249098304074806],[91.79124187833915,26.252109651225478],[91.795476572934732,26.252812264339873],[91.794677942274546,26.256576448278217],[91.792984064436311,26.256295403032457],[91.792504886040206,26.25855391339546],[91.795045702797552,26.258975481264102],[91.795205428929577,26.258222644476433],[91.799440123525159,26.258925257590828],[91.798641492864974,26.262689441529169],[91.80118230962232,26.263111009397804],[91.801342035754359,26.262358172610135],[91.80218897467347,26.262498695233013],[91.80266815306959,26.260240184870007],[91.806902847665171,26.260942797984406],[91.808020930589421,26.255672940470724],[91.808867869508532,26.255813463093602],[91.809027595640572,26.255060626305934],[91.813262290236153,26.255763239420329],[91.812623385708008,26.258774586571004],[91.816011141384465,26.259336677062517],[91.81617086751649,26.258583840274849],[91.820405562112072,26.259286453389244],[91.822961180224667,26.24724106478655],[91.823808119143777,26.247381587409429],[91.824287297539883,26.245123077046422],[91.821746480782537,26.244701509177787]]]}},
{"type":"Feature","properties":{"flooded":1,"Risk":"Lo","layer":"Flood_Low","path":"C:\\Users\\Rudra\\Desktop\\flood_extent (2).geojson"},"geometry":{"type":"Polygon","coordinates":[[[91.844327886238261,26.266372956603409],[91.843848707842156,26.268631466966411],[91.838767074327464,26.267788331229138],[91.838287895931359,26.270046841592144],[91.842522590526926,26.270749454706539],[91.842203138262846,26.272255128281877],[91.843897016101081,26.272536173527634],[91.843737289969042,26.273289010315303],[91.844584228888152,26.273429532938181],[91.844424502756127,26.27418236972585],[91.850353075189943,26.275166028086002],[91.850193349057903,26.275918864873667],[91.852734165815249,26.276340432742302],[91.853373070343395,26.27332908559163],[91.856760826019851,26.273891176083147],[91.857240004415956,26.271632665720141],[91.850464493063029,26.27050848473711],[91.850943671459149,26.268249974374108],[91.850096732540038,26.268109451751229],[91.850256458672064,26.26735661496356],[91.844327886238261,26.266372956603409]]]}},
{"type":"Feature","properties":{"flooded":1,"Risk":"Lo","layer":"Flood_Low","path":"C:\\Users\\Rudra\\Desktop\\flood_extent (2).geojson"},"geometry":{"type":"Polygon","coordinates":[[[91.26751417406193,26.16677234386167],[91.266875269533784,26.169783691012345],[91.265181391695549,26.169502645766588],[91.264702213299444,26.171761156129591],[91.265549152218554,26.171901678752469],[91.265389426086514,26.172654515540138],[91.266236365005639,26.172795038163017],[91.266076638873599,26.173547874950685],[91.26692357779271,26.173688397573564],[91.26676385166067,26.174441234361232],[91.268457729498905,26.174722279606989],[91.26813827723484,26.176227953182327],[91.269832155073061,26.176508998428087],[91.269193250544916,26.179520345578759],[91.270040189464041,26.179660868201637],[91.269880463332001,26.180413704989306],[91.270727402251111,26.180554227612184],[91.270567676119072,26.181307064399853],[91.275649309633764,26.182150200137126],[91.276447940293949,26.178386016198786],[91.277294879213059,26.178526538821664],[91.278093509873244,26.17476235488332],[91.273011876358552,26.173919219146047],[91.273171602490592,26.173166382358378],[91.271477724652371,26.172885337112621],[91.271956903048476,26.170626826749618],[91.270263025210241,26.170345781503862],[91.270422751342281,26.169592944716193],[91.26957581242317,26.169452422093311],[91.270054990819276,26.167193911730305],[91.26751417406193,26.16677234386167]]]}},
{"type":"Feature","properties":{"flooded":1,"Risk":"Lo","layer":"Flood_Low","path":"C:\\Users\\Rudra\\Desktop\\flood_extent (2).geojson"},"geometry":{"type":"Polygon","coordinates":[[[91.197712223526722,26.140383499328387],[91.196434414470431,26.146406193629733],[91.193046658793975,26.145844103138216],[91.19192857586971,26.151113960651895],[91.191081636950599,26.150973438029016],[91.189484375630244,26.158501805905701],[91.185249681034662,26.157799192791309],[91.184930228770583,26.159304866366643],[91.184083289851472,26.159164343743765],[91.183604111455367,26.161422854106771],[91.185297989293588,26.161703899352528],[91.184339632501363,26.166220920078537],[91.186033510339598,26.166501965324297],[91.185714058075519,26.168007638899635],[91.187407935913754,26.168288684145391],[91.187088483649688,26.169794357720729],[91.187935422568799,26.169934880343607],[91.187775696436759,26.170687717131276],[91.190316513194105,26.171109284999915],[91.19095541772225,26.16809793784924],[91.188414600964904,26.167676369980601],[91.189372957757129,26.163159349254592],[91.193607652352696,26.163861962368987],[91.193128473956591,26.166120472731993],[91.196516229633062,26.16668256322351],[91.196995408029167,26.164424052860504],[91.196148469110042,26.164283530237622],[91.196308195242082,26.163530693449953],[91.195461256322972,26.163390170827075],[91.195780708587037,26.161884497251737],[91.194933769667927,26.161743974628859],[91.196051852592191,26.156474117115181],[91.195204913673066,26.156333594492303],[91.195684092069172,26.154075084129296],[91.194837153150061,26.153934561506418],[91.195795509942286,26.149417540780409],[91.199183265618743,26.149979631271922],[91.199342991750768,26.149226794484253],[91.200189930669893,26.149367317107135],[91.201148287462118,26.144850296381122],[91.200301348542993,26.14470977375824],[91.201099979203178,26.1409455898199],[91.197712223526722,26.140383499328387]]]}},
{"type":"Feature","properties":{"flooded":1,"Risk":"Lo","layer":"Flood_Low","path":"C:\\Users\\Rudra\\Desktop\\flood_extent (2).geojson"},"geometry":{"type":"Polygon","coordinates":[[[90.811095911821496,26.111307019723732],[90.810936185689457,26.112059856511397],[90.810089246770346,26.111919333888515],[90.809769794506281,26.113425007463853],[90.803841222072464,26.112441349103701],[90.803362043676344,26.114699859466707],[90.806749799352815,26.115261949958224],[90.806590073220789,26.116014786745893],[90.811671706735467,26.116857922483167],[90.811511980603427,26.117610759270836],[90.816593614118119,26.118453895008109],[90.816913066382185,26.116948221432772],[90.81860694422042,26.117229266678528],[90.81876667035246,26.116476429890859],[90.81961360927157,26.116616952513738],[90.820412239931755,26.112852768575397],[90.811095911821496,26.111307019723732]]]}},
{"type":"Feature","properties":{"flooded":1,"Risk":"Lo","layer":"Flood_Low","path":"C:\\Users\\Rudra\\Desktop\\flood_extent (2).geojson"},"geometry":{"type":"Polygon","coordinates":[[[91.870374958339852,26.267577288139098],[91.869416601547641,26.272094308865107],[91.868569662628531,26.271953786242229],[91.868090484232411,26.274212296605235],[91.870631300989757,26.274633864473874],[91.869672944197546,26.279150885199883],[91.873060699874003,26.279712975691396],[91.872581521477883,26.281971486054402],[91.873428460397008,26.282112008677281],[91.873268734264983,26.28286484546495],[91.874115673184093,26.283005368087828],[91.873796220920013,26.284511041663166],[91.874643159839124,26.284651564286047],[91.874163981443019,26.286910074649054],[91.875010920362143,26.287050597271932],[91.874851194230104,26.287803434059601],[91.875698133149214,26.287943956682479],[91.875059228621069,26.290955303833151],[91.880987801054872,26.291938962193303],[91.880189170394686,26.295703146131647],[91.882729987152032,26.296124714000282],[91.883209165548138,26.293866203637275],[91.885749982305484,26.294287771505914],[91.886229160701603,26.292029261142908],[91.885382221782493,26.291888738520029],[91.885861400178598,26.289630228157026],[91.885014461259473,26.289489705534148],[91.885493639655579,26.287231195171142],[91.883799761817357,26.286950149925381],[91.883959487949397,26.286197313137713],[91.878030915515595,26.285213654777561],[91.87994762910003,26.276179613325539],[91.880794568019141,26.276320135948417],[91.88127374641526,26.274061625585411],[91.88042680749615,26.273921102962532],[91.88058653362819,26.273168266174864],[91.874657961194373,26.272184607814715],[91.874977413458438,26.270678934239378],[91.872436596701093,26.270257366370743],[91.872915775097198,26.267998856007736],[91.870374958339852,26.267577288139098]]]}},
{"type":"Feature","properties":{"flooded":1,"Risk":"Lo","layer":"Flood_Low","path":"C:\\Users\\Rudra\\Desktop\\flood_extent (2).geojson"},"geometry":{"type":"Polygon","coordinates":[[[92.009993660765502,26.307888020734335],[92.009354756237357,26.310899367885007],[92.003426183803555,26.309915709524855],[92.00262755314337,26.313679893463199],[92.003474492062495,26.313820416086077],[92.003155039798429,26.315326089661415],[92.007389734393996,26.31602870277581],[92.007230008261956,26.316781539563479],[92.010617763938413,26.317343630054992],[92.011256668466558,26.314332282904317],[92.018879118738596,26.315596986510229],[92.019198571002676,26.314091312934892],[92.020892448840911,26.314372358180648],[92.021371627237016,26.312113847817646],[92.019677749398781,26.311832802571889],[92.019837475530821,26.31107996578422],[92.01899053661171,26.310939443161342],[92.01915026274375,26.310186606373673],[92.013221690309948,26.309202948013521],[92.013381416441973,26.308450111225852],[92.009993660765502,26.307888020734335]]]}},
{"type":"Feature","properties":{"flooded":1,"Risk":"Lo","layer":"Flood_Low","path":"C:\\Users\\Rudra\\Desktop\\flood_extent (2).geojson"},"geometry":{"type":"Polygon","coordinates":[[[90.781612775784509,26.1056358911353],[90.78145304965247,26.106388727922969],[90.780606110733345,26.106248205300091],[90.780446384601305,26.107001042087756],[90.779599445682194,26.106860519464878],[90.779279993418129,26.108366193040215],[90.771657543146091,26.107101489434307],[90.771338090882011,26.108607163009644],[90.767950335205555,26.108045072518127],[90.767471156809449,26.110303582881134],[90.775093607081487,26.111568286487042],[90.774774154817408,26.11307396006238],[90.778161910493864,26.113636050553897],[90.778002184361824,26.114388887341562],[90.785624634633862,26.115653590947474],[90.785464908501837,26.116406427735139],[90.789699603097404,26.117109040849535],[90.789859329229429,26.116356204061866],[90.790706268148554,26.116496726684744],[90.791345172676714,26.113485379534072],[90.789651294838478,26.113204334288316],[90.790130473234584,26.110945823925309],[90.789283534315473,26.110805301302431],[90.789443260447513,26.110052464514762],[90.787749382609277,26.109771419269006],[90.788228561005383,26.107512908906003],[90.784840805328926,26.106950818414486],[90.785000531460966,26.106197981626817],[90.781612775784509,26.1056358911353]]]}},
{"type":"Feature","properties":{"flooded":1,"Risk":"Lo","layer":"Flood_Low","path":"C:\\Users\\Rudra\\Desktop\\flood_extent (2).geojson"},"geometry":{"type":"Polygon","coordinates":[[[92.904569193742063,26.45943178026798],[92.904409467610023,26.460184617055649],[92.901868650852677,26.459763049187011],[92.899951937268241,26.468797090639033],[92.906727448621155,26.469921271622066],[92.906887174753194,26.469168434834398],[92.90858105259143,26.469449480080154],[92.909539409383655,26.464932459354145],[92.912927165060111,26.465494549845658],[92.913406343456217,26.463236039482652],[92.910865526698871,26.462814471614017],[92.911344705094976,26.460555961251011],[92.904569193742063,26.45943178026798]]]}},
{"type":"Feature","properties":{"flooded":1,"Risk":"Lo","layer":"Flood_Low","path":"C:\\Users\\Rudra\\Desktop\\flood_extent (2).geojson"},"geometry":{"type":"Polygon","coordinates":[[[91.296726166093777,26.177853852586654],[91.296566439961737,26.178606689374323],[91.295719501042626,26.178466166751445],[91.295559774910586,26.179219003539114],[91.294712835991476,26.179078480916235],[91.29455310985945,26.179831317703904],[91.293706170940325,26.179690795081026],[91.293546444808285,26.180443631868695],[91.292699505889175,26.180303109245816],[91.292539779757135,26.181055946033485],[91.284917329485097,26.179791242427573],[91.284757603353057,26.180544079215242],[91.283063725514822,26.180263033969485],[91.282265094854637,26.184027217907826],[91.287346728369329,26.184870353645099],[91.287187002237303,26.185623190432768],[91.288033941156428,26.185763713055646],[91.287874215024388,26.186516549843315],[91.288721153943499,26.186657072466193],[91.288561427811459,26.187409909253862],[91.291102244568805,26.187831477122501],[91.291421696832884,26.186325803547163],[91.296503330347576,26.187168939284437],[91.295385247423312,26.192438796798115],[91.294538308504187,26.192298274175236],[91.293739677844002,26.19606245811358],[91.292045800005781,26.19578141286782],[91.291886073873755,26.196534249655489],[91.291039134954644,26.196393727032611],[91.290559956558525,26.198652237395617],[91.287172200882054,26.1980901469041],[91.286533296353909,26.201101494054772],[91.289074113111255,26.20152306192341],[91.289393565375335,26.200017388348073],[91.293628259970916,26.200720001462468],[91.292989355442771,26.203731348613143],[91.295530172200117,26.204152916481778],[91.295689898332142,26.203400079694109],[91.296536837251253,26.203540602316988],[91.296856289515333,26.20203492874165],[91.299397106272679,26.202456496610289],[91.300355463064903,26.197939475884279],[91.301202401984014,26.198079998507158],[91.30136212811604,26.197327161719489],[91.302209067035164,26.197467684342367],[91.302688245431284,26.195209173979361],[91.300994367593049,26.194928128733604],[91.301313819857114,26.193422455158267],[91.297926064180658,26.19286036466675],[91.298884420972882,26.18834334394074],[91.300578298811104,26.188624389186497],[91.300738024943144,26.187871552398828],[91.301584963862268,26.18801207502171],[91.301904416126334,26.186506401446373],[91.302751355045444,26.186646924069251],[91.303230533441564,26.184388413706248],[91.298148899926872,26.183545277968975],[91.299266982851123,26.178275420455293],[91.296726166093777,26.177853852586654]]]}},
{"type":"Feature","properties":{"flooded":1,"Risk":"Lo","layer":"Flood_Low","path":"C:\\Users\\Rudra\\Desktop\\flood_extent (2).geojson"},"geometry":{"type":"Polygon","coordinates":[[[90.86894410097122,26.127919134414267],[90.86878437483918,26.128671971201936],[90.862008863486267,26.127547790218905],[90.861849137354227,26.128300627006574],[90.860155259515992,26.128019581760817],[90.859676081119886,26.13027809212382],[90.863910775715468,26.130980705238215],[90.862952418923243,26.135497725964228],[90.868034052437935,26.136340861701498],[90.867874326305909,26.137093698489167],[90.870415143063241,26.137515266357802],[90.869935964667121,26.139773776720808],[90.870782903586246,26.139914299343687],[90.870303725190141,26.142172809706693],[90.877926175462179,26.143437513312602],[90.878405353858284,26.141179002949595],[90.875017598181813,26.140616912458082],[90.875975954974038,26.136099891732073],[90.870894321459346,26.135256755994799],[90.871692952119531,26.131492572056455],[90.877621524553348,26.132476230416607],[90.878260429081493,26.129464883265936],[90.875719612324147,26.129043315397301],[90.875559886192107,26.129796152184969],[90.871325191596526,26.129093539070574],[90.871484917728566,26.128340702282905],[90.86894410097122,26.127919134414267]]]}},
{"type":"Feature","properties":{"flooded":1,"Risk":"Lo","layer":"Flood_Low","path":"C:\\Users\\Rudra\\Desktop\\flood_extent (2).geojson"},"geometry":{"type":"Polygon","coordinates":[[[91.437336732215329,26.230019227488437],[91.436538101555143,26.233783411426778],[91.438231979393379,26.234064456672535],[91.438072253261353,26.234817293460203],[91.440613070018699,26.235238861328838],[91.43997416549054,26.238250208479514],[91.444208860086121,26.238952821593909],[91.443889407822056,26.240458495169246],[91.446430224579402,26.240880063037885],[91.447069129107547,26.23786871588721],[91.452150762622239,26.238711851624483],[91.451991036490199,26.239464688412152],[91.455378792166655,26.240026778903665],[91.455538518298695,26.239273942115997],[91.457232396136916,26.239554987361753],[91.458350479061167,26.234285129848075],[91.45496272338471,26.233723039356562],[91.454483544988605,26.235981549719565],[91.449401911473913,26.235138413982291],[91.448922733077808,26.237396924345298],[91.44130028280577,26.236132220739389],[91.441939187333915,26.233120873588714],[91.439398370576569,26.232699305720075],[91.439877548972675,26.230440795357072],[91.437336732215329,26.230019227488437]]]}},
{"type":"Feature","properties":{"flooded":1,"Risk":"Lo","layer":"Flood_Low","path":"C:\\Users\\Rudra\\Desktop\\flood_extent (2).geojson"},"geometry":{"type":"Polygon","coordinates":[[[92.02881955002178,26.326598344682555],[92.02865982388974,26.327351181470224],[92.020190434698591,26.325945955241433],[92.019711256302486,26.328204465604436],[92.021405134140707,26.3284855108502],[92.020446777348482,26.333002531576209],[92.022987594105828,26.333424099444844],[92.023307046369908,26.331918425869507],[92.030929496641946,26.333183129475419],[92.031248948906011,26.331677455900081],[92.035483643501593,26.332380069014473],[92.035323917369553,26.333132905802142],[92.036170856288663,26.33327342842502],[92.035372225628478,26.337037612363364],[92.032831408871132,26.336616044494729],[92.032352230475027,26.338874554857732],[92.040821619666175,26.340279781086519],[92.041460524194321,26.337268433935847],[92.04061358527521,26.337127911312969],[92.04077331140725,26.3363750745253],[92.039926372488139,26.336234551902422],[92.040725003148324,26.332470367964078],[92.039031125310089,26.332189322718321],[92.039350577574154,26.330683649142987],[92.037656699735919,26.33040260389723],[92.037976152,26.328896930321893],[92.031200640647086,26.327772749338859],[92.031360366779126,26.32701991255119],[92.02881955002178,26.326598344682555]]]}},
{"type":"Feature","properties":{"flooded":1,"Risk":"Lo","layer":"Flood_Low","path":"C:\\Users\\Rudra\\Desktop\\flood_extent (2).geojson"},"geometry":{"type":"Polygon","coordinates":[[[91.859543184071839,26.293836276757887],[91.858904279543694,26.296847623908562],[91.858057340624583,26.296707101285683],[91.857578162228478,26.29896561164869],[91.859272040066713,26.299246656894447],[91.858633135538568,26.302258004045118],[91.859480074457679,26.302398526668],[91.859160622193599,26.303904200243338],[91.860854500031834,26.304185245489094],[91.860535047767769,26.305690919064432],[91.863922803444225,26.306253009555949],[91.863763077312186,26.307005846343618],[91.865456955150421,26.307286891589374],[91.865297229018381,26.308039728377043],[91.867838045775727,26.308461296245678],[91.867678319643687,26.309214133033347],[91.869372197481908,26.309495178279107],[91.869212471349883,26.310248015066776],[91.872600227026354,26.310810105558289],[91.872919679290419,26.309304431982952],[91.877154373885986,26.310007045097347],[91.876834921621921,26.311512718672684],[91.878528799460156,26.311793763918441],[91.878049621064037,26.314052274281444],[91.880590437821382,26.314473842150083],[91.881868246877687,26.308451147848736],[91.88779681931149,26.309434806208888],[91.88763709317945,26.310187642996556],[91.890177909936796,26.310609210865191],[91.890337636068836,26.309856374077523],[91.895419269583527,26.310699509814796],[91.894620638923342,26.31446369375314],[91.89885533351891,26.315166306867535],[91.899334511915015,26.312907796504529],[91.902722267591486,26.313469886996046],[91.903361172119631,26.310458539845371],[91.904208111038741,26.310599062468249],[91.904687289434847,26.308340552105246],[91.902146472677501,26.307918984236608],[91.901986746545475,26.308671821024276],[91.897752051949894,26.307969207909878],[91.897592325817854,26.308722044697546],[91.894204570141397,26.308159954206033],[91.894044844009358,26.308912790993702],[91.887269332656444,26.307788610010672],[91.887588784920524,26.306282936435338],[91.886741846001399,26.306142413812452],[91.88785992892565,26.300872556298774],[91.885319112168304,26.300450988430139],[91.884360755376079,26.304968009156152],[91.880126060780512,26.304265396041757],[91.880285786912552,26.303512559254088],[91.87520415339786,26.302669423516814],[91.87552360566194,26.301163749941477],[91.873829727823704,26.30088270469572],[91.87414918008777,26.299377031120382],[91.869067546573078,26.298533895383109],[91.869386998837157,26.297028221807771],[91.862611487484244,26.295904040824741],[91.862771213616284,26.295151204037072],[91.861924274697159,26.295010681414194],[91.862084000829185,26.294257844626529],[91.859543184071839,26.293836276757887]]]}},
{"type":"Feature","properties":{"flooded":1,"Risk":"Lo","layer":"Flood_Low","path":"C:\\Users\\Rudra\\Desktop\\flood_extent (2).geojson"},"geometry":{"type":"Polygon","coordinates":[[[91.480816562450599,26.219308544647369],[91.480017931790414,26.223072728585709],[91.482558748547746,26.223494296454344],[91.481600391755535,26.228011317180357],[91.480753452836424,26.227870794557479],[91.480593726704384,26.228623631345148],[91.478899848866163,26.228342586099391],[91.478420670470044,26.230601096462394],[91.477573731550919,26.230460573839515],[91.477414005418893,26.231213410627184],[91.476567066499783,26.231072888004306],[91.475928161971638,26.234084235154981],[91.480162856567205,26.234786848269373],[91.48064203496331,26.232528337906366],[91.481488973882435,26.232668860529245],[91.4818084261465,26.231163186953907],[91.482655365065611,26.231303709576792],[91.482815091197651,26.230550872789124],[91.483662030116761,26.230691395412002],[91.483821756248801,26.229938558624333],[91.488056450844383,26.230641171738728],[91.487257820184197,26.234405355677069],[91.486410881265087,26.234264833054187],[91.485931702868982,26.236523343417193],[91.488472519626328,26.236944911285832],[91.487514162834103,26.241461932011841],[91.482432529319411,26.240618796274568],[91.481793624791266,26.243630143425243],[91.482640563710376,26.243770666048121],[91.481841933050191,26.247534849986462],[91.482688871969302,26.24767537260934],[91.482049967441156,26.250686719760015],[91.483743845279392,26.250967765005775],[91.483584119147352,26.251720601793444],[91.487818813742933,26.252423214907836],[91.488777170535158,26.247906194181827],[91.490471048373379,26.248187239427587],[91.490790500637445,26.246681565852249],[91.495025195233026,26.247384178966641],[91.494226564572855,26.251148362904981],[91.49253268673462,26.250867317659225],[91.4920535083385,26.253125828022231],[91.496288202934082,26.253828441136626],[91.496607655198162,26.252322767561289],[91.498301533036383,26.252603812807045],[91.498940437564528,26.249592465656374],[91.498093498645417,26.249451943033495],[91.498253224777457,26.248699106245827],[91.497406285858347,26.248558583622948],[91.497725738122412,26.247052910047611],[91.496878799203301,26.246912387424732],[91.497198251467381,26.245406713849395],[91.494657434710035,26.244985145980756],[91.495136613106141,26.24272663561775],[91.493442735267905,26.242445590371993],[91.493762187531985,26.240939916796655],[91.492068309693749,26.240658871550899],[91.492866940353935,26.236894687612558],[91.491173062515713,26.236613642366798],[91.491811967043859,26.233602295216123],[91.490118089205623,26.233321249970366],[91.491395898261914,26.227298555669019],[91.490548959342803,26.227158033046141],[91.490708685474843,26.226405196258472],[91.488167868717497,26.225983628389834],[91.488806773245642,26.222972281239162],[91.48372513973095,26.222129145501889],[91.484204318127055,26.219870635138882],[91.480816562450599,26.219308544647369]]]}},
{"type":"Feature","properties":{"flooded":1,"Risk":"Lo","layer":"Flood_Low","path":"C:\\Users\\Rudra\\Desktop\\flood_extent (2).geojson"},"geometry":{"type":"Polygon","coordinates":[[[91.262610972227719,26.194014990840614],[91.262451246095679,26.194767827628283],[91.261604307176569,26.194627305005405],[91.260645950384358,26.199144325731414],[91.255564316869666,26.19830118999414],[91.256203221397811,26.195289842843465],[91.252815465721341,26.194727752351948],[91.252336287325235,26.196986262714955],[91.245560775972322,26.195862081731924],[91.245880228236388,26.194356408156587],[91.23910471688346,26.193232227173556],[91.23942416914754,26.191726553598219],[91.232648657794627,26.190602372615189],[91.232488931662587,26.191355209402857],[91.231641992743462,26.191214686779979],[91.231482266611422,26.191967523567648],[91.230635327692312,26.191827000944766],[91.229996423164167,26.194838348095441],[91.229149484245056,26.194697825472563],[91.228989758113016,26.195450662260232],[91.227295880274781,26.195169617014475],[91.227136154142741,26.195922453802144],[91.223748398466284,26.195360363310627],[91.223588672334259,26.196113200098296],[91.221047855576913,26.195691632229661],[91.220568677180793,26.197950142592664],[91.221415616099904,26.198090665215542],[91.221096163835838,26.199596338790879],[91.221943102754963,26.199736861413758],[91.220984745962738,26.204253882139767],[91.226066379477416,26.205097017877041],[91.225427474949271,26.208108365027716],[91.226274413868396,26.208248887650594],[91.22579523547229,26.210507398013601],[91.229182991148747,26.211069488505117],[91.229821895676892,26.208058141354442],[91.234056590272473,26.208760754468837],[91.234376042536539,26.2072550808935],[91.23606992037476,26.207536126139257],[91.23654909877088,26.205277615776254],[91.23993685444735,26.205839706267771],[91.240416032843456,26.203581195904764],[91.234487460409639,26.202597537544609],[91.235605543333889,26.197327680030931],[91.233911665495668,26.197046634785174],[91.234710296155853,26.19328245084683],[91.242332746427891,26.194547154452742],[91.242013294163826,26.19605282802808],[91.242860233082936,26.196193350650958],[91.242700506950897,26.196946187438627],[91.246088262627353,26.19750827793014],[91.245928536495313,26.198261114717809],[91.251857108929116,26.199244773077961],[91.251697382797076,26.19999760986563],[91.256779016311768,26.200840745602903],[91.256459564047702,26.202346419178237],[91.260694258643284,26.203049032292633],[91.259895627983099,26.206813216230977],[91.259048689063988,26.206672693608098],[91.258888962931948,26.207425530395767],[91.258042024012823,26.207285007772889],[91.256444762692453,26.214813375649573],[91.258985579449799,26.215234943518208],[91.259943936242024,26.210717922792195],[91.26248475299937,26.211139490660834],[91.263123657527515,26.208128143510162],[91.26397059644664,26.208268666133041],[91.26444977484276,26.206010155770034],[91.26529671376187,26.206150678392913],[91.265935618290015,26.203139331242241],[91.261700923694434,26.202436718127842],[91.262659280486645,26.197919697401833],[91.26350621940577,26.198060220024711],[91.263665945537809,26.197307383237042],[91.26451288445692,26.197447905859924],[91.265151788985065,26.194436558709253],[91.262610972227719,26.194014990840614]]]}},
{"type":"Feature","properties":{"flooded":1,"Risk":"Lo","layer":"Flood_Low","path":"C:\\Users\\Rudra\\Desktop\\flood_extent (2).geojson"},"geometry":{"type":"Polygon","coordinates":[[[91.308969777032843,26.21105882179673],[91.307532241844513,26.217834352885749],[91.308379180763637,26.217974875508627],[91.307101371707347,26.223997569809974],[91.311336066302914,26.224700182924369],[91.311176340170874,26.225453019712038],[91.31371715692822,26.225874587580673],[91.31387688306026,26.225121750793004],[91.314723821979371,26.225262273415883],[91.315203000375476,26.223003763052876],[91.314356061456365,26.222863240429998],[91.31515469211655,26.219099056491658],[91.312613875359204,26.218677488623022],[91.313891684415495,26.212654794321672],[91.312197806577259,26.212373749075912],[91.312357532709299,26.211620912288243],[91.308969777032843,26.21105882179673]]]}},
{"type":"Feature","properties":{"flooded":1,"Risk":"Lo","layer":"Flood_Low","path":"C:\\Users\\Rudra\\Desktop\\flood_extent (2).geojson"},"geometry":{"type":"Polygon","coordinates":[[[91.286358768866634,26.214321287313776],[91.285560138206449,26.218085471252117],[91.280478504691757,26.217242335514843],[91.279679874031572,26.221006519453187],[91.275445179436005,26.220303906338792],[91.2749660010399,26.222562416701795],[91.279200695635467,26.22326502981619],[91.279040969503427,26.224017866603859],[91.280734847341662,26.224298911849615],[91.280575121209623,26.225051748637284],[91.283962876886079,26.225613839128801],[91.284282329150159,26.224108165553464],[91.291057840503086,26.225232346536494],[91.291856471163271,26.221468162598153],[91.296938104677963,26.222311298335427],[91.297417283074068,26.220052787972421],[91.288947893882906,26.218647561743634],[91.289746524543091,26.214883377805293],[91.286358768866634,26.214321287313776]]]}},
{"type":"Feature","properties":{"flooded":1,"Risk":"Lo","layer":"Flood_Low","path":"C:\\Users\\Rudra\\Desktop\\flood_extent (2).geojson"},"geometry":{"type":"Polygon","coordinates":[[[90.851830795101648,26.13832847521569],[90.850712712177383,26.143598332729368],[90.849865773258259,26.14345781010649],[90.849386594862153,26.145716320469496],[90.857009045134191,26.146981024075405],[90.857168771266231,26.146228187287736],[90.862250404780923,26.14707132302501],[90.861451774120738,26.150835506963354],[90.860604835201627,26.150694984340475],[90.860445109069587,26.151447821128144],[90.858751231231352,26.151166775882384],[90.858272052835247,26.153425286245387],[90.859965930673482,26.153706331491147],[90.859327026145337,26.156717678641822],[90.862714781821794,26.157279769133336],[90.863193960217899,26.155021258770329],[90.864887838056134,26.155302304016089],[90.865686468716319,26.151538120077749],[90.864839529797209,26.151397597454867],[90.866117338853499,26.145374903153517],[90.855954071824115,26.143688631678973],[90.856113797956155,26.142935794891308],[90.853572981198809,26.142514227022669],[90.854371611858994,26.138750043084325],[90.851830795101648,26.13832847521569]]]}},
{"type":"Feature","properties":{"flooded":1,"Risk":"Lo","layer":"Flood_Low","path":"C:\\Users\\Rudra\\Desktop\\flood_extent (2).geojson"},"geometry":{"type":"Polygon","coordinates":[[[91.918141695622836,26.302779500948866],[91.917822243358771,26.3042851745242],[91.916128365520535,26.304004129278439],[91.915808913256456,26.305509802853777],[91.909880340822653,26.304526144493625],[91.910199793086733,26.303020470918288],[91.907658976329387,26.302598903049653],[91.907179797933267,26.304857413412659],[91.908026736852378,26.304997936035537],[91.907547558456272,26.307256446398544],[91.909241436294508,26.3075374916443],[91.908921984030428,26.309043165219638],[91.909768922949539,26.30918368784252],[91.909130018421394,26.312195034993191],[91.909976957340504,26.31233555761607],[91.909657505076439,26.313841231191407],[91.911351382914674,26.314122276437164],[91.910872204518554,26.31638078680017],[91.915953838033246,26.317223922537444],[91.915634385769181,26.318729596112782],[91.919869080364748,26.319432209227177],[91.919389901968643,26.32169071959018],[91.921930718725989,26.322112287458815],[91.922729349386159,26.318348103520474],[91.927810982900851,26.319191239257748],[91.926533173844561,26.325213933559095],[91.922298479248994,26.324511320444699],[91.921659574720849,26.327522667595375],[91.922506513639959,26.327663190218253],[91.922346787507919,26.328416027005922],[91.924040665346155,26.328697072251678],[91.92340176081801,26.331708419402354],[91.92424869973712,26.331848942025232],[91.923609795208975,26.334860289175907],[91.926997550885432,26.335422379667424],[91.927317003149511,26.333916706092086],[91.928163942068636,26.334057228714965],[91.928483394332702,26.332551555139627],[91.929330333251812,26.332692077762506],[91.929969237779957,26.329680730611834],[91.938438626971106,26.331085956840617],[91.93827890083908,26.331838793628286],[91.939125839758191,26.331979316251168],[91.938806387494111,26.333484989826506],[91.940500265332346,26.333766035072262],[91.939541908540122,26.338283055798275],[91.93530721394454,26.33758044268388],[91.93578639234066,26.335321932320873],[91.933245575583328,26.334900364452238],[91.932766397187208,26.337158874815245],[91.93446027502543,26.337439920061001],[91.933501918233219,26.341956940787011],[91.936042734990565,26.342378508655646],[91.935723282726485,26.343884182230983],[91.938264099483831,26.344305750099622],[91.938583551747911,26.342800076524284],[91.940277429586146,26.343081121770041],[91.941555238642437,26.337058427468694],[91.944096055399783,26.337479995337333],[91.944255781531822,26.336727158549664],[91.946796598289168,26.337148726418299],[91.947275776685274,26.334890216055292],[91.946428837766149,26.334749693432414],[91.946588563898189,26.333996856644745],[91.945741624979078,26.333856334021867],[91.945901351111118,26.333103497234198],[91.945054412192007,26.33296297461132],[91.945373864456073,26.331457301035986],[91.944526925536948,26.331316778413104],[91.945006103933054,26.329058268050098],[91.944159165013943,26.328917745427219],[91.945277247938208,26.323647887913541],[91.942736431180862,26.323226320044906],[91.942576705048822,26.323979156832571],[91.938342010453241,26.323276543718176],[91.93866146271732,26.321770870142842],[91.932732890283518,26.32078721178269],[91.933212068679623,26.318528701419684],[91.930671251922277,26.318107133551049],[91.930990704186357,26.316601459975711],[91.924215192833444,26.315477278992677],[91.924374918965469,26.314724442205009],[91.922681041127234,26.314443396959252],[91.924278302447604,26.306915029082568],[91.929359935962296,26.307758164819841],[91.929998840490441,26.304746817669169],[91.927458023733095,26.304325249800531],[91.927298297601055,26.305078086588196],[91.926451358681945,26.304937563965318],[91.926291632549919,26.305690400752987],[91.922056937954338,26.304987787638595],[91.922376390218403,26.303482114063261],[91.918141695622836,26.302779500948866]]]}},
{"type":"Feature","properties":{"flooded":1,"Risk":"Lo","layer":"Flood_Low","path":"C:\\Users\\Rudra\\Desktop\\flood_extent (2).geojson"},"geometry":{"type":"Polygon","coordinates":[[[92.043730196946527,26.343100381941042],[92.042931566286342,26.346864565879386],[92.04039074952901,26.346442998010751],[92.039751845000865,26.349454345161423],[92.027047761214135,26.347346505818237],[92.025769952157845,26.353369200119587],[92.02492301323872,26.353228677496709],[92.02428410871056,26.356240024647381],[92.026824925467906,26.356661592516019],[92.026984651599946,26.35590875572835],[92.031219346195527,26.356611368842742],[92.031059620063488,26.357364205630411],[92.033600436820834,26.357785773499049],[92.033121258424728,26.360044283862056],[92.03735595302031,26.360746896976451],[92.03719622688827,26.36149973376412],[92.039737043645601,26.361921301632755],[92.040535674305787,26.358157117694411],[92.042229552144022,26.358438162940168],[92.042708730540141,26.356179652577161],[92.040167913782795,26.355758084708526],[92.039688735386676,26.358016595071533],[92.034607101871984,26.357173459334259],[92.034926554136064,26.355667785758921],[92.034079615216953,26.355527263136043],[92.034878245877138,26.351763079197703],[92.03995987939183,26.352606214934976],[92.040119605523856,26.351853378147307],[92.049435933634115,26.353399126998973],[92.049915112030234,26.351140616635966],[92.048221234192013,26.35085957139021],[92.048380960324053,26.350106734602541],[92.044993204647582,26.349544644111027],[92.046271013703873,26.343521949809681],[92.043730196946527,26.343100381941042]]]}},
{"type":"Feature","properties":{"flooded":1,"Risk":"Lo","layer":"Flood_Low","path":"C:\\Users\\Rudra\\Desktop\\flood_extent (2).geojson"},"geometry":{"type":"Polygon","coordinates":[[[91.086098622077216,26.191225871799805],[91.084820813020926,26.197248566101152],[91.078045301668013,26.196124385118125],[91.077406397139853,26.199135732268797],[91.078253336058964,26.199276254891675],[91.078093609926938,26.200029091679344],[91.078940548846049,26.200169614302222],[91.078780822714009,26.200922451089891],[91.079627761633134,26.201062973712773],[91.079308309369054,26.202568647288111],[91.080155248288165,26.202709169910989],[91.079995522156139,26.203462006698658],[91.081689399994374,26.203743051944414],[91.081529673862335,26.204495888732083],[91.084070490619681,26.204917456600718],[91.084389942883746,26.203411783025381],[91.085236881802857,26.203552305648262],[91.085396607934896,26.202799468860594],[91.087090485773132,26.20308051410635],[91.087569664169237,26.200822003743344],[91.085028847411891,26.200400435874705],[91.086146930336156,26.195130578361027],[91.087840808174377,26.195411623606788],[91.088160260438443,26.19390595003145],[91.089007199357567,26.194046472654328],[91.089486377753687,26.191787962291322],[91.086098622077216,26.191225871799805]]]}},
{"type":"Feature","properties":{"flooded":1,"Risk":"Lo","layer":"Flood_Low","path":"C:\\Users\\Rudra\\Desktop\\flood_extent (2).geojson"},"geometry":{"type":"Polygon","coordinates":[[[92.013559848122455,26.336535893942067],[92.013240395858389,26.338041567517404],[92.003924067748116,26.336495818665735],[92.003285163219971,26.339507165816411],[92.006672918896442,26.340069256307928],[92.004117300783847,26.352114644910621],[92.001576484026501,26.351693077041983],[92.001097305630395,26.353951587404989],[91.99940342779216,26.353670542159232],[91.99908397552808,26.35517621573457],[91.99823703660897,26.355035693111692],[91.997757858212864,26.357294203474694],[92.001992552808431,26.357996816589086],[92.002152278940471,26.357243979801421],[92.003846156778707,26.357525025047181],[92.004804513570917,26.353008004321168],[92.009886147085609,26.353851140058442],[92.009247242557464,26.356862487209117],[92.01178805931481,26.357284055077752],[92.01194778544685,26.356531218290083],[92.016182480042431,26.357233831404479],[92.015703301646326,26.359492341767485],[92.019091057322782,26.360054432258998],[92.019570235718888,26.357795921895992],[92.017876357880652,26.357514876650235],[92.018515262408798,26.35450352949956],[92.016821384570576,26.354222484253803],[92.016981110702616,26.353469647466135],[92.013593355026146,26.352907556974618],[92.013912807290225,26.351401883399284],[92.013065868371115,26.351261360776405],[92.01370477289926,26.34825001362573],[92.010317017222803,26.347687923134213],[92.010476743354829,26.346935086346544],[92.007935926597483,26.346513518477909],[92.009213735653788,26.340490824176563],[92.011754552411134,26.340912392045198],[92.012233730807239,26.338653881682191],[92.021550058917498,26.34019963053386],[92.022029237313603,26.337941120170854],[92.013559848122455,26.336535893942067]]]}},
{"type":"Feature","properties":{"flooded":1,"Risk":"Lo","layer":"Flood_Low","path":"C:\\Users\\Rudra\\Desktop\\flood_extent (2).geojson"},"geometry":{"type":"Polygon","coordinates":[[[92.802364632727475,26.478323738738297],[92.801566002067304,26.482087922676641],[92.796484368552612,26.481244786939364],[92.796324642420572,26.481997623727032],[92.789549131067645,26.480873442744002],[92.79034776172783,26.477109258805662],[92.787806944970484,26.476687690937023],[92.787327766574364,26.47894620130003],[92.7890216444126,26.479227246545786],[92.788223013752415,26.482991430484127],[92.800927097539144,26.485099269827312],[92.800447919143039,26.487357780190319],[92.80214179698126,26.487638825436076],[92.80070426179293,26.494414356525091],[92.803245078550276,26.494835924393726],[92.804682613738606,26.488060393304711],[92.803835674819496,26.487919870681832],[92.804634305479681,26.484155686743488],[92.80378736656057,26.48401516412061],[92.804905449484821,26.478745306606932],[92.802364632727475,26.478323738738297]]]}},
{"type":"Feature","properties":{"flooded":1,"Risk":"Lo","layer":"Flood_Low","path":"C:\\Users\\Rudra\\Desktop\\flood_extent (2).geojson"},"geometry":{"type":"Polygon","coordinates":[[[91.147015114639331,26.209905750557198],[91.146855388507291,26.210658587344867],[91.144314571749945,26.210237019476228],[91.143356214957734,26.214754040202241],[91.144203153876845,26.214894562825119],[91.144043427744805,26.215647399612784],[91.148278122340386,26.21635001272718],[91.147479491680201,26.220114196665524],[91.151714186275782,26.220816809779919],[91.152193364671888,26.218558299416912],[91.155581120348344,26.219120389908426],[91.155740846480384,26.218367553120757],[91.156587785399495,26.218508075743639],[91.157066963795614,26.216249565380636],[91.157913902714725,26.216390088003514],[91.15855280724287,26.213378740852839],[91.155165051566414,26.212816650361322],[91.154845599302334,26.21432232393666],[91.148917026868531,26.213338665576508],[91.149555931396677,26.210327318425833],[91.147015114639331,26.209905750557198]]]}},
{"type":"Feature","properties":{"flooded":1,"Risk":"Lo","layer":"Flood_Low","path":"C:\\Users\\Rudra\\Desktop\\flood_extent (2).geojson"},"geometry":{"type":"Polygon","coordinates":[[[91.315396233411207,26.238622589297762],[91.315236507279181,26.239375426085431],[91.310154873764489,26.238532290348157],[91.309356243104304,26.242296474286501],[91.303427670670501,26.241312815926349],[91.302948492274382,26.243571326289352],[91.307183186869949,26.244273939403747],[91.306863734605884,26.245779612979085],[91.308557612444119,26.246060658224842],[91.308078434048014,26.248319168587848],[91.31061925080536,26.248740736456483],[91.310778976937385,26.247987899668814],[91.312472854775606,26.248268944914575],[91.313431211567831,26.243751924188562],[91.315972028325177,26.244173492057197],[91.316610932853322,26.241162144906525],[91.317457871772447,26.241302667529403],[91.317937050168553,26.239044157166397],[91.315396233411207,26.238622589297762]]]}},
{"type":"Feature","properties":{"flooded":1,"Risk":"Lo","layer":"Flood_Low","path":"C:\\Users\\Rudra\\Desktop\\flood_extent (2).geojson"},"geometry":{"type":"Polygon","coordinates":[[[90.88075684177312,26.167287320548567],[90.880277663377001,26.169545830911574],[90.878583785538765,26.169264785665813],[90.87778515487858,26.173028969604154],[90.873550460282999,26.172326356489762],[90.873710186415039,26.171573519702093],[90.872863247495928,26.171432997079215],[90.873022973627968,26.170680160291546],[90.870482156870622,26.170258592422908],[90.869843252342477,26.173269939573583],[90.870690191261588,26.173410462196461],[90.870051286733442,26.176421809347136],[90.874285981329024,26.177124422461532],[90.873966529064944,26.178630096036869],[90.878201223660525,26.179332709151261],[90.878360949792565,26.178579872363596],[90.879207888711676,26.178720394986474],[90.879367614843716,26.177967558198805],[90.880214553762826,26.178108080821684],[90.880374279894866,26.177355244034015],[90.882915096652212,26.177776811902653],[90.883074822784238,26.177023975114984],[90.883921761703348,26.177164497737863],[90.884560666231494,26.174153150587188],[90.883713727312383,26.174012627964309],[90.884352631840542,26.171001280813638],[90.883505692921432,26.170860758190756],[90.883984871317537,26.168602247827749],[90.883137932398427,26.168461725204871],[90.883297658530466,26.167708888417202],[90.88075684177312,26.167287320548567]]]}},
{"type":"Feature","properties":{"flooded":1,"Risk":"Lo","layer":"Flood_Low","path":"C:\\Users\\Rudra\\Desktop\\flood_extent (2).geojson"},"geometry":{"type":"Polygon","coordinates":[[[91.408254863605038,26.243118794918445],[91.407775685208932,26.245377305281448],[91.403540990613351,26.244674692167052],[91.403061812217246,26.246933202530059],[91.4005209954599,26.246511634661424],[91.40036126932786,26.247264471449093],[91.396126574732293,26.246561858334697],[91.395966848600253,26.247314695122366],[91.393426031842907,26.246893127253731],[91.392946853446801,26.249151637616734],[91.392099914527677,26.249011114993856],[91.391620736131557,26.251269625356862],[91.393314613969793,26.251550670602619],[91.393154887837767,26.252303507390288],[91.395695704595113,26.252725075258923],[91.396174882991218,26.250466564895916],[91.402103455425021,26.251450223256068],[91.401145098632796,26.255967243982081],[91.401992037551921,26.256107766604963],[91.401832311419895,26.256860603392632],[91.403526189258116,26.257141648638388],[91.402727558597931,26.260905832576729],[91.40188061967882,26.26076530995385],[91.400762536754556,26.266035167467528],[91.396527842158974,26.265332554353137],[91.396048663762869,26.267591064716139],[91.401977236196686,26.268574723076291],[91.402296688460751,26.267069049500954],[91.408225260894554,26.268052707861106],[91.408544713158633,26.266547034285772],[91.41193246883509,26.267109124777289],[91.412411647231195,26.264850614414282],[91.411564708312085,26.2647100917914],[91.411724434444125,26.263957255003731],[91.407489739848543,26.26325464188934],[91.407968918244649,26.260996131526333],[91.404581162568192,26.260434041034816],[91.405379793228377,26.256669857096476],[91.408767548904834,26.257231947587993],[91.409087001168913,26.255726274012655],[91.415015573602716,26.256709932372807],[91.415814204262901,26.252945748434463],[91.416661143182026,26.253086271057342],[91.417140321578131,26.250827760694339],[91.414599504820785,26.2504061928257],[91.41428005255672,26.251911866401038],[91.410045357961138,26.251209253286646],[91.409566179565019,26.253467763649649],[91.407025362807673,26.25304619578101],[91.406705910543607,26.254551869356348],[91.40247121594804,26.253849256241956],[91.40390875113637,26.247073725152941],[91.405602628974592,26.247354770398697],[91.405762355106617,26.246601933611029],[91.409997049702199,26.247304546725424],[91.410795680362384,26.24354036278708],[91.408254863605038,26.243118794918445]]]}},
{"type":"Feature","properties":{"flooded":1,"Risk":"Lo","layer":"Flood_Low","path":"C:\\Users\\Rudra\\Desktop\\flood_extent (2).geojson"},"geometry":{"type":"Polygon","coordinates":[[[91.455397497715097,26.268865398407549],[91.454598867054926,26.272629582345893],[91.449517233540234,26.271786446608619],[91.448718602880049,26.275550630546959],[91.447024725041828,26.275269585301203],[91.446385820513683,26.278280932451878],[91.445538881594558,26.278140409829],[91.445059703198439,26.280398920192006],[91.445906642117563,26.280539442814884],[91.445427463721458,26.282797953177887],[91.446274402640569,26.282938475800766],[91.445635498112424,26.285949822951441],[91.448176314869769,26.286371390820079],[91.448336041001809,26.285618554032411],[91.450876857759155,26.286040121901046],[91.451994940683406,26.280770264387368],[91.456229635278973,26.281472877501763],[91.456389361411013,26.280720040714094],[91.461470994925705,26.281563176451368],[91.46210989945385,26.278551829300692],[91.459569082696504,26.278130261432054],[91.460207987224649,26.275118914281382],[91.457667170467303,26.274697346412747],[91.457986622731383,26.27319167283741],[91.457139683812272,26.273051150214531],[91.457938314472443,26.269286966276187],[91.455397497715097,26.268865398407549]]]}},
{"type":"Feature","properties":{"flooded":1,"Risk":"Lo","layer":"Flood_Low","path":"C:\\Users\\Rudra\\Desktop\\flood_extent (2).geojson"},"geometry":{"type":"Polygon","coordinates":[[[90.822671015521934,26.17245724902714],[90.822191837125828,26.174715759390146],[90.817110203611136,26.173872623652873],[90.816471299082977,26.176883970803544],[90.815624360163866,26.176743448180666],[90.815304907899801,26.178249121756004],[90.812764091142455,26.177827553887365],[90.81228491274635,26.180086064250371],[90.814825729503696,26.18050763211901],[90.814346551107576,26.182766142482016],[90.817734306784033,26.18332823297353],[90.818532937444218,26.179564049035186],[90.822767632039785,26.180266662149581],[90.822927358171825,26.179513825361912],[90.823774297090949,26.179654347984791],[90.82521183227928,26.172878816895775],[90.822671015521934,26.17245724902714]]]}},
{"type":"Feature","properties":{"flooded":1,"Risk":"Lo","layer":"Flood_Low","path":"C:\\Users\\Rudra\\Desktop\\flood_extent (2).geojson"},"geometry":{"type":"Polygon","coordinates":[[[90.884497556617333,26.182715400497298],[90.884178104353254,26.184221074072635],[90.880790348676797,26.183658983581118],[90.880630622544771,26.184411820368787],[90.879783683625661,26.184271297745909],[90.879623957493621,26.185024134533577],[90.878777018574496,26.184883611910699],[90.878617292442456,26.185636448698368],[90.874382597846889,26.184933835583973],[90.873743693318744,26.187945182734644],[90.871202876561398,26.187523614866009],[90.870563972033253,26.190534962016685],[90.871410910952363,26.190675484639563],[90.871251184820323,26.191428321427232],[90.872098123739434,26.19156884405011],[90.871938397607394,26.192321680837779],[90.875326153283865,26.192883771329296],[90.875485879415905,26.192130934541627],[90.880567512930583,26.1929740702789],[90.880407786798543,26.193726907066569],[90.882948603555889,26.194148474935204],[90.883427781952008,26.191889964572198],[90.882580843032898,26.19174944194932],[90.883698925957148,26.186479584435641],[90.890474437310075,26.187603765418672],[90.890953615706181,26.185345255055665],[90.886718921110599,26.18464264194127],[90.887038373374679,26.183136968365933],[90.884497556617333,26.182715400497298]]]}},
{"type":"Feature","properties":{"flooded":1,"Risk":"Lo","layer":"Flood_Low","path":"C:\\Users\\Rudra\\Desktop\\flood_extent (2).geojson"},"geometry":{"type":"Polygon","coordinates":[[[91.127680444276493,26.218387849914649],[91.127201265880373,26.220646360277655],[91.124660449123027,26.220224792409013],[91.124181270726922,26.222483302772019],[91.125875148565143,26.222764348017776],[91.124916791772918,26.227281368743789],[91.118988219339116,26.226297710383637],[91.117870136414865,26.231567567897315],[91.117023197495755,26.231427045274437],[91.116863471363715,26.232179882062105],[91.108394082172566,26.230774655833319],[91.107914903776461,26.233033166196325],[91.109608781614682,26.233314211442082],[91.109449055482642,26.234067048229747],[91.114530688997334,26.23491018396702],[91.114690415129374,26.234157347179355],[91.115537354048485,26.234297869802234],[91.11569708018051,26.233545033014565],[91.119084835856981,26.234107123506082],[91.120202918781246,26.2288372659924],[91.124437613376813,26.229539879106792],[91.124118161112733,26.231045552682129],[91.126658977870079,26.231467120550768],[91.127297882398224,26.228455773400093],[91.128144821317349,26.228596296022971],[91.128783725845508,26.225584948872299],[91.126242909088162,26.225163381003664],[91.127041539748333,26.22139919706532],[91.13042929542479,26.221961287556834],[91.130908473820909,26.219702777193831],[91.130061534901799,26.219562254570953],[91.130221261033839,26.218809417783284],[91.127680444276493,26.218387849914649]]]}},
{"type":"Feature","properties":{"flooded":1,"Risk":"Lo","layer":"Flood_Low","path":"C:\\Users\\Rudra\\Desktop\\flood_extent (2).geojson"},"geometry":{"type":"Polygon","coordinates":[[[92.043429450230903,26.373444675020263],[92.043269724098877,26.374197511807932],[92.039881968422407,26.373635421316418],[92.039722242290367,26.374388258104087],[92.034640608775689,26.373545122366814],[92.034321156511609,26.375050795942151],[92.033474217592484,26.374910273319269],[92.033314491460459,26.375663110106938],[92.031620613622238,26.375382064861181],[92.031460887490198,26.37613490164885],[92.026379253975506,26.375291765911577],[92.026538980107546,26.374538929123908],[92.0239981633502,26.374117361255273],[92.023039806557975,26.378634381981282],[92.02219286763885,26.378493859358404],[92.021394236978665,26.382258043296748],[92.02224117589779,26.382398565919626],[92.021761997501685,26.384657076282632],[92.022608936420795,26.384797598905511],[92.022449210288755,26.385550435693176],[92.023296149207866,26.385690958316054],[92.023136423075826,26.386443795103723],[92.023983361994951,26.386584317726602],[92.023823635862911,26.38733715451427],[92.027211391539367,26.387899245005787],[92.028010022199553,26.384135061067447],[92.027163083280442,26.383994538444568],[92.027482535544522,26.382488864869231],[92.025788657706286,26.382207819623471],[92.026587288366471,26.378443635685127],[92.029128105123817,26.378865203553765],[92.029287831255843,26.378112366766096],[92.033522525851424,26.378814979880495],[92.033682251983464,26.378062143092826],[92.037070007659921,26.37862423358434],[92.037389459924,26.377118560009002],[92.038236398843111,26.37725908263188],[92.038396124975151,26.376506245844212],[92.044324697408953,26.377489904204364],[92.044644149673019,26.375984230629026],[92.046338027511254,26.376265275874786],[92.046817205907359,26.37400676551178],[92.043429450230903,26.373444675020263]]]}},
{"type":"Feature","properties":{"flooded":1,"Risk":"Lo","layer":"Flood_Low","path":"C:\\Users\\Rudra\\Desktop\\flood_extent (2).geojson"},"geometry":{"type":"Polygon","coordinates":[[[92.690011606038752,26.48306246926273],[92.688414344718382,26.490590837139415],[92.689261283637492,26.490731359762297],[92.688143200713242,26.496001217275975],[92.690684017470588,26.49642278514461],[92.690364565206508,26.497928458719947],[92.692058443044743,26.498209503965704],[92.691579264648638,26.50046801432871],[92.694967020325095,26.501030104820227],[92.694807294193055,26.501782941607896],[92.702429744465093,26.503047645213805],[92.702589470597133,26.502294808426136],[92.704283348435368,26.502575853671896],[92.704602800699448,26.501070180096558],[92.707143617456794,26.501491747965193],[92.707463069720859,26.499986074389856],[92.70831000863997,26.500126597012734],[92.708789187036075,26.497868086649731],[92.709636125955186,26.49800860927261],[92.709955578219265,26.496502935697272],[92.71080251713839,26.496643458320154],[92.71096224327043,26.495890621532485],[92.712656121108651,26.496171666778242],[92.713135299504756,26.493913156415235],[92.719910810857684,26.495037337398266],[92.720549715385829,26.492025990247594],[92.716315020790248,26.491323377133199],[92.716155294658208,26.492076213920868],[92.70853284438617,26.490811510314956],[92.708373118254144,26.491564347102624],[92.706679240415923,26.491283301856868],[92.706519514283883,26.492036138644536],[92.702284819688302,26.491333525530141],[92.702444545820342,26.490580688742472],[92.698209851224775,26.489878075628077],[92.699168208016985,26.485361054902068],[92.693239635583168,26.484377396541916],[92.693399361715208,26.483624559754247],[92.690011606038752,26.48306246926273]]]}},
{"type":"Feature","properties":{"flooded":1,"Risk":"Lo","layer":"Flood_Low","path":"C:\\Users\\Rudra\\Desktop\\flood_extent (2).geojson"},"geometry":{"type":"Polygon","coordinates":[[[90.961390566576327,26.167417176463061],[90.960911388180222,26.169675686826064],[90.954982815746419,26.168692028465912],[90.954024458954194,26.173209049191925],[90.950636703277723,26.172646958700408],[90.950476977145684,26.173399795488077],[90.949630038226573,26.173259272865199],[90.947713324642137,26.182293314317221],[90.944325568965681,26.181731223825704],[90.944006116701601,26.183236897401038],[90.93977142210602,26.182534284286646],[90.939292243709914,26.184792794649653],[90.945220816143731,26.185776453009804],[90.945061090011691,26.186529289797473],[90.95353047920284,26.18793451602626],[90.952572122410615,26.192451536752269],[90.949184366734144,26.191889446260756],[90.948864914470079,26.193395119836094],[90.947171036631858,26.193114074590333],[90.947011310499818,26.193866911378002],[90.945317432661582,26.193585866132246],[90.945157706529542,26.194338702919914],[90.943463828691321,26.194057657674158],[90.942824924163176,26.197069004824833],[90.943671863082287,26.197209527447711],[90.943352410818221,26.198715201023045],[90.944199349737332,26.198855723645924],[90.944039623605292,26.199608560433592],[90.946580440362638,26.200030128302227],[90.946260988098558,26.201535801877565],[90.947954865936794,26.201816847123325],[90.947475687540688,26.204075357486332],[90.950016504298034,26.204496925354967],[90.949856778165994,26.205249762142635],[90.950703717085105,26.205390284765514],[90.950543990953065,26.206143121553183],[90.9522378687913,26.206424166798943],[90.952078142659275,26.207177003586612],[90.953772020497496,26.207458048832368],[90.953452568233416,26.208963722407702],[90.955146446071652,26.209244767653459],[90.954667267675546,26.211503278016465],[90.955514206594657,26.211643800639344],[90.955354480462617,26.212396637427013],[90.957895297219963,26.212818205295651],[90.958374475616068,26.210559694932645],[90.968537742645452,26.212245966407192],[90.968218290381387,26.213751639982529],[90.969065229300497,26.213892162605408],[90.968745777036418,26.215397836180745],[90.97382741055111,26.216240971918019],[90.97366768441907,26.216993808705688],[90.976208501176416,26.217415376574323],[90.97604877504439,26.218168213361992],[90.987058980992884,26.219995007459417],[90.98737843325695,26.218489333884079],[90.989072311095185,26.218770379129836],[90.989232037227225,26.218017542342167],[90.990078976146336,26.218158064965049],[90.990238702278376,26.21740522817738],[90.9910856411975,26.217545750800259],[90.991405093461566,26.216040077224921],[90.995639788057133,26.216742690339316],[90.995480061925107,26.217495527126985],[90.998867817601578,26.218057617618499],[90.999346995997684,26.215799107255492],[90.998500057078559,26.215658584632614],[90.998659783210599,26.214905747844949],[90.997812844291488,26.21476522522207],[90.999090653347778,26.20874253092072],[91.00332534794336,26.209445144035115],[91.00316562181132,26.210197980822784],[91.004859499649541,26.210479026068541],[91.004380321253436,26.212737536431547],[91.006921138010782,26.213159104300182],[91.007400316406887,26.210900593937176],[91.01332888884069,26.211884252297327],[91.013808067236795,26.209625741934325],[91.008726433722103,26.208782606197055],[91.008886159854143,26.208029769409386],[91.000416770662994,26.206624543180595],[91.000097318398929,26.208130216755929],[90.995015684884237,26.207287081018656],[90.994855958752197,26.208039917806325],[90.993162080913976,26.207758872560568],[90.992363450253791,26.211523056498912],[90.988128755658209,26.210820443384517],[90.988288481790249,26.210067606596848],[90.987441542871139,26.20992708397397],[90.988080447399284,26.206915736823294],[90.986386569561049,26.206634691577538],[90.986546295693088,26.205881854789869],[90.984005478935742,26.20546028692123],[90.982727669879438,26.211482981222581],[90.981033792041217,26.211201935976824],[90.980874065909191,26.211954772764493],[90.975792432394499,26.211111637027219],[90.977389693714855,26.203583269150535],[90.97654275479573,26.203442746527656],[90.97670248092777,26.202689909739988],[90.974161664170424,26.202268341871349],[90.974321390302464,26.20151550508368],[90.971780573545118,26.201093937215045],[90.971940299677158,26.200341100427377],[90.971093360758047,26.200200577804498],[90.971572539154153,26.197942067441492],[90.970725600235042,26.197801544818613],[90.971045052499122,26.196295871243276],[90.970198113579997,26.196155348620394],[90.970357839712022,26.195402511832725],[90.967817022954677,26.19498094396409],[90.967018392294506,26.198745127902434],[90.962783697698939,26.198042514788039],[90.962943423830964,26.19728967800037],[90.961249545992729,26.197008632754613],[90.962687081181059,26.190233101665598],[90.963534020100184,26.190373624288476],[90.963853472364264,26.188867950713139],[90.964700411283374,26.189008473336017],[90.964860137415414,26.188255636548348],[90.965707076334525,26.188396159171226],[90.96586680246655,26.187643322383558],[90.966713741385675,26.187783845006436],[90.967192919781795,26.185525334643433],[90.965499041943559,26.185244289397676],[90.966137946471704,26.182232942247001],[90.963597129714358,26.181811374378366],[90.964076308110464,26.17955286401536],[90.961535491353118,26.179131296146721],[90.961695217485158,26.178378459359052],[90.959154400727812,26.177956891490417],[90.959953031387997,26.174192707552077],[90.963340787064453,26.17475479804359],[90.963819965460559,26.172496287680584],[90.965513843298794,26.172777332926344],[90.965673569430834,26.172024496138675],[90.970755202945526,26.172867631875949],[90.971234381341631,26.170609121512946],[90.964458869988704,26.169484940529912],[90.964778322252783,26.167979266954575],[90.961390566576327,26.167417176463061]]]}},
{"type":"Feature","properties":{"flooded":1,"Risk":"Lo","layer":"Flood_Low","path":"C:\\Users\\Rudra\\Desktop\\flood_extent (2).geojson"},"geometry":{"type":"Polygon","coordinates":[[[92.654967658090968,26.478806715300035],[92.654807931958928,26.479559552087704],[92.653960993039817,26.479419029464825],[92.653801266907777,26.480171866252494],[92.652954327988652,26.480031343629616],[92.652794601856613,26.480784180417285],[92.650253785099267,26.480362612548646],[92.650094058967227,26.481115449336315],[92.649247120048116,26.480974926713436],[92.649087393916091,26.481727763501102],[92.64824045499698,26.481587240878223],[92.64808072886494,26.482340077665892],[92.646386851026705,26.482059032420135],[92.646227124894665,26.482811869207804],[92.645380185975554,26.482671346584926],[92.645220459843515,26.483424183372595],[92.64437352092439,26.483283660749713],[92.644213794792364,26.484036497537382],[92.642519916954143,26.483755452291625],[92.642200464690063,26.485261125866963],[92.639659647932717,26.484839557998328],[92.639020743404572,26.487850905148999],[92.639867682323683,26.487991427771878],[92.639548230059603,26.489497101347215],[92.640395168978728,26.489637623970093],[92.639756264450583,26.492648971120769],[92.640603203369693,26.492789493743647],[92.639804572709508,26.496553677681987],[92.644039267305075,26.497256290796383],[92.644518445701195,26.49499778043338],[92.650447018135011,26.495981438793532],[92.650287292002972,26.496734275581201],[92.652828108760318,26.497155843449836],[92.653946191684568,26.491885985936154],[92.657333947361025,26.492448076427671],[92.657653399625104,26.490942402852333],[92.658500338544215,26.491082925475212],[92.65913924307236,26.48807157832454],[92.659986181991485,26.488212100947418],[92.661263991047775,26.482189406646071],[92.658723174290429,26.481767838777436],[92.659202352686549,26.47950932841443],[92.654967658090968,26.478806715300035]]]}},
{"type":"Feature","properties":{"flooded":1,"Risk":"Lo","layer":"Flood_Low","path":"C:\\Users\\Rudra\\Desktop\\flood_extent (2).geojson"},"geometry":{"type":"Polygon","coordinates":[[[91.030330776837175,26.206132454844795],[91.029851598441056,26.208390965207801],[91.029004659521945,26.208250442584923],[91.02820602886176,26.212014626523263],[91.019736639670612,26.21060940029448],[91.018139378350256,26.218137768171164],[91.01644550051202,26.217856722925404],[91.016126048247941,26.219362396500738],[91.011044414733249,26.218519260763465],[91.009926331808998,26.223789118277146],[91.009079392889888,26.223648595654268],[91.008600214493768,26.225907106017271],[91.012834909089335,26.226609719131666],[91.01411271814564,26.220587024830319],[91.023429046255913,26.222132773681988],[91.024067950784058,26.219121426531316],[91.029996523217861,26.220105084891468],[91.029677070953781,26.221610758466802],[91.032217887711127,26.222032326335437],[91.031898435447062,26.223537999910775],[91.036133130042643,26.22424061302517],[91.035653951646523,26.226499123388177],[91.038194768403869,26.226920691256812],[91.037715590007764,26.229179201619818],[91.04025640676511,26.229600769488457],[91.040735585161215,26.22734225912545],[91.03988864624209,26.227201736502572],[91.040527550770236,26.224190389351897],[91.038833672932014,26.223909344106136],[91.040271208120345,26.217133813017121],[91.041118147039455,26.217274335639999],[91.041597325435575,26.215015825276993],[91.036515691920883,26.214172689539723],[91.037314322581068,26.210408505601382],[91.039008200419303,26.210689550847139],[91.039487378815409,26.208431040484133],[91.032711867462481,26.207306859501102],[91.032871593594521,26.206554022713433],[91.030330776837175,26.206132454844795]]]}},
{"type":"Feature","properties":{"flooded":1,"Risk":"Lo","layer":"Flood_Low","path":"C:\\Users\\Rudra\\Desktop\\flood_extent (2).geojson"},"geometry":{"type":"Polygon","coordinates":[[[91.966086864586288,26.366067496474844],[91.965607686190182,26.368326006837847],[91.96052605267549,26.367482871100577],[91.960685778807516,26.366730034312909],[91.957298023131059,26.366167943821395],[91.957138296999034,26.36692078060906],[91.955444419160798,26.366639735363304],[91.955124966896719,26.368145408938641],[91.952584150139373,26.367723841070003],[91.952264697875307,26.36922951464534],[91.951417758956197,26.369088992022462],[91.951258032824157,26.369841828810131],[91.950411093905032,26.369701306187252],[91.950091641640952,26.37120697976259],[91.945856947045385,26.370504366648195],[91.946016673177425,26.369751529860526],[91.943475856420079,26.369329961991891],[91.942996678023974,26.371588472354897],[91.943843616943084,26.371728994977776],[91.943524164679005,26.37323466855311],[91.948605798193697,26.374077804290383],[91.947647441401472,26.378594825016396],[91.950188258158818,26.379016392885031],[91.950028532026792,26.3797692296727],[91.950875470945903,26.379909752295578],[91.950556018681823,26.381415425870912],[91.951402957600948,26.381555948493791],[91.951243231468908,26.38230878528146],[91.953784048226254,26.382730353150098],[91.954582678886439,26.378966169211758],[91.95627655672466,26.379247214457514],[91.956915461252805,26.376235867306839],[91.961150155848387,26.376938480421234],[91.960990429716361,26.377691317208903],[91.966072063231053,26.378534452946177],[91.965113706438828,26.38305147367219],[91.964266767519717,26.382910951049311],[91.963787589123612,26.385169461412314],[91.968022283719179,26.385872074526709],[91.968501462115285,26.383613564163706],[91.969348401034395,26.383754086786585],[91.969508127166435,26.383001249998916],[91.97120200500467,26.383282295244673],[91.972000635664855,26.379518111306329],[91.971153696745745,26.37937758868345],[91.971952327405916,26.37561340474511],[91.971105388486791,26.375472882122232],[91.971265114618831,26.374720045334563],[91.966183481104153,26.373876909597289],[91.966982111764338,26.370112725658945],[91.968675989602559,26.370393770904702],[91.969474620262744,26.366629586966361],[91.966086864586288,26.366067496474844]]]}},
{"type":"Feature","properties":{"flooded":1,"Risk":"Lo","layer":"Flood_Low","path":"C:\\Users\\Rudra\\Desktop\\flood_extent (2).geojson"},"geometry":{"type":"Polygon","coordinates":[[[92.952607075030159,26.489223612941188],[92.952127896634053,26.491482123304191],[92.953821774472289,26.491763168549948],[92.952703691548038,26.49703302606363],[92.954397569386273,26.49731407130939],[92.953598938726088,26.50107825524773],[92.956139755483434,26.501499823116365],[92.9564592077475,26.499994149541031],[92.961540841262192,26.500837285278301],[92.960263032205901,26.506859979579652],[92.961109971125012,26.50700050220253],[92.959672435936682,26.513776033291546],[92.958825497017571,26.513635510668667],[92.958186592489426,26.516646857819339],[92.959880470327647,26.516927903065096],[92.958442935139317,26.523703434154115],[92.960136812977552,26.523984479399875],[92.959178456185327,26.528501500125884],[92.956637639427981,26.528079932257246],[92.955998734899836,26.531091279407921],[92.95261097922338,26.530529188916407],[92.951652622431169,26.535046209642417],[92.947417927835588,26.534343596528021],[92.947258201703548,26.53509643331569],[92.941329629269745,26.534112774955538],[92.9406907247416,26.537124122106214],[92.939843785822475,26.536983599483335],[92.939364607426356,26.539242109846338],[92.941058485264591,26.539523155092095],[92.940739033000526,26.541028828667432],[92.942432910838761,26.541309873913189],[92.941953732442641,26.543568384276195],[92.945341488119098,26.544130474767712],[92.944542857458927,26.547894658706053],[92.95047142989273,26.548878317066205],[92.94999225149661,26.551136827429211],[92.952533068253956,26.551558395297846],[92.953810877310246,26.545535700996499],[92.954657816229357,26.545676223619381],[92.955456446889542,26.541912039681037],[92.957150324727778,26.542193084926794],[92.957629503123897,26.539934574563791],[92.959323380962132,26.540215619809548],[92.959802559358238,26.537957109446541],[92.964037253953805,26.538659722560936],[92.96323862329362,26.542423906499277],[92.964085562212745,26.542564429122155],[92.963766109948679,26.544070102697493],[92.9654599877869,26.544351147943249],[92.964182178730596,26.550373842244596],[92.978580140355561,26.552762726833539],[92.979059318751681,26.550504216470536],[92.972283807398753,26.549380035487506],[92.975318603907439,26.535076136521802],[92.976165542826564,26.53521665914468],[92.976804447354723,26.532205311994009],[92.973416691678253,26.531643221502492],[92.973895870074358,26.529384711139485],[92.973048931155247,26.529244188516607],[92.973208657287287,26.528491351728938],[92.972361718368177,26.52835082910606],[92.973320075160387,26.523833808380051],[92.972473136241263,26.523693285757172],[92.973431493033488,26.51917626503116],[92.970890676276142,26.518754697162521],[92.971050402408181,26.518001860374856],[92.967662646731725,26.517439769883342],[92.96846127739191,26.513675585944998],[92.967614338472799,26.51353506332212],[92.967774064604825,26.512782226534451],[92.963539370009244,26.512079613420056],[92.964497726801469,26.507562592694047],[92.967038543558814,26.507984160562682],[92.96751772195492,26.505725650199675],[92.973446294388722,26.506709308559827],[92.973765746652802,26.50520363498449],[92.977153502329273,26.505765725476007],[92.977632680725378,26.503507215113004],[92.973397986129797,26.502804601998605],[92.974036890657942,26.499793254847933],[92.973189951738831,26.499652732225055],[92.973509404002911,26.498147058649717],[92.972662465083786,26.498006536026839],[92.972822191215826,26.49725369923917],[92.966893618782024,26.496270040879018],[92.967053344914063,26.49551720409135],[92.964512528156718,26.495095636222711],[92.964352802024678,26.49584847301038],[92.959271168509986,26.49500533727311],[92.959750346906091,26.492746826910103],[92.95890340798698,26.492606304287222],[92.95922286025106,26.491100630711887],[92.955835104574604,26.490538540220374],[92.955994830706629,26.489785703432705],[92.952607075030159,26.489223612941188]]]}},
{"type":"Feature","properties":{"flooded":1,"Risk":"Lo","layer":"Flood_Low","path":"C:\\Users\\Rudra\\Desktop\\flood_extent (2).geojson"},"geometry":{"type":"Polygon","coordinates":[[[92.071489852434809,26.373424378226378],[92.071330126302769,26.374177215014047],[92.068789309545423,26.373755647145412],[92.068150405017278,26.376766994296084],[92.063068771502586,26.375923858558814],[92.06258959310648,26.378182368921816],[92.060895715268245,26.377901323676056],[92.06041653687214,26.380159834039063],[92.062110414710375,26.380440879284823],[92.061790962446295,26.38194655286016],[92.062637901365406,26.382087075483039],[92.062478175233366,26.382839912270708],[92.065018991990712,26.383261480139343],[92.064539813594607,26.385519990502345],[92.068774508190188,26.386222603616741],[92.067816151397963,26.390739624342753],[92.061040640045036,26.389615443359723],[92.060561461648931,26.391873953722726],[92.065643095163622,26.39271708946],[92.065483369031583,26.393469926247668],[92.069718063627164,26.39417253936206],[92.068280528438834,26.400948070451079],[92.067433589519723,26.400807547828201],[92.066954411123618,26.403066058191204],[92.067801350042728,26.403206580814082],[92.067162445514583,26.406217927964757],[92.069703262271929,26.406639495833396],[92.07082134519618,26.401369638319714],[92.075056039791747,26.402072251434113],[92.075535218187852,26.399813741071107],[92.076382157106977,26.399954263693985],[92.076861335503096,26.397695753330979],[92.071779701988405,26.396852617593705],[92.07209915425247,26.395346944018367],[92.070405276414235,26.395065898772611],[92.071683085470539,26.389043204471264],[92.077611657904342,26.390026862831416],[92.077451931772302,26.390779699619085],[92.080839687448773,26.391341790110598],[92.080999413580813,26.390588953322929],[92.081846352499923,26.390729475945808],[92.082006078631949,26.389976639158139],[92.082853017551059,26.390117161781021],[92.083332195947179,26.387858651418014],[92.077403623513376,26.386874993057862],[92.078361980305587,26.382357972331853],[92.085137491658514,26.383482153314883],[92.085616670054634,26.381223642951877],[92.083922792216399,26.380942597706117],[92.084881149008609,26.376425576980107],[92.082340332251263,26.376004009111472],[92.081541701591078,26.379768193049813],[92.076460068076386,26.378925057312539],[92.076619794208426,26.378172220524874],[92.075772855289316,26.378031697901996],[92.076411759817461,26.375020350751321],[92.073870943060115,26.374598782882682],[92.074030669192155,26.373845946095013],[92.071489852434809,26.373424378226378]]]}},
{"type":"Feature","properties":{"flooded":1,"Risk":"Lo","layer":"Flood_Low","path":"C:\\Users\\Rudra\\Desktop\\flood_extent (2).geojson"},"geometry":{"type":"Polygon","coordinates":[[[90.860192670612889,26.185696820768584],[90.860032944480849,26.186449657556253],[90.854951310966172,26.185606521818979],[90.854631858702106,26.187112195394317],[90.850397164106525,26.186409582279921],[90.849758259578365,26.189420929430597],[90.851452137416601,26.189701974676357],[90.85065350675643,26.193466158614697],[90.854041262432887,26.194028249106211],[90.855319071489177,26.188005554804864],[90.857012949327412,26.18828660005062],[90.857172675459452,26.187533763262952],[90.861407370055019,26.188236376377347],[90.860608739394834,26.192000560315691],[90.858914861556599,26.191719515069934],[90.857637052500294,26.197742209371281],[90.856790113581184,26.197601686748403],[90.856630387449158,26.198354523536072],[90.854936509610937,26.198073478290311],[90.853339248290567,26.205601846166996],[90.855880065047899,26.206023414035634],[90.856039791179938,26.205270577247965],[90.859427546856409,26.205832667739482],[90.861344260440845,26.19679862628746],[90.862191199359955,26.196939148910339],[90.862350925491995,26.19618631212267],[90.863197864411106,26.196326834745548],[90.863677042807211,26.194068324382542],[90.861136226049865,26.193646756513903],[90.86193485671005,26.189882572575563],[90.866169551305632,26.190585185689958],[90.866648729701737,26.188326675326952],[90.864107912944391,26.187905107458317],[90.864267639076431,26.187152270670648],[90.862573761238195,26.186871225424888],[90.862733487370235,26.186118388637219],[90.860192670612889,26.185696820768584]]]}},
{"type":"Feature","properties":{"flooded":1,"Risk":"Lo","layer":"Flood_Low","path":"C:\\Users\\Rudra\\Desktop\\flood_extent (2).geojson"},"geometry":{"type":"Polygon","coordinates":[[[90.892042095919962,26.205009310484652],[90.891722643655882,26.206514984059986],[90.890875704736757,26.206374461437107],[90.890556252472692,26.207880135012445],[90.887168496796235,26.207318044520928],[90.887008770664195,26.208070881308597],[90.886161831745085,26.207930358685719],[90.886002105613045,26.208683195473387],[90.88515516669392,26.208542672850509],[90.884675988297815,26.210801183213515],[90.88552292721694,26.210941705836394],[90.8853632010849,26.211694542624063],[90.891291773518702,26.212678200984215],[90.891132047386662,26.213431037771883],[90.8987544976587,26.214695741377795],[90.89907394992278,26.213190067802458],[90.899920888841891,26.213330590425336],[90.901198697898181,26.207307896123986],[90.896117064383489,26.206464760386716],[90.896276790515529,26.205711923599047],[90.892042095919962,26.205009310484652]]]}},
{"type":"Feature","properties":{"flooded":1,"Risk":"Lo","layer":"Flood_Low","path":"C:\\Users\\Rudra\\Desktop\\flood_extent (2).geojson"},"geometry":{"type":"Polygon","coordinates":[[[91.91159292420933,26.333645809243272],[91.911273471945265,26.335151482818606],[91.91042653302614,26.335010960195728],[91.909148723969849,26.341033654497078],[91.908301785050739,26.340893131874196],[91.908142058918699,26.341645968661865],[91.905601242161353,26.34122440079323],[91.904962337633208,26.344235747943902],[91.907503154390554,26.344657315812537],[91.906544797598329,26.34917433653855],[91.909932553274786,26.349736427030066],[91.909613101010706,26.351242100605401],[91.913000856687162,26.351804191096917],[91.912841130555137,26.352557027884586],[91.914535008393372,26.352838073130343],[91.913416925469107,26.358107930644024],[91.907488353035305,26.357124272283873],[91.90828698369549,26.353360088345529],[91.905746166938144,26.35293852047689],[91.905266988542039,26.355197030839896],[91.897644538270001,26.353932327233988],[91.898443168930186,26.350168143295644],[91.894208474334604,26.349465530181249],[91.893729295938485,26.351724040544255],[91.897117051614956,26.352286131035772],[91.896158694822745,26.356803151761781],[91.903781145094783,26.35806785536769],[91.903301966698663,26.360326365730696],[91.90753666129423,26.361028978845091],[91.906897756766085,26.364040325995767],[91.908591634604321,26.364321371241523],[91.908431908472281,26.365074208029192],[91.910125786310502,26.365355253274952],[91.909007703386251,26.37062511078863],[91.906466886628905,26.370203542919992],[91.906147434364826,26.371709216495329],[91.904453556526605,26.371428171249573],[91.903335473602354,26.376698028763251],[91.898253840087662,26.375854893025977],[91.897774661691557,26.378113403388983],[91.898621600610667,26.378253926011862],[91.897982696082522,26.381265273162533],[91.900523512839868,26.381686841031172],[91.900842965103934,26.380181167455838],[91.901689904023058,26.380321690078716],[91.901849630155098,26.379568853291048],[91.903543507993319,26.379849898536804],[91.903703234125359,26.379097061749135],[91.907937928720941,26.379799674863531],[91.907618476456861,26.381305348438868],[91.910159293214207,26.381726916307503],[91.910798197742352,26.378715569156828],[91.909951258823227,26.37857504653395],[91.910749889483412,26.374810862595609],[91.909902950564302,26.374670339972731],[91.910701581224487,26.370906156034387],[91.913242397981833,26.371327723903022],[91.914041028642018,26.367563539964678],[91.914887967561128,26.36770406258756],[91.915207419825194,26.366198389012226],[91.921135992259011,26.367182047372378],[91.920656813862905,26.369440557735381],[91.921503752782016,26.369581080358259],[91.921344026649976,26.370333917145928],[91.923884843407322,26.370755485014563],[91.924044569539362,26.370002648226894],[91.924891508458472,26.370143170849772],[91.926488769778842,26.362614802973088],[91.924794891940621,26.362333757727331],[91.924954618072661,26.361580920939662],[91.923260740234426,26.361299875693906],[91.924858001554782,26.353771507817221],[91.927398818312128,26.354193075685856],[91.927877996708247,26.351934565322853],[91.925337179950901,26.351512997454218],[91.925017727686821,26.353018671029552],[91.915701399576548,26.351472922177884],[91.916819482500813,26.346203064664206],[91.920207238177284,26.346765155155722],[91.921005868837469,26.343000971217382],[91.918465052080123,26.342579403348743],[91.919103956608268,26.339568056198068],[91.914869262012687,26.338865443083677],[91.915667892672872,26.335101259145333],[91.913974014834636,26.334820213899576],[91.914133740966662,26.334067377111907],[91.91159292420933,26.333645809243272]],[[91.918658285115839,26.358198229593629],[91.92289297971142,26.358900842708024],[91.92161517065513,26.364923537009371],[91.914839659302203,26.363799356026338],[91.915957742226453,26.358529498512659],[91.918498558983799,26.358951066381298],[91.918658285115839,26.358198229593629]]]}},
{"type":"Feature","properties":{"flooded":1,"Risk":"Lo","layer":"Flood_Low","path":"C:\\Users\\Rudra\\Desktop\\flood_extent (2).geojson"},"geometry":{"type":"Polygon","coordinates":[[[91.981539799521329,26.371748773460215],[91.980421716597064,26.377018630973897],[91.982115594435299,26.377299676219657],[91.981796142171234,26.378805349794991],[91.983490020009455,26.379086395040748],[91.98157330642502,26.38812043649277],[91.980726367505909,26.387979913869891],[91.979927736845724,26.391744097808235],[91.985009370360416,26.392587233545509],[91.984689918096336,26.394092907120847],[91.985536857015447,26.394233429743725],[91.984897952487302,26.397244776894397],[91.987438769244648,26.397666344763032],[91.987279043112608,26.3984191815507],[91.9923606766273,26.399262317287974],[91.993319033419525,26.394745296561965],[91.992472094500414,26.394604773939086],[91.992951272896519,26.39234626357608],[91.991257395058284,26.392065218330323],[91.993014382510694,26.38378401366597],[91.990473565753348,26.383362445797331],[91.991751374809638,26.377339751495985],[91.99598606940522,26.37804236461038],[91.995506891009114,26.380300874973386],[91.99804770776646,26.380722442842025],[91.998367160030526,26.379216769266687],[92.000061037868747,26.379497814512444],[92.000699942396892,26.376486467361769],[91.999006064558671,26.376205422116012],[91.999165790690711,26.375452585328343],[91.998318851771586,26.375312062705461],[91.998478577903626,26.374559225917793],[91.99593776114628,26.374137658049158],[91.99577803501424,26.374890494836826],[91.994084157176019,26.37460944959107],[91.993604978779913,26.376867959954076],[91.986829467426986,26.375743778971042],[91.987148919691052,26.374238105395705],[91.984608102933706,26.37381653752707],[91.984927555197785,26.372310863951732],[91.981539799521329,26.371748773460215]]]}},
{"type":"Feature","properties":{"flooded":1,"Risk":"Lo","layer":"Flood_Low","path":"C:\\Users\\Rudra\\Desktop\\flood_extent (2).geojson"},"geometry":{"type":"Polygon","coordinates":[[[90.678821522693909,26.172749479292726],[90.678502070429829,26.174255152868064],[90.675114314753372,26.173693062376547],[90.674954588621333,26.174445899164215],[90.673260710783097,26.174164853918459],[90.672621806254952,26.17717620106913],[90.664999355982928,26.175911497463225],[90.663561820794598,26.182687028552241],[90.66610263755193,26.183108596420876],[90.66642208981601,26.181602922845538],[90.668115967654245,26.181883968091295],[90.668275693786285,26.181131131303626],[90.669122632705395,26.181271653926508],[90.669282358837421,26.180518817138839],[90.670129297756546,26.180659339761718],[90.670289023888586,26.179906502974049],[90.674523718484153,26.180609116088441],[90.674044540088047,26.182867626451447],[90.676585356845393,26.183289194320086],[90.677703439769644,26.178019336806408],[90.684478951122571,26.179143517789434],[90.684319224990546,26.179896354577103],[90.685166163909656,26.180036877199981],[90.685006437777616,26.18078971398765],[90.689241132373198,26.181492327102045],[90.689720310769303,26.179233816739043],[90.688026432931068,26.178952771493286],[90.688345885195147,26.177447097917948],[90.684958129518691,26.176885007426431],[90.685117855650716,26.176132170638763],[90.680883161055135,26.175429557524367],[90.681362339451255,26.173171047161361],[90.678821522693909,26.172749479292726]]]}},
{"type":"Feature","properties":{"flooded":1,"Risk":"Lo","layer":"Flood_Low","path":"C:\\Users\\Rudra\\Desktop\\flood_extent (2).geojson"},"geometry":{"type":"Polygon","coordinates":[[[92.64360839716791,26.503419507720611],[92.64344867103587,26.504172344508277],[92.636673159682942,26.50304816352525],[92.636193981286837,26.505306673888253],[92.637040920205962,26.505447196511131],[92.636881194073922,26.5062000332988],[92.643656705426835,26.50732421428183],[92.643496979294795,26.508077051069499],[92.644343918213906,26.508217573692377],[92.64418419208188,26.508970410480046],[92.645031131001005,26.509110933102928],[92.644871404868965,26.509863769890597],[92.649106099464532,26.510566383004988],[92.648626921068427,26.512824893367991],[92.656249371340465,26.514089596973903],[92.65656882360453,26.512583923398569],[92.659956579280987,26.513146013890083],[92.660435757677092,26.510887503527076],[92.657048002000636,26.510325413035563],[92.657367454264715,26.508819739460225],[92.656520515345605,26.508679216837347],[92.656680241477645,26.507926380049678],[92.649057791205607,26.506661676443766],[92.649377243469672,26.505156002868432],[92.645989487793216,26.504593912376919],[92.646149213925256,26.50384107558925],[92.64360839716791,26.503419507720611]]]}},
{"type":"Feature","properties":{"flooded":1,"Risk":"Lo","layer":"Flood_Low","path":"C:\\Users\\Rudra\\Desktop\\flood_extent (2).geojson"},"geometry":{"type":"Polygon","coordinates":[[[90.905738043402593,26.218971792134376],[90.905578317270553,26.219724628922044],[90.903884439432318,26.219443583676288],[90.903564987168252,26.220949257251625],[90.902718048249142,26.220808734628747],[90.902238869853036,26.223067244991753],[90.89631029741922,26.222083586631598],[90.89615057128718,26.222836423419267],[90.895303632368069,26.222695900796385],[90.894505001707884,26.226460084734729],[90.891964184950538,26.226038516866094],[90.891485006554433,26.2282970272291],[90.894025823311779,26.228718595097735],[90.894185549443804,26.227965758310066],[90.899267182958496,26.22880889404734],[90.899906087486642,26.225797546896665],[90.904987721001334,26.226640682633938],[90.905147447133373,26.22588784584627],[90.909382141728955,26.226590458960665],[90.909541867860995,26.225837622172996],[90.910388806780105,26.225978144795874],[90.91086798517621,26.223719634432872],[90.9100210462571,26.223579111809993],[90.910819676917285,26.219814927871649],[90.905738043402593,26.218971792134376]]]}},
{"type":"Feature","properties":{"flooded":1,"Risk":"Lo","layer":"Flood_Low","path":"C:\\Users\\Rudra\\Desktop\\flood_extent (2).geojson"},"geometry":{"type":"Polygon","coordinates":[[[92.017497700195619,26.408888376110898],[92.01733797406358,26.409641212898567],[92.016491035144469,26.409500690275689],[92.016171582880389,26.411006363851026],[92.015324643961264,26.410865841228148],[92.015164917829239,26.411618678015817],[92.013471039991018,26.411337632770056],[92.012193230934713,26.417360327071403],[92.013040169853824,26.417500849694285],[92.012560991457718,26.419759360057292],[92.0167956860533,26.420461973171683],[92.016955412185339,26.419709136384014],[92.01780235110445,26.419849659006893],[92.01796207723649,26.419096822219224],[92.020502893993836,26.419518390087863],[92.022100155314192,26.411990022211178],[92.021253216395081,26.4118494995883],[92.021732394791201,26.409590989225293],[92.017497700195619,26.408888376110898]]]}},
{"type":"Feature","properties":{"flooded":1,"Risk":"Lo","layer":"Flood_Low","path":"C:\\Users\\Rudra\\Desktop\\flood_extent (2).geojson"},"geometry":{"type":"Polygon","coordinates":[[[92.214626433958472,26.438478277468125],[92.213987529430327,26.441489624618796],[92.22415079645971,26.443175896093344],[92.221914630611195,26.453715611120703],[92.222761569530306,26.453856133743582],[92.222442117266226,26.455361807318919],[92.227523750780918,26.456204943056193],[92.228482107573143,26.45168792233018],[92.230175985411378,26.451968967575937],[92.230814889939523,26.448957620425265],[92.23420264561598,26.449519710916782],[92.234681824012085,26.447261200553775],[92.231294068335629,26.446699110062259],[92.231932972863788,26.443687762911587],[92.230239095025553,26.44340671766583],[92.230398821157578,26.442653880878161],[92.223623309804665,26.441529699895131],[92.223942762068745,26.440024026319794],[92.214626433958472,26.438478277468125]]]}},
{"type":"Feature","properties":{"flooded":1,"Risk":"Lo","layer":"Flood_Low","path":"C:\\Users\\Rudra\\Desktop\\flood_extent (2).geojson"},"geometry":{"type":"Polygon","coordinates":[[[92.052110778006224,26.419307346997822],[92.051631599610118,26.421565857360829],[92.044009149338095,26.42030115375492],[92.04337024480995,26.423312500905592],[92.040829428052604,26.422890933036957],[92.040350249656484,26.425149443399963],[92.041197188575595,26.425289966022842],[92.041037462443569,26.42604280281051],[92.043578279200915,26.426464370679145],[92.043738005332941,26.425711533891477],[92.047125761009397,26.426273624382993],[92.047285487141437,26.425520787595325],[92.05321405957524,26.426504445955477],[92.053533511839319,26.424998772380139],[92.058615145354011,26.425841908117413],[92.059094323750116,26.423583397754406],[92.056553506992771,26.423161829885768],[92.05687295925685,26.421656156310434],[92.05602602033774,26.421515633687555],[92.056185746469765,26.420762796899886],[92.05449186863153,26.42048175165413],[92.05465159476357,26.419728914866461],[92.052110778006224,26.419307346997822]]]}},
{"type":"Feature","properties":{"flooded":1,"Risk":"Lo","layer":"Flood_Low","path":"C:\\Users\\Rudra\\Desktop\\flood_extent (2).geojson"},"geometry":{"type":"Polygon","coordinates":[[[92.645863268564867,26.521718412197135],[92.645384090168761,26.523976922560141],[92.643690212330526,26.523695877314385],[92.643530486198486,26.524448714102054],[92.639295791602919,26.523746100987658],[92.639615243866999,26.522240427412321],[92.637074427109653,26.521818859543686],[92.636435522581507,26.524830206694361],[92.635588583662383,26.524689684071479],[92.635109405266263,26.526948194434482],[92.640191038780955,26.527791330171759],[92.640031312648915,26.528544166959424],[92.643419068325386,26.529106257450941],[92.644057972853545,26.526094910300269],[92.649986545287348,26.527078568660421],[92.649826819155308,26.52783140544809],[92.652367635912654,26.528252973316729],[92.652527362044694,26.52750013652906],[92.653374300963804,26.527640659151938],[92.65385347935991,26.525382148788932],[92.647924906926107,26.52439849042878],[92.648404085322213,26.522139980065774],[92.645863268564867,26.521718412197135]]]}},
{"type":"Feature","properties":{"flooded":1,"Risk":"Lo","layer":"Flood_Low","path":"C:\\Users\\Rudra\\Desktop\\flood_extent (2).geojson"},"geometry":{"type":"Polygon","coordinates":[[[92.287240345256166,26.45987830973349],[92.286761166860046,26.462136820096493],[92.290995861455627,26.462839433210885],[92.290836135323588,26.463592269998554],[92.294223891000044,26.46415436049007],[92.293744712603939,26.466412870853077],[92.295438590442174,26.466693916098833],[92.295278864310134,26.467446752886502],[92.29697274214837,26.467727798132263],[92.295854659224119,26.472997655645941],[92.29754853706234,26.473278700891697],[92.297229084798261,26.474784374467035],[92.298076023717371,26.474924897089913],[92.297916297585346,26.475677733877582],[92.29876323650447,26.47581825650046],[92.29860351037243,26.476571093288129],[92.301144327129776,26.476992661156768],[92.301463779393842,26.47548698758143],[92.304004596151188,26.475908555450065],[92.304164322283228,26.475155718662396],[92.307552077959684,26.475717809153913],[92.30803125635579,26.473459298790907],[92.307184317436679,26.473318776168028],[92.308142674228904,26.468801755442019],[92.304754918552433,26.468239664950502],[92.305393823080578,26.465228317799827],[92.300312189565886,26.464385182062554],[92.300471915697926,26.463632345274885],[92.295390282183249,26.462789209537611],[92.295550008315288,26.462036372749946],[92.289621435881472,26.461052714389794],[92.289781162013512,26.460299877602125],[92.287240345256166,26.45987830973349]]]}},
{"type":"Feature","properties":{"flooded":1,"Risk":"Lo","layer":"Flood_Low","path":"C:\\Users\\Rudra\\Desktop\\flood_extent (2).geojson"},"geometry":{"type":"Polygon","coordinates":[[[90.807638053562044,26.214385287564092],[90.80667969676982,26.218902308290101],[90.803291941093349,26.218340217798584],[90.801375227508913,26.227374259250606],[90.802222166428038,26.227514781873484],[90.801583261899879,26.230526129024156],[90.8032771397381,26.23080717426992],[90.803117413606074,26.231560011057585],[90.80565823036342,26.23198157892622],[90.806776313287671,26.226711721412542],[90.807623252206781,26.22685224403542],[90.808102430602887,26.224593733672414],[90.806408552764665,26.224312688426657],[90.807846087952996,26.217537157337642],[90.810386904710342,26.217958725206277],[90.811025809238501,26.214947378055605],[90.807638053562044,26.214385287564092]]]}},
{"type":"Feature","properties":{"flooded":1,"Risk":"Lo","layer":"Flood_Low","path":"C:\\Users\\Rudra\\Desktop\\flood_extent (2).geojson"},"geometry":{"type":"Polygon","coordinates":[[[92.269870696736675,26.463231074200138],[92.269710970604649,26.463983910987807],[92.268017092766428,26.463702865742047],[92.267857366634388,26.464455702529715],[92.266163488796153,26.464174657283959],[92.266003762664113,26.464927494071627],[92.264309884825877,26.464646448825871],[92.263830706429772,26.466904959188874],[92.265524584268007,26.46718600443463],[92.265205132003928,26.468691678009968],[92.266052070923038,26.468832200632846],[92.265892344790998,26.469585037420515],[92.266739283710123,26.469725560043393],[92.265780926917913,26.474242580769403],[92.271709499351715,26.475226239129558],[92.271869225483741,26.474473402341893],[92.273563103321976,26.47475444758765],[92.274202007850135,26.471743100436974],[92.277589763526592,26.472305190928488],[92.278068941922697,26.470046680565481],[92.277222003003573,26.469906157942603],[92.277381729135612,26.469153321154934],[92.275687851297391,26.468872275909177],[92.276167029693497,26.466613765546175],[92.27277927401704,26.466051675054658],[92.27309872628112,26.46454600147932],[92.272251787361995,26.464405478856442],[92.272411513494021,26.463652642068773],[92.269870696736675,26.463231074200138]]]}},
{"type":"Feature","properties":{"flooded":1,"Risk":"Lo","layer":"Flood_Low","path":"C:\\Users\\Rudra\\Desktop\\flood_extent (2).geojson"},"geometry":{"type":"Polygon","coordinates":[[[92.198088923002857,26.454438521028983],[92.197929196870817,26.455191357816652],[92.195388380113471,26.454769789948017],[92.194909201717365,26.457028300311023],[92.200837774151182,26.458011958671175],[92.199879417358957,26.462528979397185],[92.197338600601611,26.46210741152855],[92.196859422205506,26.464365921891552],[92.197706361124617,26.464506444514431],[92.197386908860551,26.466012118089768],[92.198233847779662,26.466152640712647],[92.198074121647622,26.466905477500315],[92.199767999485857,26.467186522746076],[92.199608273353817,26.467939359533744],[92.202149090111163,26.468360927402379],[92.203746351431533,26.460832559525695],[92.212215740622682,26.462237785754485],[92.212854645150827,26.45922643860381],[92.211160767312606,26.45894539335805],[92.211639945708711,26.456686882995044],[92.20740525111313,26.455984269880652],[92.207085798849064,26.45748994345599],[92.205391921010829,26.457208898210229],[92.205232194878789,26.457961734997898],[92.200150561364097,26.457118599260625],[92.200629739760203,26.454860088897618],[92.198088923002857,26.454438521028983]]]}},
{"type":"Feature","properties":{"flooded":1,"Risk":"Lo","layer":"Flood_Low","path":"C:\\Users\\Rudra\\Desktop\\flood_extent (2).geojson"},"geometry":{"type":"Polygon","coordinates":[[[92.217616826401439,26.461575247916421],[92.217137648005334,26.463833758279428],[92.217984586924445,26.463974280902306],[92.217505408528339,26.466232791265309],[92.221740103123921,26.466935404379704],[92.221420650859841,26.468441077955042],[92.223961467617187,26.468862645823677],[92.223482289221081,26.471121156186683],[92.224329228140192,26.471261678809562],[92.223211145215927,26.47653153632324],[92.227445839811509,26.477234149437635],[92.228084744339654,26.474222802286963],[92.228931683258764,26.474363324909842],[92.229730313918949,26.470599140971498],[92.227189497161604,26.470177573102863],[92.227668675557723,26.467919062739856],[92.226821736638612,26.467778540116974],[92.227141188902678,26.46627286654164],[92.225447311064443,26.465991821295884],[92.225766763328522,26.464486147720546],[92.224072885490301,26.464205102474789],[92.224232611622341,26.463452265687121],[92.21999791702676,26.462749652572725],[92.220157643158785,26.461996815785056],[92.217616826401439,26.461575247916421]]]}},
{"type":"Feature","properties":{"flooded":1,"Risk":"Lo","layer":"Flood_Low","path":"C:\\Users\\Rudra\\Desktop\\flood_extent (2).geojson"},"geometry":{"type":"Polygon","coordinates":[[[92.44718558174057,26.503561585277815],[92.446546677212424,26.50657293242849],[92.447393616131535,26.506713455051369],[92.446275533207285,26.511983312565047],[92.44796941104552,26.512264357810803],[92.447490232649415,26.51452286817381],[92.450877988325871,26.515084958665327],[92.451037714457897,26.514332121877658],[92.453578531215243,26.514753689746296],[92.454217435743388,26.511742342595625],[92.456758252500734,26.51216391046426],[92.457237430896853,26.509905400101253],[92.453002736301286,26.509202786986858],[92.453322188565352,26.50769711341152],[92.451628310727116,26.507416068165764],[92.451788036859156,26.506663231378095],[92.450941097940046,26.506522708755217],[92.451260550204125,26.505017035179879],[92.44956667236589,26.504735989934119],[92.449726398497916,26.50398315314645],[92.44718558174057,26.503561585277815]]]}},
{"type":"Feature","properties":{"flooded":1,"Risk":"Lo","layer":"Flood_Low","path":"C:\\Users\\Rudra\\Desktop\\flood_extent (2).geojson"},"geometry":{"type":"Polygon","coordinates":[[[93.052746908907892,26.604035260636216],[93.052587182775866,26.604788097423882],[93.041576976827372,26.602961303326456],[93.040618620035147,26.607478324052469],[93.038924742196912,26.607197278806709],[93.038765016064872,26.607950115594377],[93.037918077145761,26.607809592971499],[93.037758351013721,26.608562429759168],[93.034370595337251,26.608000339267655],[93.034210869205225,26.608753176055323],[93.032516991367004,26.608472130809563],[93.032357265234964,26.609224967597228],[93.027275631720272,26.608381831859958],[93.026796453324167,26.610640342222965],[93.027643392243277,26.610780864845843],[93.027483666111237,26.611533701633512],[93.03341223854504,26.612517359993664],[93.03357196467708,26.611764523205995],[93.036112781434426,26.61218609107463],[93.036272507566451,26.611433254286961],[93.038813324323797,26.6118548221556],[93.038973050455837,26.611101985367931],[93.039819989374962,26.611242507990809],[93.039979715507002,26.61048967120314],[93.041673593345223,26.610770716448897],[93.042312497873368,26.607759369298225],[93.04739413138806,26.608602505035499],[93.0475538575201,26.60784966824783],[93.049247735358335,26.608130713493587],[93.049407461490375,26.607377876705918],[93.050254400409486,26.607518399328796],[93.050414126541511,26.606765562541128],[93.051261065460622,26.60690608516401],[93.051420791592662,26.606153248376341],[93.054808547269133,26.606715338867854],[93.055287725665238,26.604456828504851],[93.052746908907892,26.604035260636216]]]}},
{"type":"Feature","properties":{"flooded":1,"Risk":"Lo","layer":"Flood_Low","path":"C:\\Users\\Rudra\\Desktop\\flood_extent (2).geojson"},"geometry":{"type":"Polygon","coordinates":[[[92.051457072122844,26.43478565061983],[92.051137619858764,26.436291324195167],[92.048596803101418,26.435869756326529],[92.048117624705313,26.438128266689532],[92.050658441462659,26.43854983455817],[92.049540358538394,26.443819692071852],[92.050387297457519,26.44396021469473],[92.049748392929374,26.446971561845402],[92.050595331848484,26.44711208446828],[92.050275879584419,26.448617758043618],[92.051122818503529,26.448758280666496],[92.05080336623945,26.450263954241834],[92.052497244077685,26.450544999487594],[92.052337517945645,26.451297836275263],[92.053184456864756,26.451438358898141],[92.053024730732716,26.45219119568581],[92.056412486409187,26.452753286177323],[92.056252760277161,26.453506122964992],[92.061334393791839,26.454349258702266],[92.061494119923864,26.453596421914597],[92.06403493668121,26.454017989783235],[92.06419466281325,26.453265152995566],[92.067582418489721,26.45382724348708],[92.067742144621761,26.453074406699411],[92.070282961379107,26.45349597456805],[92.070442687511147,26.452743137780381],[92.074677382106714,26.453445750894776],[92.075156560502819,26.45118724053177],[92.074309621583708,26.451046717908888],[92.074469347715748,26.450293881121219],[92.071928530958402,26.449872313252584],[92.071609078694323,26.451377986827922],[92.063986628422285,26.450113283222013],[92.064146354554325,26.449360446434344],[92.059911659958757,26.448657833319949],[92.060710290618943,26.444893649381608],[92.061557229538053,26.445034172004487],[92.061716955670093,26.444281335216818],[92.064257772427439,26.444702903085453],[92.06521612921965,26.440185882359444],[92.058440617866722,26.43906170137641],[92.058280891734697,26.439814538164079],[92.05404619713913,26.439111925049684],[92.054685101667275,26.436100577899012],[92.05383816274815,26.435960055276134],[92.05399788888019,26.435207218488465],[92.051457072122844,26.43478565061983]]]}},
{"type":"Feature","properties":{"flooded":1,"Risk":"Lo","layer":"Flood_Low","path":"C:\\Users\\Rudra\\Desktop\\flood_extent (2).geojson"},"geometry":{"type":"Polygon","coordinates":[[[92.426922157295991,26.491626792418614],[92.426762431163951,26.492379629206283],[92.424221614406605,26.491958061337648],[92.424061888274565,26.492710898125313],[92.421521071517219,26.492289330256675],[92.421041893121114,26.494547840619681],[92.422735770959335,26.494828885865438],[92.42177741416711,26.499345906591451],[92.424318230924456,26.499767474460086],[92.423679326396311,26.502778821610761],[92.426220143153657,26.503200389479396],[92.426060417021631,26.503953226267065],[92.429448172698102,26.504515316758582],[92.428010637509772,26.511290847847597],[92.426316759671536,26.511009802601841],[92.425677855143377,26.514021149752516],[92.428218671900723,26.514442717621151],[92.427579767372578,26.517454064771822],[92.430120584129924,26.517875632640461],[92.430919214790109,26.514111448702121],[92.434306970466565,26.514673539193634],[92.43510560112675,26.51090935525529],[92.437646417884096,26.511330923123928],[92.437806144016136,26.51057808633626],[92.438653082935261,26.510718608959138],[92.439611439727486,26.506201588233129],[92.438764500808361,26.50606106561025],[92.439083953072426,26.504555392034913],[92.437390075234205,26.504274346789153],[92.437869253630311,26.502015836426146],[92.437022314711186,26.501875313803268],[92.437182040843226,26.501122477015603],[92.436335101924115,26.500981954392724],[92.436494828056155,26.500229117605056],[92.435647889137044,26.500088594982177],[92.43628679366519,26.497077247831502],[92.433745976907844,26.496655679962863],[92.434065429171923,26.495150006387526],[92.429830734576342,26.494447393273134],[92.430309912972447,26.492188882910131],[92.426922157295991,26.491626792418614]]]}},
{"type":"Feature","properties":{"flooded":1,"Risk":"Lo","layer":"Flood_Low","path":"C:\\Users\\Rudra\\Desktop\\flood_extent (2).geojson"},"geometry":{"type":"Polygon","coordinates":[[[92.634760350291714,26.553387780952484],[92.634600624159674,26.554140617740153],[92.632059807402328,26.553719049871518],[92.631580629006223,26.555977560234524],[92.632427567925347,26.556118082857402],[92.632108115661268,26.55762375643274],[92.632955054580378,26.557764279055618],[92.632795328448339,26.558517115843287],[92.633642267367449,26.558657638466165],[92.633482541235423,26.559410475253831],[92.636023357992769,26.559832043122469],[92.63538445346461,26.562843390273144],[92.637925270221956,26.563264958141779],[92.638084996353996,26.562512121354111],[92.642319690949577,26.563214734468506],[92.642479417081617,26.562461897680837],[92.644173294919852,26.562742942926594],[92.644652473315958,26.560484432563591],[92.643805534396833,26.560343909940713],[92.644124986660913,26.558838236365375],[92.643278047741802,26.558697713742497],[92.643437773873842,26.557944876954828],[92.642590834954731,26.55780435433195],[92.642750561086757,26.557051517544281],[92.638515866491176,26.556348904429885],[92.638675592623215,26.555596067642217],[92.63698171478498,26.55531502239646],[92.63730116704906,26.553809348821122],[92.634760350291714,26.553387780952484]]]}},
{"type":"Feature","properties":{"flooded":1,"Risk":"Lo","layer":"Flood_Low","path":"C:\\Users\\Rudra\\Desktop\\flood_extent (2).geojson"},"geometry":{"type":"Polygon","coordinates":[[[92.693407170101636,26.566235711704682],[92.693247443969597,26.56698854849235],[92.692400505050472,26.566848025869472],[92.691761600522327,26.569859373020144],[92.680751394573832,26.568032578922718],[92.680591668441792,26.568785415710387],[92.679744729522682,26.568644893087509],[92.679425277258602,26.570150566662846],[92.67434364374391,26.569307430925573],[92.673385286951699,26.573824451651582],[92.679313859385502,26.574808110011734],[92.680112490045687,26.571043926073393],[92.684347184641268,26.571746539187789],[92.684187458509228,26.572499375975458],[92.685881336347464,26.572780421221214],[92.685721610215424,26.573533258008883],[92.690803243730102,26.574376393746157],[92.690962969862142,26.573623556958488],[92.695197664457723,26.574326170072883],[92.695836568985868,26.571314822922208],[92.696683507904979,26.571455345545086],[92.697002960169058,26.569949671969749],[92.697849899088183,26.570090194592627],[92.698329077484289,26.567831684229624],[92.697482138565164,26.567691161606746],[92.697641864697204,26.566938324819077],[92.693407170101636,26.566235711704682]]]}},
{"type":"Feature","properties":{"flooded":1,"Risk":"Lo","layer":"Flood_Low","path":"C:\\Users\\Rudra\\Desktop\\flood_extent (2).geojson"},"geometry":{"type":"Polygon","coordinates":[[[93.046372664981675,26.621681775671618],[93.046053212717595,26.623187449246956],[93.041818518122014,26.622484836132564],[93.040860161329803,26.627001856858573],[93.038319344572457,26.626580288989935],[93.037520713912272,26.630344472928279],[93.03243908039758,26.629501337191005],[93.031959902001461,26.631759847554012],[93.033653779839696,26.632040892799768],[93.03349405370767,26.632793729587437],[93.034340992626781,26.632934252210319],[93.034021540362701,26.634439925785653],[93.039950112796518,26.635423584145805],[93.039630660532438,26.636929257721143],[93.042171477289784,26.637350825589778],[93.042331203421824,26.636597988802109],[93.044872020179156,26.637019556670747],[93.045351198575275,26.634761046307744],[93.049585893170857,26.635463659422136],[93.050065071566962,26.63320514905913],[93.049218132647852,26.633064626436251],[93.049537584911917,26.631558952860914],[93.043609012478115,26.630575294500762],[93.042810381817944,26.634339478439106],[93.037728748303252,26.633496342701832],[93.038687105095462,26.62897932197582],[93.041227921852808,26.629400889844458],[93.042026552512993,26.625636705906118],[93.044567369270339,26.626058273774753],[93.044727095402379,26.625305436987084],[93.049808728917057,26.626148572724357],[93.049968455049097,26.625395735936689],[93.051662332887332,26.625676781182445],[93.052141511283438,26.623418270819439],[93.048753755606981,26.622856180327926],[93.048913481739021,26.622103343540257],[93.046372664981675,26.621681775671618]]]}},
{"type":"Feature","properties":{"flooded":1,"Risk":"Lo","layer":"Flood_Low","path":"C:\\Users\\Rudra\\Desktop\\flood_extent (2).geojson"},"geometry":{"type":"Polygon","coordinates":[[[92.57127343826177,26.559220247269124],[92.571113712129744,26.559973084056793],[92.570266773210619,26.559832561433911],[92.569308416418394,26.56434958215992],[92.567614538580173,26.564068536914164],[92.567135360184068,26.56632704727717],[92.567982299103178,26.566467569900048],[92.567822572971139,26.567220406687717],[92.574598084324066,26.568344587670747],[92.574438358192026,26.569097424458416],[92.579519991706718,26.56994056019569],[92.579679717838758,26.569187723408021],[92.581373595676979,26.569468768653781],[92.581533321809019,26.568715931866112],[92.582380260728129,26.568856454488991],[92.583019165256275,26.565845107338319],[92.580478348498943,26.56542353946968],[92.580638074630983,26.564670702682012],[92.579791135711858,26.564530180059133],[92.579950861843884,26.563777343271465],[92.577410045086538,26.56335577540283],[92.577889223482657,26.561097265039823],[92.577042284563547,26.560956742416945],[92.577202010695572,26.560203905629276],[92.57127343826177,26.559220247269124]]]}},
{"type":"Feature","properties":{"flooded":1,"Risk":"Lo","layer":"Flood_Low","path":"C:\\Users\\Rudra\\Desktop\\flood_extent (2).geojson"},"geometry":{"type":"Polygon","coordinates":[[[92.653523129933802,26.580660354810817],[92.653363403801762,26.581413191598486],[92.651669525963541,26.581132146352726],[92.651190347567436,26.583390656715732],[92.657965858920349,26.584514837698766],[92.657806132788309,26.585267674486435],[92.659500010626545,26.585548719732191],[92.659340284494505,26.58630155651986],[92.660187223413615,26.586442079142738],[92.660027497281575,26.587194915930404],[92.664262191877157,26.587897529044803],[92.664421918009197,26.587144692257134],[92.668656612604764,26.587847305371529],[92.668496886472724,26.588600142159194],[92.67103770323007,26.589021710027829],[92.67119742936211,26.588268873240164],[92.673738246119456,26.588690441108799],[92.673897972251496,26.58793760432113],[92.680673483604423,26.589061785304164],[92.681152662000528,26.586803274941158],[92.680305723081418,26.586662752318279],[92.680625175345497,26.585157078742942],[92.675543541830805,26.584313943005668],[92.675383815698765,26.585066779793337],[92.674536876779641,26.584926257170455],[92.674377150647601,26.585679093958124],[92.67353021172849,26.585538571335245],[92.67337048559645,26.586291408122914],[92.668288852081758,26.585448272385641],[92.668608304345838,26.583942598810303],[92.656751159478233,26.581975282089999],[92.656910885610273,26.58122244530233],[92.653523129933802,26.580660354810817]]]}},
{"type":"Feature","properties":{"flooded":1,"Risk":"Lo","layer":"Flood_Low","path":"C:\\Users\\Rudra\\Desktop\\flood_extent (2).geojson"},"geometry":{"type":"Polygon","coordinates":[[[93.025648767689418,26.640844112679304],[93.025489041557378,26.641596949466972],[93.024642102638254,26.641456426844094],[93.024162924242148,26.6437149372071],[93.019081290727456,26.642871801469827],[93.019400742991536,26.641366127894489],[93.016859926234204,26.640944560025854],[93.016061295574019,26.644708743964198],[93.015214356654894,26.64456822134132],[93.014735178258775,26.646826731704323],[93.019816811773467,26.647669867441596],[93.019657085641441,26.648422704229265],[93.025585658075244,26.649406362589417],[93.025745384207269,26.648653525801748],[93.026592323126394,26.648794048424627],[93.026911775390474,26.647288374849293],[93.027758714309584,26.647428897472171],[93.02823789270569,26.645170387109165],[93.0290848316248,26.645310909732043],[93.02956401002092,26.643052399369036],[93.028717071101809,26.642911876746158],[93.028876797233835,26.642159039958489],[93.028029858314724,26.642018517335611],[93.028189584446764,26.641265680547942],[93.025648767689418,26.640844112679304]]]}},
{"type":"Feature","properties":{"flooded":1,"Risk":"Lo","layer":"Flood_Low","path":"C:\\Users\\Rudra\\Desktop\\flood_extent (2).geojson"},"geometry":{"type":"Polygon","coordinates":[[[92.923488610740563,26.622335201735627],[92.923009432344443,26.62459371209863],[92.918774737748862,26.623891098984235],[92.918135833220717,26.62690244613491],[92.918982772139842,26.627042968757788],[92.918343867611696,26.63005431590846],[92.920884684369042,26.630475883777102],[92.920405505972937,26.632734394140105],[92.922099383811158,26.633015439385861],[92.921939657679118,26.63376827617353],[92.924480474436464,26.634189844042169],[92.924640200568504,26.6334370072545],[92.92718101732585,26.633858575123135],[92.927660195721955,26.631600064760129],[92.930201012479301,26.632021632628771],[92.930680190875421,26.629763122265764],[92.928139374118075,26.629341554397126],[92.928458826382141,26.627835880821788],[92.925918009624795,26.627414312953153],[92.92655691415294,26.624402965802478],[92.925709975233829,26.624262443179596],[92.926029427497909,26.622756769604262],[92.923488610740563,26.622335201735627]]]}},
{"type":"Feature","properties":{"flooded":1,"Risk":"Lo","layer":"Flood_Low","path":"C:\\Users\\Rudra\\Desktop\\flood_extent (2).geojson"},"geometry":{"type":"Polygon","coordinates":[[[92.904376776123911,26.621502214395296],[92.904217049991885,26.622255051182965],[92.900829294315429,26.621692960691448],[92.900669568183389,26.622445797479116],[92.898975690345154,26.62216475223336],[92.898496511949048,26.624423262596366],[92.900190389787284,26.624704307842123],[92.899232032995059,26.629221328568132],[92.901772849752405,26.629642896436771],[92.901613123620365,26.630395733224439],[92.906694757135057,26.631238868961709],[92.906535031003017,26.631991705749378],[92.909075847760363,26.632413273618017],[92.909714752288508,26.629401926467342],[92.907173935531162,26.628980358598703],[92.908132292323387,26.624463337872694],[92.908979231242498,26.624603860495576],[92.909458409638603,26.622345350132569],[92.904376776123911,26.621502214395296]]]}},
{"type":"Feature","properties":{"flooded":1,"Risk":"Lo","layer":"Flood_Low","path":"C:\\Users\\Rudra\\Desktop\\flood_extent (2).geojson"},"geometry":{"type":"Polygon","coordinates":[[[92.478414808067939,26.554724041648441],[92.478095355803859,26.556229715223779],[92.470472905531835,26.55496501161787],[92.470313179399795,26.555717848405536],[92.469466240480671,26.555577325782657],[92.468987062084565,26.557835836145664],[92.46983400100369,26.557976358768542],[92.46967427487165,26.558729195556211],[92.470521213790761,26.558869718179089],[92.470361487658721,26.559622554966758],[92.471208426577832,26.559763077589636],[92.470888974313766,26.561268751164974],[92.476817546747569,26.562252409525126],[92.476977272879608,26.561499572737457],[92.477824211798733,26.561640095360335],[92.477983937930759,26.560887258572667],[92.482218632526326,26.561589871687062],[92.483017263186511,26.557825687748718],[92.484711141024746,26.558106732994482],[92.485190319420866,26.555848222631475],[92.478414808067939,26.554724041648441]]]}},
{"type":"Feature","properties":{"flooded":1,"Risk":"Lo","layer":"Flood_Low","path":"C:\\Users\\Rudra\\Desktop\\flood_extent (2).geojson"},"geometry":{"type":"Polygon","coordinates":[[[92.751608318419116,26.597713815852433],[92.751288866155036,26.599219489427771],[92.750441927235926,26.599078966804893],[92.749803022707781,26.602090313955564],[92.747262205950435,26.601668746086929],[92.746623301422289,26.604680093237604],[92.743235545745833,26.604118002746088],[92.742596641217688,26.607129349896763],[92.73582112986476,26.606005168913732],[92.73566140373272,26.606758005701401],[92.732273648056264,26.606195915209884],[92.731634743528119,26.609207262360556],[92.733328621366354,26.609488307606316],[92.732689716838209,26.612499654756991],[92.736924411433776,26.613202267871383],[92.737243863697856,26.611696594296046],[92.738090802616981,26.611837116918924],[92.738569981013086,26.609578606555917],[92.742804675608653,26.610281219670313],[92.743283854004758,26.60802270930731],[92.74751854860034,26.608725322421705],[92.748157453128485,26.60571397527103],[92.750698269885831,26.606135543139665],[92.751656626678056,26.601618522413656],[92.752503565597166,26.601759045036538],[92.752823017861246,26.6002533714612],[92.753669956780357,26.600393894084078],[92.754149135176462,26.598135383721072],[92.751608318419116,26.597713815852433]]]}},
{"type":"Feature","properties":{"flooded":1,"Risk":"Lo","layer":"Flood_Low","path":"C:\\Users\\Rudra\\Desktop\\flood_extent (2).geojson"},"geometry":{"type":"Polygon","coordinates":[[[92.908964429887263,26.637070816966904],[92.908644977623183,26.638576490542242],[92.907798038704072,26.638435967919364],[92.907318860307967,26.64069447828237],[92.908165799227078,26.640835000905248],[92.907846346962998,26.642340674480586],[92.909540224801233,26.642621719726343],[92.908901320273088,26.645633066877014],[92.913136014868655,26.64633567999141],[92.91265683647255,26.648594190354416],[92.915197653229896,26.649015758223054],[92.914878200965816,26.650521431798392],[92.918265956642273,26.651083522289905],[92.918425682774313,26.650330685502237],[92.923507316289005,26.65117382123951],[92.92398649468511,26.648915310876504],[92.922292616846889,26.648634265630747],[92.923410699771154,26.643364408117069],[92.920869883013808,26.642942840248431],[92.920550430749728,26.644448513823768],[92.915468797235036,26.643605378086495],[92.916107701763181,26.640594030935819],[92.912719946086725,26.640031940444306],[92.913199124482844,26.6377734300813],[92.908964429887263,26.637070816966904]]]}},
{"type":"Feature","properties":{"flooded":1,"Risk":"Lo","layer":"Flood_Low","path":"C:\\Users\\Rudra\\Desktop\\flood_extent (2).geojson"},"geometry":{"type":"Polygon","coordinates":[[[92.49375632512988,26.565062861982703],[92.49359659899784,26.565815698770372],[92.490208843321383,26.565253608278859],[92.489889391057304,26.566759281854196],[92.489042452138179,26.566618759231318],[92.488882726006153,26.567371596018983],[92.488035787087043,26.567231073396101],[92.487396882558897,26.570242420546776],[92.489090760397133,26.570523465792537],[92.488931034265093,26.571276302580205],[92.49316572886066,26.571978915694597],[92.492367098200475,26.575743099632938],[92.493214037119586,26.575883622255823],[92.492255680327361,26.580400642981832],[92.493949558165596,26.580681688227589],[92.493630105901531,26.582187361802927],[92.497017861577987,26.582749452294443],[92.497177587710013,26.581996615506775],[92.498024526629138,26.582137138129653],[92.499142609553402,26.576867280615971],[92.499989548472513,26.57700780323885],[92.500468726868618,26.574749292875847],[92.497927910111272,26.574327725007208],[92.498087636243312,26.57357488821954],[92.495546819485966,26.573153320350904],[92.497144080806336,26.56562495247422],[92.49375632512988,26.565062861982703]]]}},
{"type":"Feature","properties":{"flooded":1,"Risk":"Lo","layer":"Flood_Low","path":"C:\\Users\\Rudra\\Desktop\\flood_extent (2).geojson"},"geometry":{"type":"Polygon","coordinates":[[[92.844340729384612,26.619334521293336],[92.843542098724427,26.62309870523168],[92.839307404128846,26.622396092117285],[92.839467130260886,26.621643255329616],[92.83692631350354,26.621221687460981],[92.836127682843355,26.624985871399321],[92.836974621762479,26.6251263940222],[92.836016264970254,26.629643414748212],[92.83516932605113,26.629502892125334],[92.834370695390945,26.633267076063674],[92.833523756471834,26.633126553440796],[92.833044578075729,26.635385063803803],[92.834738455913964,26.635666109049559],[92.834578729781924,26.636418945837228],[92.838813424377491,26.637121558951623],[92.839132876641571,26.635615885376286],[92.843367571237152,26.636318498490681],[92.843207845105113,26.63707133527835],[92.845748661862459,26.637492903146985],[92.845429209598379,26.638998576722322],[92.846276148517489,26.639139099345201],[92.845956696253424,26.640644772920538],[92.84849751301077,26.641066340789177],[92.8499350481991,26.634290809700161],[92.844006475765298,26.633307151340009],[92.844964832557508,26.628790130613996],[92.847505649314854,26.629211698482631],[92.847984827710974,26.626953188119625],[92.849678705549195,26.627234233365382],[92.85047733620938,26.623470049427041],[92.847936519452048,26.623048481558406],[92.848415697848154,26.6207899711954],[92.846721820009918,26.620508925949643],[92.846881546141958,26.619756089161974],[92.844340729384612,26.619334521293336]]]}},
{"type":"Feature","properties":{"flooded":1,"Risk":"Lo","layer":"Flood_Low","path":"C:\\Users\\Rudra\\Desktop\\flood_extent (2).geojson"},"geometry":{"type":"Polygon","coordinates":[[[92.669329024036614,26.601207621253405],[92.668849845640494,26.603466131616411],[92.672237601316951,26.604028222107928],[92.67143897065678,26.607792406046268],[92.666357337142088,26.606949270308995],[92.666676789406154,26.605443596733657],[92.664135972648808,26.605022028865019],[92.663976246516768,26.605774865652688],[92.663129307597657,26.605634343029809],[92.662809855333592,26.607140016605147],[92.660269038576246,26.606718448736512],[92.660109312444206,26.607471285524181],[92.655027678929514,26.606628149786907],[92.654548500533409,26.608886660149913],[92.657936256209865,26.609448750641427],[92.658095982341891,26.608695913853758],[92.662330676937472,26.609398526968153],[92.662490403069512,26.608645690180484],[92.668418975503315,26.609629348540636],[92.668578701635354,26.608876511752968],[92.68382360217943,26.611405918964788],[92.68366387604739,26.612158755752457],[92.687898570642957,26.612861368866852],[92.687419392246852,26.615119879229859],[92.690807147923323,26.615681969721372],[92.691925230847573,26.61041211220769],[92.692772169766684,26.610552634830572],[92.692931895898724,26.609799798042904],[92.69631965157518,26.610361888534417],[92.69663910383926,26.608856214959083],[92.698332981677495,26.609137260204839],[92.698812160073601,26.606878749841833],[92.696271343316255,26.606457181973198],[92.696111617184215,26.607210018760867],[92.69441773934598,26.60692897351511],[92.694098287081914,26.608434647090448],[92.689016653567222,26.607591511353174],[92.689176379699248,26.606838674565505],[92.686635562941902,26.606417106696867],[92.686156384545797,26.60867561705987],[92.680227812111994,26.607691958699718],[92.680068085979954,26.608444795487387],[92.672445635707916,26.607180091881478],[92.673563718632181,26.6019102343678],[92.669329024036614,26.601207621253405]]]}},
{"type":"Feature","properties":{"flooded":1,"Risk":"Lo","layer":"Flood_Low","path":"C:\\Users\\Rudra\\Desktop\\flood_extent (2).geojson"},"geometry":{"type":"Polygon","coordinates":[[[92.50388998944878,26.591683046399915],[92.50373026331674,26.592435883187584],[92.494413935206467,26.590890134335915],[92.493934756810361,26.593148644698918],[92.495628634648597,26.593429689944678],[92.495149456252477,26.595688200307684],[92.495996395171588,26.595828722930563],[92.495836669039562,26.596581559718231],[92.500071363635143,26.597284172832627],[92.499592185239024,26.599542683195633],[92.50297994091548,26.600104773687146],[92.50329939317956,26.598599100111809],[92.505840209936906,26.599020667980447],[92.506319388333011,26.596762157617441],[92.508013266171247,26.597043202863198],[92.508652170699392,26.594031855712526],[92.507805231780267,26.593891333089648],[92.507964957912307,26.593138496301979],[92.507118018993197,26.5929979736791],[92.507277745125236,26.592245136891432],[92.50388998944878,26.591683046399915]]]}},
{"type":"Feature","properties":{"flooded":1,"Risk":"Lo","layer":"Flood_Low","path":"C:\\Users\\Rudra\\Desktop\\flood_extent (2).geojson"},"geometry":{"type":"Polygon","coordinates":[[[93.038197029537315,26.685010364785374],[93.038037303405275,26.685763201573042],[93.032955669890583,26.684920065835769],[93.032476491494478,26.687178576198775],[93.03840506392828,26.688162234558927],[93.038085611664215,26.689667908134265],[93.038932550583326,26.689808430757147],[93.037814467659061,26.695078288270825],[93.030192017387037,26.693813584664912],[93.030511469651117,26.692307911089575],[93.027123713974646,26.691745820598062],[93.026644535578527,26.694004330961068],[93.032573108012329,26.69498798932122],[93.032253655748264,26.696493662896557],[93.036488350343845,26.697196276010949],[93.03568971968366,26.70096045994929],[93.03653665860277,26.701100982572171],[93.036376932470731,26.70185381935984],[93.039764688147201,26.702415909851354],[93.039604962015162,26.703168746639022],[93.040451900934272,26.703309269261901],[93.040292174802246,26.70406210604957],[93.042832991559592,26.704483673918208],[93.043791348351803,26.699966653192195],[93.039556653756222,26.6992640400778],[93.040355284416407,26.69549985613946],[93.042049162254642,26.695780901385216],[93.042208888386682,26.695028064597548],[93.043055827305793,26.695168587220426],[93.043215553437832,26.694415750432757],[93.046603309114303,26.694977840924274],[93.047082487510409,26.692719330561268],[93.045388609672173,26.692438285315511],[93.045548335804213,26.691685448527842],[93.044701396885102,26.691544925904964],[93.045340301413248,26.688533578754292],[93.044493362494123,26.68839305613141],[93.044653088626163,26.687640219343741],[93.041265332949706,26.687078128852228],[93.041584785213772,26.68557245527689],[93.038197029537315,26.685010364785374]]]}},
{"type":"Feature","properties":{"flooded":1,"Risk":"Lo","layer":"Flood_Low","path":"C:\\Users\\Rudra\\Desktop\\flood_extent (2).geojson"},"geometry":{"type":"Polygon","coordinates":[[[92.943978775124563,26.666260483872268],[92.943659322860498,26.667766157447602],[92.941965445022262,26.667485112201845],[92.941645992758183,26.668990785777183],[92.939952114919961,26.668709740531426],[92.939632662655896,26.670215414106764],[92.938785723736771,26.670074891483882],[92.938306545340652,26.672333401846888],[92.943388178855344,26.673176537584162],[92.943228452723318,26.673929374371831],[92.945769269480664,26.674350942240469],[92.945449817216584,26.675856615815803],[92.948837572893041,26.676418706307317],[92.94771948996879,26.681688563820998],[92.948566428887915,26.68182908644388],[92.94760807209569,26.686346107169889],[92.945914194257455,26.686065061924129],[92.945435015861349,26.688323572287135],[92.947975832618695,26.688745140155774],[92.948934189410906,26.684228119429761],[92.954015822925598,26.685071255167035],[92.954495001321717,26.682812744804032],[92.955341940240828,26.68295326742691],[92.955980844768973,26.679941920276235],[92.953440028011627,26.679520352407597],[92.953599754143653,26.678767515619928],[92.951905876305432,26.678486470374171],[92.953023959229697,26.673216612860493],[92.948789264634115,26.672513999746098],[92.949108716898181,26.67100832617076],[92.946567900140835,26.670586758302125],[92.94736653080102,26.666822574363785],[92.943978775124563,26.666260483872268]]]}},
{"type":"Feature","properties":{"flooded":1,"Risk":"Lo","layer":"Flood_Low","path":"C:\\Users\\Rudra\\Desktop\\flood_extent (2).geojson"},"geometry":{"type":"Polygon","coordinates":[[[91.273722514304879,26.422646034407894],[91.273562788172839,26.423398871195563],[91.267634215739022,26.422415212835411],[91.267314763474957,26.423920886410748],[91.264773946717625,26.423499318542113],[91.264454494453545,26.425004992117451],[91.260219799857964,26.424302379003056],[91.260379525990004,26.423549542215387],[91.259532587070893,26.423409019592508],[91.259692313202933,26.42265618280484],[91.257151496445587,26.422234614936201],[91.256991770313547,26.42298745172387],[91.251910136798855,26.4221443159866],[91.251430958402736,26.424402826349606],[91.257359530836538,26.425386484709758],[91.257199804704513,26.426139321497427],[91.259740621461859,26.426560889366062],[91.259421169197779,26.428066562941396],[91.271278314065384,26.4300338796617],[91.271438040197424,26.429281042874031],[91.278213551550351,26.430405223857065],[91.277734373154246,26.432663734220068],[91.280275189911592,26.433085302088706],[91.280434916043617,26.432332465301037],[91.282128793881853,26.432613510546794],[91.282607972277972,26.430355000183791],[91.281761033358848,26.430214477560913],[91.282399937886993,26.427203130410238],[91.281552998967882,26.427062607787359],[91.281712725099922,26.426309770999691],[91.279171908342576,26.425888203131052],[91.279491360606642,26.424382529555714],[91.276103604930185,26.423820439064201],[91.276263331062225,26.423067602276532],[91.273722514304879,26.422646034407894]]]}},
{"type":"Feature","properties":{"flooded":1,"Risk":"Lo","layer":"Flood_Low","path":"C:\\Users\\Rudra\\Desktop\\flood_extent (2).geojson"},"geometry":{"type":"Polygon","coordinates":[[[92.428976802688396,26.589384979072019],[92.428018445896171,26.593901999798032],[92.425477629138825,26.593480431929397],[92.42499845074272,26.595738942292403],[92.428386206419177,26.596301032783916],[92.428066754155097,26.59780670635925],[92.429760631993332,26.598087751605007],[92.429441179729267,26.599593425180345],[92.432828935405723,26.600155515671862],[92.431391400217393,26.606931046760877],[92.439013850489431,26.608195750366786],[92.438055493697206,26.612712771092799],[92.432126921263404,26.611729112732647],[92.432286647395443,26.610976275944978],[92.428051952799862,26.610273662830586],[92.428211678931902,26.609520826042917],[92.424823923255445,26.608958735551401],[92.425303101651551,26.606700225188394],[92.42445616273244,26.606559702565516],[92.425574245656691,26.601289845051838],[92.423033428899345,26.600868277183199],[92.421276441446949,26.609149481847552],[92.424664197123406,26.609711572339069],[92.42386556646322,26.61347575627741],[92.416243116191183,26.612211052671501],[92.416402842323222,26.611458215883832],[92.41047426988942,26.610474557523681],[92.411432626681631,26.605957536797671],[92.41058568776252,26.605817014174789],[92.41074541389456,26.605064177387121],[92.403969902541633,26.60393999640409],[92.403650450277567,26.605445669979428],[92.399415755681986,26.604743056865033],[92.399894934078091,26.602484546502026],[92.39820105623987,26.60220350125627],[92.398520508503935,26.600697827680932],[92.394285813908354,26.599995214566537],[92.394764992304474,26.597736704203534],[92.393918053385363,26.597596181580656],[92.394237505649428,26.596090508005318],[92.393390566730318,26.59594998538244],[92.394828101918648,26.589174454293424],[92.389746468403956,26.588331318556151],[92.390065920668036,26.586825644980813],[92.389218981748911,26.586685122357935],[92.389378707880951,26.585932285570266],[92.385990952204494,26.585370195078749],[92.385511773808375,26.587628705441755],[92.38720565164661,26.587909750687515],[92.385608390326254,26.5954381185642],[92.386455329245365,26.595578641187078],[92.386295603113325,26.596331477974747],[92.387142542032436,26.596472000597625],[92.386823089768356,26.597977674172959],[92.389363906525702,26.598399242041594],[92.389204180393662,26.599152078829263],[92.390898058231897,26.599433124075023],[92.390578605967832,26.600938797650361],[92.393119422725178,26.601360365518996],[92.392959696593138,26.602113202306665],[92.394653574431373,26.602394247552425],[92.394493848299334,26.603147084340094],[92.39703466505668,26.603568652208729],[92.396715212792614,26.605074325784067],[92.402643785226417,26.606057984144218],[92.402324332962337,26.607563657719556],[92.404865149719683,26.607985225588191],[92.404705423587643,26.60873806237586],[92.409787057102335,26.609581198113133],[92.408988426442164,26.613345382051474],[92.410682304280385,26.613626427297234],[92.410522578148345,26.614379264084903],[92.413063394905691,26.614800831953538],[92.412903668773652,26.615553668741207],[92.422219996883925,26.617099417592875],[92.42142136622374,26.620863601531216],[92.429043816495778,26.622128305137124],[92.428564638099672,26.624386815500131],[92.431105454857018,26.624808383368769],[92.431904085517203,26.621044199430429],[92.43529184119366,26.621606289921942],[92.435771019589765,26.619347779558936],[92.431536324994184,26.618645166444544],[92.432334955654369,26.6148809825062],[92.438263528088186,26.615864640866352],[92.438103801956146,26.616617477654021],[92.441491557632602,26.617179568145534],[92.441811009896682,26.615673894570197],[92.448586521249595,26.616798075553227],[92.44938515190978,26.613033891614887],[92.453619846505362,26.613736504729282],[92.454258751033507,26.610725157578607],[92.456799567790853,26.611146725447245],[92.457438472318998,26.608135378296573],[92.455744594480763,26.607854333050813],[92.456862677405013,26.602584475537132],[92.4500871660521,26.601460294554101],[92.45024689218414,26.600707457766433],[92.449399953265015,26.600566935143554],[92.449559679397055,26.599814098355889],[92.447018862639709,26.599392530487254],[92.447338314903774,26.597886856911916],[92.444797498146428,26.597465289043278],[92.443998867486243,26.601229472981618],[92.439764172890676,26.600526859867223],[92.439923899022716,26.599774023079554],[92.435689204427135,26.599071409965163],[92.435848930559175,26.598318573177494],[92.431614235963607,26.597615960063102],[92.433211497283978,26.590087592186414],[92.428976802688396,26.589384979072019]],[[92.44892077486891,26.602825445506561],[92.453155469464491,26.603528058620956],[92.452995743332451,26.604280895408625],[92.453842682251562,26.604421418031503],[92.453682956119522,26.605174254819172],[92.455376833957757,26.605455300064929],[92.454258751033507,26.610725157578607],[92.448330178599704,26.609741499218455],[92.44848990473173,26.608988662430786],[92.447642965812605,26.608848139807908],[92.44892077486891,26.602825445506561]]]}},
{"type":"Feature","properties":{"flooded":1,"Risk":"Lo","layer":"Flood_Low","path":"C:\\Users\\Rudra\\Desktop\\flood_extent (2).geojson"},"geometry":{"type":"Polygon","coordinates":[[[92.635373556302582,26.616615922719692],[92.635054104038502,26.61812159629503],[92.634207165119392,26.617981073672151],[92.633568260591247,26.620992420822827],[92.631874382753026,26.620711375577066],[92.631714656620986,26.621464212364735],[92.628326900944515,26.620902121873222],[92.62784772254841,26.623160632236225],[92.630388539305756,26.62358220010486],[92.630548265437795,26.622829363317191],[92.638170715709833,26.624094066923103],[92.638330441841873,26.623341230135438],[92.643412075356565,26.624184365872708],[92.643092623092485,26.625690039448042],[92.645633439849831,26.62611160731668],[92.644675083057606,26.630628628042693],[92.639593449542915,26.62978549230542],[92.639114271146809,26.632044002668422],[92.640808148985045,26.632325047914179],[92.63984979219282,26.636842068640192],[92.641543670031041,26.637123113885952],[92.64042558710679,26.64239297139963],[92.642119464945026,26.642674016645387],[92.641320834284841,26.646438200583731],[92.639626956446605,26.646157155337974],[92.6391477780505,26.648415665700977],[92.639994716969625,26.648556188323855],[92.639675264705545,26.650061861899193],[92.640522203624656,26.650202384522071],[92.640362477492616,26.65095522130974],[92.642056355330851,26.651236266555497],[92.641896629198826,26.651989103343166],[92.645284384875282,26.652551193834682],[92.645124658743242,26.653304030622351],[92.645971597662353,26.65344455324523],[92.645811871530313,26.654197390032898],[92.646658810449438,26.654337912655777],[92.646179632053332,26.656596423018783],[92.647026570972443,26.656736945641661],[92.646866844840403,26.65748978242933],[92.647713783759514,26.657630305052209],[92.647394331495434,26.659135978627543],[92.649088209333669,26.659417023873303],[92.648928483201644,26.660169860660972],[92.654010116716336,26.661012996398245],[92.653530938320216,26.663271506761252],[92.660306449673129,26.664395687744282],[92.660625901937209,26.662890014168944],[92.665707535451901,26.663733149906218],[92.665388083187821,26.665238823481555],[92.668775838864278,26.665800913973069],[92.668935564996318,26.6650480771854],[92.671476381753664,26.665469645054038],[92.671636107885703,26.66471680826637],[92.674176924643049,26.665138376135005],[92.674336650775089,26.664385539347336],[92.676030528613325,26.664666584593096],[92.67619025474535,26.663913747805427],[92.677037193664461,26.664054270428306],[92.677196919796501,26.663301433640637],[92.678043858715625,26.663441956263515],[92.678363310979705,26.661936282688181],[92.682598005575272,26.662638895802576],[92.683236910103417,26.659627548651901],[92.684930787941653,26.659908593897658],[92.685569692469798,26.656897246746983],[92.691498264903601,26.657880905107135],[92.68990100358323,26.665409272983819],[92.68905406466412,26.665268750360941],[92.688255434003935,26.669032934299285],[92.690796250761281,26.66945450216792],[92.690955976893321,26.668701665380251],[92.691802915812431,26.668842188003133],[92.692601546472616,26.665078004064789],[92.695989302149073,26.665640094556302],[92.696149028281113,26.664887257768637],[92.703771478553151,26.666151961374549],[92.704410383081296,26.663140614223874],[92.700175688485729,26.662438001109479],[92.700974319145914,26.658673817171135],[92.70351513590326,26.65909538503977],[92.703674862035285,26.658342548252104],[92.704521800954396,26.658483070874983],[92.705959336142726,26.651707539785964],[92.711887908576529,26.652691198146115],[92.712207360840608,26.651185524570781],[92.7172889943553,26.652028660308055],[92.71712926822326,26.652781497095724],[92.719670084980606,26.653203064964359],[92.720308989508752,26.650191717813687],[92.725390623023443,26.651034853550961],[92.725550349155483,26.650282016763292],[92.726397288074594,26.65042253938617],[92.726876466470699,26.648164029023164],[92.731958099985391,26.649007164760437],[92.732277552249471,26.647501491185103],[92.733124491168596,26.647642013807982],[92.734082847960821,26.643124993081969],[92.729001214446129,26.642281857344695],[92.727883131521864,26.647551714858373],[92.714332108816023,26.645303352892313],[92.714491834948063,26.644550516104644],[92.711104079271593,26.643988425613131],[92.710944353139553,26.644741262400796],[92.710097414220442,26.644600739777918],[92.709458509692297,26.647612086928593],[92.700142181582024,26.646066338076924],[92.699822729317958,26.647572011652262],[92.694741095803266,26.646728875914988],[92.694900821935292,26.645976039127319],[92.688125310582379,26.644851858144289],[92.689403119638683,26.638829163842942],[92.691096997476919,26.639110209088699],[92.691576175873024,26.636851698725692],[92.690729236953899,26.636711176102814],[92.690888963085939,26.635958339315145],[92.686654268490372,26.63525572620075],[92.687133446886477,26.632997215837744],[92.683745691210007,26.63243512534623],[92.683106786681861,26.635446472496906],[92.683953725600986,26.635586995119784],[92.683793999468946,26.636339831907453],[92.684640938388057,26.636480354530331],[92.684481212256017,26.637233191318],[92.686175090094252,26.637514236563756],[92.686015363962227,26.638267073351425],[92.686862302881337,26.638407595974307],[92.685105315428927,26.64668880063866],[92.680870620833346,26.645986187524265],[92.681030346965386,26.645233350736596],[92.676795652369819,26.644530737622201],[92.677274830765924,26.642272227259195],[92.671346258332122,26.641288568899043],[92.672304615124347,26.636771548173034],[92.673151554043457,26.636912070795912],[92.673630732439563,26.634653560432906],[92.672783793520452,26.634513037810027],[92.672943519652492,26.633760201022358],[92.669555763976021,26.633198110530842],[92.670034942372126,26.630939600167835],[92.66664718669567,26.630377509676322],[92.66648746056363,26.631130346463991],[92.662252765968049,26.630427733349595],[92.661933313703983,26.631933406924933],[92.661086374784873,26.631792884302055],[92.660287744124687,26.635557068240395],[92.651818354933539,26.634151842011605],[92.651658628801499,26.634904678799273],[92.646576995286807,26.634061543062],[92.647535352079032,26.629544522335991],[92.651770046674613,26.630247135450386],[92.653047855730904,26.624224441149039],[92.644578466539741,26.622819214920252],[92.644897918803821,26.621313541344914],[92.639816285289129,26.620470405607641],[92.640295463685234,26.618211895244634],[92.639448524766124,26.618071372621756],[92.639608250898164,26.617318535834087],[92.635373556302582,26.616615922719692]],[[92.688333344973344,26.648003727917839],[92.692568039568926,26.648706341032238],[92.691609682776715,26.653223361758247],[92.687374988181134,26.652520748643852],[92.688333344973344,26.648003727917839]],[[92.654296062076696,26.643135659790353],[92.661071573429624,26.644259840773383],[92.660272942769453,26.648024024711727],[92.659426003850342,26.647883502088849],[92.659266277718302,26.648636338876518],[92.652490766365375,26.647512157893487],[92.65328939702556,26.643747973955143],[92.654136335944671,26.643888496578022],[92.654296062076696,26.643135659790353]],[[92.674622596135464,26.646508202739447],[92.679704229650156,26.647351338476721],[92.678586146725905,26.652621195990402],[92.672657574292103,26.651637537630251],[92.673615931084328,26.647120516904238],[92.674462870003438,26.647261039527116],[92.674622596135464,26.646508202739447]],[[92.662286272871754,26.64679939638215],[92.667367906386445,26.647642532119423],[92.667208180254406,26.648395368907092],[92.668902058092627,26.648676414152849],[92.667943701300416,26.653193434878858],[92.661168189947503,26.652069253895828],[92.662286272871754,26.64679939638215]]]}},
{"type":"Feature","properties":{"flooded":1,"Risk":"Lo","layer":"Flood_Low","path":"C:\\Users\\Rudra\\Desktop\\flood_extent (2).geojson"},"geometry":{"type":"Polygon","coordinates":[[[92.144041469535907,26.581075920774051],[92.143881743403867,26.581828757561716],[92.137106232050954,26.58070457657869],[92.136627053654848,26.582963086941692],[92.143402565007761,26.584087267924723],[92.141326125291286,26.593874146164413],[92.145560819886867,26.594576759278809],[92.146199724415013,26.591565412128134],[92.147046663334123,26.591705934751012],[92.147525841730229,26.589447424388009],[92.145831963892007,26.589166379142252],[92.147429225212377,26.581638011265568],[92.144041469535907,26.581075920774051]]]}},
{"type":"Feature","properties":{"flooded":1,"Risk":"Lo","layer":"Flood_Low","path":"C:\\Users\\Rudra\\Desktop\\flood_extent (2).geojson"},"geometry":{"type":"Polygon","coordinates":[[[91.361324983496743,26.439518897550304],[91.361165257364704,26.440271734337973],[91.360318318445593,26.440131211715094],[91.359839140049473,26.442389722078101],[91.360686078968584,26.442530244700979],[91.360526352836558,26.443283081488648],[91.361373291755669,26.443423604111526],[91.359616304303259,26.451704808775879],[91.358769365384148,26.451564286153001],[91.358290186988043,26.453822796516004],[91.352361614554241,26.452839138155852],[91.35252134068628,26.452086301368183],[91.349980523928934,26.451664733499548],[91.348542988740604,26.458440264588564],[91.346849110902369,26.458159219342804],[91.346529658638289,26.459664892918141],[91.340601086204487,26.458681234557989],[91.340281633940407,26.460186908133327],[91.339434695021296,26.460046385510449],[91.339274968889271,26.460799222298117],[91.337581091051035,26.460518177052361],[91.337101912654916,26.462776687415367],[91.337948851574026,26.462917210038245],[91.336511316385696,26.469692741127261],[91.339052133143042,26.470114308995896],[91.340170216067307,26.464844451482215],[91.341017154986432,26.4649849741051],[91.341815785646617,26.461220790166756],[91.342662724565727,26.461361312789634],[91.342982176829793,26.459855639214297],[91.348910749263595,26.460839297574449],[91.34970937992378,26.457075113636108],[91.355637952357583,26.45805877199626],[91.355478226225543,26.458811608783929],[91.359712920821124,26.459514221898324],[91.358594837896874,26.464784079412002],[91.357747898977763,26.464643556789124],[91.357588172845723,26.465396393576793],[91.356741233926599,26.465255870953911],[91.356102329398453,26.468267218104582],[91.356949268317578,26.468407740727464],[91.356470089921473,26.470666251090471],[91.359010906678819,26.471087818959106],[91.360288715735109,26.465065124657759],[91.362829532492455,26.465486692526394],[91.363947615416706,26.460216835012716],[91.366488432174037,26.460638402881354],[91.367127336702183,26.457627055730679],[91.362045703187505,26.456783919993406],[91.362524881583624,26.454525409630399],[91.3616779426645,26.454384887007521],[91.361997394928565,26.452879213432183],[91.361150456009455,26.452738690809305],[91.36194908666964,26.448974506870965],[91.363642964507875,26.449255552116721],[91.36476104743214,26.443985694603043],[91.36560798635125,26.444126217225921],[91.366087164747356,26.441867706862915],[91.36354634799001,26.44144613899428],[91.363865800254089,26.439940465418942],[91.361324983496743,26.439518897550304]]]}},
{"type":"Feature","properties":{"flooded":1,"Risk":"Lo","layer":"Flood_Low","path":"C:\\Users\\Rudra\\Desktop\\flood_extent (2).geojson"},"geometry":{"type":"Polygon","coordinates":[[[91.40110150998467,26.471057373768275],[91.40094178385263,26.471810210555944],[91.40009484493352,26.471669687933066],[91.39993511880148,26.472422524720734],[91.398241240963245,26.472141479474978],[91.397762062567139,26.474399989837984],[91.401149818243596,26.474962080329497],[91.400191461451371,26.479479101055507],[91.401038400370496,26.479619623678389],[91.400878674238456,26.480372460466057],[91.401725613157566,26.480512983088936],[91.401406160893501,26.482018656664273],[91.403100038731736,26.48229970191003],[91.402940312599696,26.483052538697699],[91.404634190437918,26.483333583943455],[91.404474464305878,26.484086420731121],[91.407015281063224,26.484507988599759],[91.407813911723409,26.480743804661419],[91.406120033885173,26.480462759415659],[91.406279760017213,26.47970992262799],[91.405432821098103,26.479569400005111],[91.407030082418473,26.472041032128427],[91.40110150998467,26.471057373768275]]]}},
{"type":"Feature","properties":{"flooded":1,"Risk":"Lo","layer":"Flood_Low","path":"C:\\Users\\Rudra\\Desktop\\flood_extent (2).geojson"},"geometry":{"type":"Polygon","coordinates":[[[91.282374239369716,26.493442619328121],[91.281895060973596,26.495701129691124],[91.282741999892721,26.495841652314002],[91.281783643100511,26.500358673040015],[91.285171398776967,26.500920763531528],[91.284532494248822,26.5039321106822],[91.287073311006168,26.504353678550842],[91.287552489402273,26.502095168187836],[91.29178718399784,26.502797781302228],[91.291467731733761,26.504303454877565],[91.294008548491107,26.504725022746204],[91.294168274623146,26.503972185958535],[91.295015213542271,26.504112708581413],[91.295654118070416,26.501101361430738],[91.294807179151292,26.50096083880786],[91.295605809811477,26.497196654869519],[91.293064993054131,26.496775087000881],[91.292585814658025,26.499033597363884],[91.284116425466877,26.497628371135097],[91.284915056127062,26.493864187196756],[91.282374239369716,26.493442619328121]]]}},
{"type":"Feature","properties":{"flooded":1,"Risk":"Lo","layer":"Flood_Low","path":"C:\\Users\\Rudra\\Desktop\\flood_extent (2).geojson"},"geometry":{"type":"Polygon","coordinates":[[[91.30417181552049,26.506411294220751],[91.303532910992345,26.509422641371422],[91.30437984991147,26.509563163994301],[91.30422012377943,26.51031600078197],[91.305067062698541,26.510456523404848],[91.30410870590633,26.514973544130861],[91.302414828068095,26.514692498885104],[91.30161619740791,26.518456682823444],[91.296534563893218,26.517613547086171],[91.297812372949508,26.511590852784824],[91.295271556192162,26.511169284916186],[91.294792377796057,26.513427795279192],[91.292251561038711,26.513006227410557],[91.29097375198242,26.519028921711904],[91.297749263335348,26.520153102694934],[91.297429811071268,26.521658776270272],[91.299970627828614,26.522080344138907],[91.300290080092694,26.520574670563573],[91.305371713607386,26.521417806300846],[91.306170344267557,26.517653622362502],[91.304476466429321,26.517372577116742],[91.305434823221546,26.512855556390733],[91.309669517817127,26.513558169505128],[91.308870887156942,26.517322353443468],[91.313952520671634,26.518165489180742],[91.313313616143489,26.521176836331417],[91.316701371819946,26.52173892682293],[91.317340276348091,26.518727579672255],[91.319881093105437,26.519149147540894],[91.320360271501556,26.516890637177891],[91.3169725158251,26.516328546686374],[91.317771146485271,26.51256436274803],[91.313536451889689,26.511861749633638],[91.314175356417849,26.508850402482963],[91.311634539660503,26.508428834614328],[91.311794265792528,26.507675997826659],[91.30417181552049,26.506411294220751]]]}},
{"type":"Feature","properties":{"flooded":1,"Risk":"Lo","layer":"Flood_Low","path":"C:\\Users\\Rudra\\Desktop\\flood_extent (2).geojson"},"geometry":{"type":"Polygon","coordinates":[[[91.281386279867007,26.522893552996791],[91.280587649206822,26.526657736935135],[91.279740710287712,26.526517214312257],[91.278942079627527,26.530281398250597],[91.27555432395107,26.529719307759084],[91.275075145554965,26.53197781812209],[91.279309840150532,26.532680431236482],[91.279150114018492,26.533433268024151],[91.283384808614073,26.534135881138546],[91.283065356350008,26.535641554713884],[91.285606173107354,26.536063122582519],[91.286245077635499,26.533051775431847],[91.28709201655461,26.533192298054725],[91.287571194950715,26.530933787691719],[91.284183439274258,26.530371697200202],[91.284502891538338,26.528866023624865],[91.283655952619227,26.528725501001986],[91.284454583279413,26.524961317063646],[91.283607644360288,26.524820794440767],[91.283927096624353,26.52331512086543],[91.281386279867007,26.522893552996791]]]}},
{"type":"Feature","properties":{"flooded":1,"Risk":"Lo","layer":"Flood_Low","path":"C:\\Users\\Rudra\\Desktop\\flood_extent (2).geojson"},"geometry":{"type":"Polygon","coordinates":[[[91.241197588790357,26.526356913206936],[91.240558684262211,26.529368260357607],[91.246487256696014,26.530351918717759],[91.245528899903789,26.534868939443772],[91.242141144227332,26.534306848952255],[91.241502239699187,26.537318196102927],[91.249124689971225,26.538582899708835],[91.249444142235305,26.537077226133501],[91.251138020073526,26.537358271379262],[91.252415829129816,26.531335577077911],[91.251568890210706,26.531195054455033],[91.252048068606811,26.52893654409203],[91.249507251849465,26.528514976223391],[91.2491877995854,26.530020649798729],[91.244106166070708,26.529177514061452],[91.244585344466813,26.526919003698449],[91.241197588790357,26.526356913206936]]]}},
{"type":"Feature","properties":{"flooded":1,"Risk":"Lo","layer":"Flood_Low","path":"C:\\Users\\Rudra\\Desktop\\flood_extent (2).geojson"},"geometry":{"type":"Polygon","coordinates":[[[91.237397668525162,26.560796659143527],[91.236758763997017,26.563808006294202],[91.237605702916127,26.563948528917081],[91.236487619991863,26.569218386430759],[91.231405986477185,26.568375250693485],[91.230607355817014,26.572139434631829],[91.234842050412581,26.572842047746224],[91.234522598148502,26.574347721321562],[91.237063414905847,26.574769289190201],[91.237862045566033,26.571005105251857],[91.240402862323378,26.571426673120492],[91.241680671379669,26.565403978819145],[91.239986793541433,26.565122933573388],[91.240785424201619,26.561358749635044],[91.237397668525162,26.560796659143527]]]}},
{"type":"Feature","properties":{"flooded":1,"Risk":"Lo","layer":"Flood_Low","path":"C:\\Users\\Rudra\\Desktop\\flood_extent (2).geojson"},"geometry":{"type":"Polygon","coordinates":[[[91.119658357412931,26.553730971034696],[91.118859726752746,26.557495154973036],[91.122247482429202,26.558057245464553],[91.120969673372898,26.564079939765904],[91.127745184725811,26.565204120748934],[91.12806463698989,26.563698447173596],[91.128911575909015,26.563838969796475],[91.12955048043716,26.5608276226458],[91.125315785841579,26.560125009531408],[91.126433868765844,26.55485515201773],[91.119658357412931,26.553730971034696]]]}},
{"type":"Feature","properties":{"flooded":1,"Risk":"Lo","layer":"Flood_Low","path":"C:\\Users\\Rudra\\Desktop\\flood_extent (2).geojson"},"geometry":{"type":"Polygon","coordinates":[[[91.185065887220517,26.580170039241256],[91.184906161088477,26.580922876028925],[91.183212283250242,26.580641830783168],[91.182892830986177,26.582147504358506],[91.182045892067066,26.582006981735624],[91.181406987538921,26.585018328886296],[91.182253926458031,26.585158851509178],[91.181455295797846,26.588923035447522],[91.177220601202265,26.588220422333126],[91.176741422806145,26.590478932696129],[91.180976117401727,26.591181545810528],[91.180656665137661,26.592687219385862],[91.183197481895007,26.593108787254497],[91.183357208027047,26.592355950466828],[91.18928578046085,26.59333960882698],[91.188327423668625,26.597856629552993],[91.184092729073058,26.597154016438598],[91.183613550676952,26.599412526801601],[91.186154367434284,26.599834094670243],[91.185355736774099,26.603598278608583],[91.187896553531445,26.604019846477218],[91.18853545805959,26.601008499326543],[91.191923213736061,26.60157058981806],[91.192881570528272,26.597053569092051],[91.199657081881185,26.598177750075081],[91.200136260277304,26.595919239712074],[91.199289321358194,26.595778717089196],[91.199449047490234,26.595025880301527],[91.197755169651998,26.594744835055771],[91.198234348048103,26.592486324692768],[91.195693531290758,26.592064756824129],[91.195374079026678,26.593570430399467],[91.190292445511986,26.59272729466219],[91.191250802304211,26.588210273936181],[91.193791619061557,26.588631841804819],[91.194270797457662,26.586373331441813],[91.191729980700316,26.585951763573174],[91.191410528436251,26.587457437148512],[91.186328894921573,26.586614301411238],[91.187127525581758,26.582850117472898],[91.187974464500869,26.582990640095776],[91.188453642896974,26.58073212973277],[91.185065887220517,26.580170039241256]]]}},
{"type":"Feature","properties":{"flooded":1,"Risk":"Mediu","layer":"Flood_Medium","path":"C:\\Users\\Rudra\\Desktop\\flood_extent (1).geojson"},"geometry":{"type":"Polygon","coordinates":[[[92.829575649759505,25.945095138204934],[92.829415923627465,25.945847974992603],[92.828568984708355,25.945707452369724],[92.827610627916144,25.950224473095734],[92.826763688997033,25.950083950472855],[92.825805332204808,25.954600971198868],[92.824958393285684,25.954460448575986],[92.824479214889578,25.956718958938989],[92.825326153808703,25.956859481561871],[92.824527523148518,25.960623665500215],[92.827915278824975,25.961185755991728],[92.82711664816479,25.964949939930069],[92.825422770326554,25.964668894684312],[92.825263044194514,25.965421731471981],[92.823569166356293,25.965140686226224],[92.823089987960188,25.967399196589231],[92.818855293364606,25.966696583474835],[92.819015019496632,25.965943746687167],[92.815627263820176,25.96538165619565],[92.814668907027965,25.969898676921662],[92.808740334594162,25.968915018561511],[92.807462525537872,25.974937712862857],[92.809156403376093,25.975218758108614],[92.808198046583868,25.979735778834623],[92.810738863341214,25.980157346703262],[92.810898589473254,25.979404509915593],[92.814286345149711,25.979966600407106],[92.815404428073961,25.974696742893428],[92.829802389698926,25.977085627482371],[92.830121841963006,25.975579953907033],[92.830968780882117,25.975720476529911],[92.831128507014142,25.974967639742243],[92.837057079447945,25.975951298102395],[92.837695983976104,25.972939950951723],[92.841930678571686,25.973642564066118],[92.843048761495936,25.968372706552437],[92.845589578253282,25.968794274421072],[92.846228482781427,25.9657829272704],[92.849616238457884,25.966345017761917],[92.850095416853989,25.96408650739891],[92.847554600096643,25.963664939530275],[92.848672683020908,25.958395082016597],[92.847825744101797,25.958254559393716],[92.848784100894022,25.953737538667703],[92.845396345217566,25.953175448176189],[92.845715797481631,25.951669774600852],[92.833858652614012,25.949702457880548],[92.834657283274197,25.945938273942208],[92.829575649759505,25.945095138204934]],[[92.827658936175069,25.954129179656956],[92.831893630770651,25.954831792771351],[92.830935273978426,25.95934881349736],[92.826700579382845,25.958646200382965],[92.827658936175069,25.954129179656956]],[[92.830935273978426,25.95934881349736],[92.836863846412228,25.960332471857512],[92.836224941884083,25.963343819008188],[92.840459636479665,25.964046432122579],[92.83966100581948,25.96781061606092],[92.84050794473859,25.967951138683802],[92.839549587946365,25.972468159409814],[92.834467954431673,25.971625023672541],[92.834148502167608,25.973130697247878],[92.823985235138224,25.971444425773331],[92.824783865798409,25.967680241834987],[92.827324682555755,25.968101809703622],[92.827484408687781,25.967348972915953],[92.831719103283362,25.968051586030349],[92.831559377151336,25.968804422818017],[92.834947132827793,25.969366513309534],[92.835426311223898,25.967108002946528],[92.831191616628331,25.966405389832133],[92.831511068892411,25.964899716256795],[92.830664129973286,25.964759193633917],[92.830823856105312,25.964006356846252],[92.829976917186201,25.963865834223373],[92.830935273978426,25.95934881349736]]]}},
{"type":"Feature","properties":{"flooded":1,"Risk":"Mediu","layer":"Flood_Medium","path":"C:\\Users\\Rudra\\Desktop\\flood_extent (1).geojson"},"geometry":{"type":"Polygon","coordinates":[[[92.950962963391319,26.00108506911527],[92.950483784995214,26.003343579478276],[92.951330723914324,26.003484102101154],[92.951170997782285,26.004236938888823],[92.953711814539631,26.004658506757462],[92.95387154067167,26.003905669969793],[92.958953174186362,26.004748805707063],[92.958633721922283,26.006254479282401],[92.961174538679629,26.006676047151039],[92.960375908019444,26.010440231089383],[92.9637636636959,26.011002321580897],[92.963444211431835,26.012507995156234],[92.967678906027416,26.013210608270626],[92.968158084423521,26.010952097907623],[92.973239717938213,26.011795233644897],[92.972920265674148,26.013300907220231],[92.975461082431494,26.013722475088869],[92.975620808563519,26.0129696383012],[92.978161625320865,26.013391206169835],[92.978481077584945,26.011885532594501],[92.981868833261402,26.012447623086018],[92.982348011657507,26.010189112723012],[92.979807194900161,26.009767544854373],[92.979647468768135,26.010520381642042],[92.976259713091679,26.009958291150529],[92.975940260827599,26.011463964725866],[92.970858627312907,26.010620828988593],[92.971337805709013,26.008362318625586],[92.966256172194321,26.007519182888313],[92.966895076722466,26.004507835737638],[92.96435425996512,26.004086267868999],[92.964194533833094,26.004839104656668],[92.957419022480181,26.003714923673638],[92.957738474744247,26.0022092500983],[92.950962963391319,26.00108506911527]]]}},
{"type":"Feature","properties":{"flooded":1,"Risk":"Mediu","layer":"Flood_Medium","path":"C:\\Users\\Rudra\\Desktop\\flood_extent (1).geojson"},"geometry":{"type":"Polygon","coordinates":[[[93.07251390734838,26.097627739213159],[93.072034728952275,26.099886249576166],[93.077963301386077,26.100869907936318],[93.077803575254038,26.101622744723986],[93.080344392011384,26.102044312592621],[93.079226309087119,26.107314170106299],[93.080073248006229,26.107454692729178],[93.079753795742164,26.108960366304515],[93.083141551418635,26.109522456796032],[93.08394018207882,26.105758272857688],[93.089021815593512,26.106601408594962],[93.089660720121657,26.10359006144429],[93.086272964445186,26.103027970952773],[93.086592416709252,26.101522297377436],[93.080663844275449,26.100538639017284],[93.080823570407489,26.099785802229615],[93.074894997973686,26.098802143869463],[93.075054724105726,26.098049307081794],[93.07251390734838,26.097627739213159]]]}},
{"type":"Feature","properties":{"flooded":1,"Risk":"Mediu","layer":"Flood_Medium","path":"C:\\Users\\Rudra\\Desktop\\flood_extent (1).geojson"},"geometry":{"type":"Polygon","coordinates":[[[93.120678007864825,26.11029507206614],[93.12035855560076,26.111800745641478],[93.112736105328722,26.110536042035569],[93.112416653064642,26.112041715610907],[93.111569714145531,26.111901192988029],[93.110291905089241,26.117923887289376],[93.10944496617013,26.117783364666497],[93.108965787774025,26.120041875029504],[93.111506604531371,26.120463442898139],[93.111826056795437,26.118957769322801],[93.116907690310128,26.119800905060075],[93.115629881253838,26.125823599361421],[93.118170698011184,26.12624516723006],[93.120247137727659,26.116458288990373],[93.12109407664677,26.116598811613251],[93.12141352891085,26.115093138037913],[93.129882918101998,26.1164983642667],[93.130362096498104,26.114239853903694],[93.122739646226066,26.112975150297785],[93.123218824622171,26.110716639934779],[93.120678007864825,26.11029507206614]]]}},
{"type":"Feature","properties":{"flooded":1,"Risk":"Mediu","layer":"Flood_Medium","path":"C:\\Users\\Rudra\\Desktop\\flood_extent (1).geojson"},"geometry":{"type":"Polygon","coordinates":[[[93.054810005209589,26.114953133726473],[93.054650279077549,26.115705970514142],[93.053803340158424,26.115565447891264],[93.053643614026385,26.116318284678933],[93.049408919430817,26.115615671564537],[93.048929741034712,26.117874181927544],[93.052317496711169,26.118436272419061],[93.051838318315063,26.120694782782067],[93.054379135072409,26.121116350650702],[93.053420778280184,26.125633371376711],[93.049186083684603,26.12493075826232],[93.049345809816643,26.124177921474651],[93.045111115221076,26.123475308360256],[93.044951389089036,26.124228145147924],[93.044104450169911,26.124087622525046],[93.043625271773806,26.126346132888052],[93.042778332854695,26.126205610265171],[93.04181997606247,26.13072263099118],[93.039279159305124,26.130301063122545],[93.038799980909019,26.132559573485551],[93.046422431181057,26.13382427709146],[93.046901609577162,26.131565766728453],[93.047748548496273,26.131706289351335],[93.048706905288498,26.127189268625326],[93.056329355560536,26.128453972231235],[93.056009903296456,26.129959645806572],[93.058550720053802,26.130381213675207],[93.059029898449907,26.128122703312201],[93.055642142773451,26.127560612820687],[93.056919951829755,26.121537918519341],[93.060307707506212,26.122100009010854],[93.060946612034357,26.119088661860179],[93.058405795277011,26.118667093991544],[93.058884973673116,26.116408583628537],[93.057191095834895,26.116127538382781],[93.057350821966935,26.115374701595112],[93.054810005209589,26.114953133726473]]]}},
{"type":"Feature","properties":{"flooded":1,"Risk":"Mediu","layer":"Flood_Medium","path":"C:\\Users\\Rudra\\Desktop\\flood_extent (1).geojson"},"geometry":{"type":"Polygon","coordinates":[[[93.103148633213308,26.114400673320461],[93.102988907081283,26.115153510108129],[93.099601151404826,26.114591419616612],[93.099121973008707,26.116849929979619],[93.102509728685163,26.117412020471136],[93.101870824157018,26.120423367621811],[93.102717763076143,26.120563890244689],[93.101759406283918,26.125080910970699],[93.097524711688337,26.124378297856303],[93.096726081028166,26.128142481794647],[93.095879142109055,26.128001959171769],[93.095240237580896,26.131013306322441],[93.09269942082355,26.130591738453802],[93.092539694691524,26.131344575241471],[93.086611122257708,26.130360916881319],[93.086291669993628,26.131866590456656],[93.084597792155407,26.1315855452109],[93.084118613759301,26.133844055573906],[93.086659430516647,26.134265623442541],[93.086819156648687,26.133512786654872],[93.089359973406033,26.133934354523511],[93.089519699538059,26.133181517735842],[93.095448271971861,26.134165176095994],[93.095288545839836,26.134918012883663],[93.098676301516292,26.13548010337518],[93.098516575384252,26.136232940162849],[93.101057392141598,26.136654508031484],[93.100099035349373,26.141171528757493],[93.101792913187609,26.14145257400325],[93.100994282527424,26.145216757941593],[93.099300404689188,26.144935712695837],[93.098821226293083,26.14719422305884],[93.107290615484231,26.148599449287627],[93.106811437088126,26.150857959650633],[93.109352253845472,26.151279527519272],[93.109991158373617,26.148268180368596],[93.120154425403001,26.149954451843143],[93.119675247006882,26.15221296220615],[93.121369124845117,26.152494007451907],[93.120570494184932,26.156258191390251],[93.123111310942278,26.156679759258889],[93.123590489338397,26.154421248895883],[93.127825183933965,26.155123862010274],[93.127505731669885,26.156629535585612],[93.133434304103702,26.157613193945764],[93.133594030235741,26.156860357158095],[93.134440969154852,26.157000879780973],[93.135399325947077,26.152483859054961],[93.14471565405735,26.154029607906629],[93.14455592792531,26.154782444694298],[93.147943683601767,26.155344535185815],[93.148582588129912,26.152333188035144],[93.147735649210787,26.152192665412265],[93.147895375342827,26.151439828624596],[93.142813741828149,26.150596692887323],[93.142973467960189,26.149843856099654],[93.141279590121954,26.149562810853894],[93.142557399178244,26.143540116552547],[93.143404338097355,26.143680639175429],[93.14388351649346,26.141422128812422],[93.137954944059658,26.140438470452267],[93.137795217927618,26.141191307239936],[93.13017276765558,26.139926603634027],[93.13033249378762,26.139173766846358],[93.126944738111163,26.138611676354845],[93.126305833583018,26.14162302350552],[93.123765016825672,26.141201455636882],[93.123285838429567,26.143459965999885],[93.125826655186913,26.143881533868523],[93.124708572262648,26.149151391382205],[93.118779999828845,26.148167733022049],[93.119099452092925,26.146662059446712],[93.1182525131738,26.146521536823833],[93.118571965437866,26.145015863248496],[93.114337270842299,26.144313250134104],[93.114976175370444,26.141301902983429],[93.109894541855752,26.140458767246155],[93.110533446383911,26.137447420095484],[93.107145690707441,26.136885329603967],[93.106666512311321,26.13914383996697],[93.101584878796643,26.1383007042297],[93.102702961720908,26.133030846716018],[93.099315206044437,26.132468756224505],[93.100752741232768,26.125693225135489],[93.104140496909238,26.126255315627002],[93.104619675305344,26.123996805263996],[93.103772736386219,26.123856282641118],[93.105689449970654,26.114822241189096],[93.103148633213308,26.114400673320461]]]}},
{"type":"Feature","properties":{"flooded":1,"Risk":"Mediu","layer":"Flood_Medium","path":"C:\\Users\\Rudra\\Desktop\\flood_extent (1).geojson"},"geometry":{"type":"Polygon","coordinates":[[[93.055898485423356,26.13461718915546],[93.05557903315929,26.136122862730797],[93.054732094240165,26.135982340107919],[93.054252915844046,26.138240850470925],[93.048324343410243,26.137257192110773],[93.048164617278218,26.138010028898439],[93.047317678359107,26.13786950627556],[93.046838499962988,26.140128016638567],[93.047685438882098,26.140268539261445],[93.047046534353953,26.14327988641212],[93.047893473273064,26.143420409034999],[93.047414294876958,26.145678919398001],[93.054189806229886,26.146803100381032],[93.054988436890071,26.143038916442691],[93.05414149797096,26.142898393819813],[93.054940128631145,26.139134209881469],[93.056634006469366,26.139415255127226],[93.056793732601392,26.13866241833956],[93.057640671520517,26.138802940962442],[93.057800397652557,26.138050104174773],[93.058647336571667,26.138190626797652],[93.059286241099812,26.135179279646977],[93.055898485423356,26.13461718915546]]]}},
{"type":"Feature","properties":{"flooded":1,"Risk":"Mediu","layer":"Flood_Medium","path":"C:\\Users\\Rudra\\Desktop\\flood_extent (1).geojson"},"geometry":{"type":"Polygon","coordinates":[[[93.117598807290406,26.161999840445841],[93.116800176630221,26.165764024384181],[93.112565482034654,26.165061411269786],[93.111926577506509,26.168072758420461],[93.117855149940311,26.169056416780613],[93.117535697676246,26.170562090355951],[93.120923453352702,26.171124180847467],[93.122201262408993,26.165101486546121],[93.127282895923685,26.165944622283394],[93.12776207431979,26.163686111920388],[93.117598807290406,26.161999840445841]]]}},
{"type":"Feature","properties":{"flooded":1,"Risk":"Mediu","layer":"Flood_Medium","path":"C:\\Users\\Rudra\\Desktop\\flood_extent (1).geojson"},"geometry":{"type":"Polygon","coordinates":[[[92.707201192042575,26.096245401335469],[92.707041465910535,26.096998238123135],[92.704500649153189,26.0965766702545],[92.704181196889124,26.098082343829837],[92.695711807697975,26.096677117601047],[92.695871533830001,26.095924280813378],[92.693330717072655,26.095502712944743],[92.69285153867655,26.097761223307749],[92.694545416514785,26.098042268553506],[92.693267607458495,26.104064962854853],[92.696655363134951,26.10462705334637],[92.697613719927162,26.100110032620361],[92.700154536684508,26.100531600488996],[92.700473988948588,26.099025926913658],[92.708096439220625,26.100290630519567],[92.707776986956546,26.101796304094904],[92.708623925875656,26.101936826717786],[92.708464199743631,26.102689663505455],[92.711005016500977,26.10311123137409],[92.711484194897082,26.100852721011083],[92.710637255977971,26.100712198388205],[92.710796982110011,26.099959361600536],[92.709103104271776,26.09967831635478],[92.709742008799921,26.096666969204108],[92.707201192042575,26.096245401335469]]]}},
{"type":"Feature","properties":{"flooded":1,"Risk":"Mediu","layer":"Flood_Medium","path":"C:\\Users\\Rudra\\Desktop\\flood_extent (1).geojson"},"geometry":{"type":"Polygon","coordinates":[[[93.148824129424568,26.171856720841248],[93.148025498764383,26.175620904779592],[93.147178559845273,26.17548038215671],[93.147018833713233,26.176233218944379],[93.142784139117651,26.175530605829987],[93.142304960721546,26.17778911619299],[93.148233533155363,26.178772774553142],[93.147434902495178,26.182536958491486],[93.145741024656942,26.182255913245726],[93.144942393996757,26.186020097184066],[93.147483210754103,26.186441665052705],[93.147642936886143,26.18568882826504],[93.151877631481725,26.186391441379435],[93.15251653600987,26.18338009422876],[93.155904291686326,26.183942184720273],[93.156064017818352,26.183189347932604],[93.160298712413919,26.183891961046999],[93.159979260149854,26.185397634622337],[93.162520076907199,26.185819202490972],[93.162999255303305,26.183560692127966],[93.157917621788627,26.182717556390696],[93.158237074052707,26.181211882815358],[93.15146156269978,26.180087701832324],[93.152260193359965,26.176323517893984],[93.150566315521729,26.176042472648227],[93.151364946181914,26.172278288709883],[93.148824129424568,26.171856720841248]]]}},
{"type":"Feature","properties":{"flooded":1,"Risk":"Mediu","layer":"Flood_Medium","path":"C:\\Users\\Rudra\\Desktop\\flood_extent (1).geojson"},"geometry":{"type":"Polygon","coordinates":[[[92.682736579906106,26.099979658394425],[92.682576853774066,26.100732495182093],[92.677495220259374,26.099889359444816],[92.677335494127348,26.100642196232485],[92.676488555208238,26.100501673609607],[92.676009376812118,26.102760183972613],[92.679397132488575,26.10332227446413],[92.67859850182839,26.107086458402474],[92.681986257504846,26.107648548893987],[92.681666805240781,26.109154222469321],[92.683360683079016,26.109435267715078],[92.682082874022726,26.115457962016428],[92.684623690780072,26.115879529885067],[92.685422321440242,26.112115345946723],[92.684575382521118,26.111974823323845],[92.685533739313342,26.107457802597835],[92.684686800394232,26.107317279974957],[92.685006252658312,26.10581160639962],[92.684159313739201,26.105671083776738],[92.685277396663452,26.10040122626306],[92.682736579906106,26.099979658394425]]]}},
{"type":"Feature","properties":{"flooded":1,"Risk":"Mediu","layer":"Flood_Medium","path":"C:\\Users\\Rudra\\Desktop\\flood_extent (1).geojson"},"geometry":{"type":"Polygon","coordinates":[[[93.070697714475017,26.155776769762838],[93.070058809946872,26.158788116913509],[93.068364932108636,26.158507071667753],[93.068045479844557,26.16001274524309],[93.065504663087211,26.159591177374455],[93.06406712789888,26.166366708463471],[93.065761005737116,26.166647753709228],[93.065601279605076,26.167400590496896],[93.070682913119768,26.16824372623417],[93.069245377931438,26.175019257323186],[93.071786194688784,26.175440825191821],[93.071945920820824,26.174687988404152],[93.080415310011972,26.176093214632942],[93.079936131615867,26.178351724995949],[93.081630009454088,26.178632770241705],[93.080511926529823,26.183902627755383],[93.083899682206294,26.1844647182469],[93.084219134470374,26.182959044671566],[93.092688523661522,26.184364270900353],[93.093487154321707,26.180600086962009],[93.098568787836399,26.181443222699283],[93.100006323024729,26.174667691610267],[93.103394078701186,26.175229782101784],[93.104032983229331,26.172218434951109],[93.109114616744023,26.173061570688382],[93.109753521272168,26.170050223537711],[93.103824948838366,26.169066565177559],[93.104144401102431,26.167560891602221],[93.101603584345085,26.167139323733583],[93.101443858213059,26.167892160521252],[93.099749980374824,26.167611115275495],[93.099590254242784,26.168363952063164],[93.095355559647217,26.167661338948768],[93.094716655119072,26.17067268609944],[93.096410532957293,26.170953731345197],[93.094813271636923,26.178482099221881],[93.089731638122231,26.177638963484611],[93.089412185858151,26.179144637059949],[93.085177491262584,26.178442023945554],[93.086135848054809,26.173925003219544],[93.08698278697392,26.174065525842423],[93.08714251310596,26.173312689054754],[93.08798945202507,26.173453211677632],[93.088788082685255,26.169689027739288],[93.086247265927909,26.169267459870653],[93.086087539795869,26.170020296658322],[93.081852845200302,26.169317683543927],[93.082012571332342,26.168564846756258],[93.081165632413217,26.16842432413338],[93.081804536941362,26.165412976982708],[93.077569842345795,26.164710363868313],[93.07693093781765,26.167721711018984],[93.072696243222069,26.167019097904589],[93.072855969354109,26.16626626111692],[93.068621274758542,26.165563648002525],[93.069579631550752,26.161046627276516],[93.074661265065444,26.161889763013789],[93.074980717329524,26.160384089438452],[93.075827656248634,26.16052461206133],[93.075987382380674,26.159771775273661],[93.07768126021891,26.160052820519422],[93.078160438615015,26.157794310156419],[93.073078805100323,26.156951174419145],[93.073238531232363,26.156198337631476],[93.070697714475017,26.155776769762838]]]}},
{"type":"Feature","properties":{"flooded":1,"Risk":"Mediu","layer":"Flood_Medium","path":"C:\\Users\\Rudra\\Desktop\\flood_extent (1).geojson"},"geometry":{"type":"Polygon","coordinates":[[[93.01218101808665,26.167109915165639],[93.011382387426465,26.170874099103983],[93.014770143102922,26.171436189595497],[93.013811786310697,26.175953210321506],[93.016352603068043,26.176374778190144],[93.016033150803977,26.177880451765482],[93.018573967561323,26.178302019634117],[93.018893419825389,26.176796346058779],[93.019740358744514,26.176936868681658],[93.019900084876554,26.176184031893989],[93.027522535148591,26.177448735499901],[93.028321165808777,26.173684551561561],[93.029168104727887,26.173825074184439],[93.029807009256032,26.170813727033764],[93.028960070336922,26.170673204410885],[93.029119796468962,26.169920367623217],[93.02488510187338,26.169217754508821],[93.024565649609301,26.170723428084159],[93.016096260418152,26.169318201855368],[93.016415712682232,26.167812528280031],[93.01218101808665,26.167109915165639]]]}},
{"type":"Feature","properties":{"flooded":1,"Risk":"Mediu","layer":"Flood_Medium","path":"C:\\Users\\Rudra\\Desktop\\flood_extent (1).geojson"},"geometry":{"type":"Polygon","coordinates":[[[93.002114367575132,26.173233056813533],[93.001635189179026,26.17549156717654],[93.003329067017262,26.175772612422296],[93.002051257960957,26.181795306723643],[93.001204319041832,26.181654784100765],[93.000245962249622,26.186171804826774],[93.002786779006968,26.186593372695413],[93.002627052874928,26.187346209483081],[93.009402564227855,26.188470390466112],[93.00860393356767,26.192234574404456],[93.011991689244127,26.192796664895972],[93.012470867640232,26.190538154532966],[93.010776989801997,26.190257109287206],[93.011895072726261,26.184987251773528],[93.007660378130694,26.184284638659136],[93.00797983039476,26.182778965083799],[93.004592074718303,26.182216874592282],[93.005710157642568,26.176947017078604],[93.004016279804333,26.176665971832847],[93.004655184332478,26.173654624682172],[93.002114367575132,26.173233056813533]]]}},
{"type":"Feature","properties":{"flooded":1,"Risk":"Mediu","layer":"Flood_Medium","path":"C:\\Users\\Rudra\\Desktop\\flood_extent (1).geojson"},"geometry":{"type":"Polygon","coordinates":[[[93.057131890413913,26.165995364268106],[93.056972164281873,26.166748201055775],[93.052737469686306,26.166045587941383],[93.052258291290201,26.16830409830439],[93.046329718856398,26.167320439944238],[93.045850540460293,26.16957895030724],[93.040768906945601,26.168735814569967],[93.039331371757271,26.175511345658986],[93.036790554999925,26.175089777790348],[93.03615165047178,26.178101124941019],[93.038692467229126,26.178522692809658],[93.038532741097086,26.179275529597327],[93.041073557854432,26.179697097465962],[93.040115201062207,26.184214118191974],[93.035880506466626,26.183511505077576],[93.036199958730705,26.182005831502241],[93.031965264135124,26.18130321838785],[93.031645811871044,26.182808891963184],[93.028258056194588,26.18224680147167],[93.027619151666443,26.185258148622342],[93.030159968423789,26.185679716490977],[93.029840516159723,26.187185390066315],[93.03322827183618,26.187747480557832],[93.03274909344006,26.190005990920838],[93.033596032359185,26.190146513543716],[93.03311685396308,26.192405023906719],[93.039045426396882,26.193388682266871],[93.038566248000777,26.195647192629878],[93.040260125839012,26.195928237875638],[93.039142042914747,26.201198095389316],[93.041682859672093,26.201619663257951],[93.042162038068199,26.199361152894948],[93.040468160229963,26.199080107649191],[93.041426517022188,26.194563086923178],[93.043967333779534,26.194984654791813],[93.044446512175639,26.192726144428811],[93.046140390013875,26.193007189674571],[93.04725847293814,26.187737332160889],[93.048952350776361,26.188018377406646],[93.049112076908401,26.187265540618977],[93.049959015827525,26.187406063241855],[93.050118741959551,26.186653226454187],[93.050965680878662,26.186793749077065],[93.051125407010701,26.1860409122894],[93.051972345929812,26.186181434912278],[93.052930702722037,26.181664414186265],[93.047002130288234,26.180680755826113],[93.046522951892129,26.18293926618912],[93.041441318377437,26.182096130451846],[93.042559401301688,26.176826272938165],[93.04764103481638,26.177669408675438],[93.047960487080459,26.176163735100104],[93.051348242756916,26.176725825591621],[93.051987147285061,26.173714478440946],[93.047752452689494,26.173011865326551],[93.048710809481705,26.168494844600541],[93.053792442996397,26.169337980337815],[93.053472990732331,26.170843653913149],[93.056013807489663,26.171265221781784],[93.056652712017808,26.168253874631112],[93.059193528775154,26.168675442499751],[93.059672707171259,26.166416932136745],[93.057131890413913,26.165995364268106]]]}},
{"type":"Feature","properties":{"flooded":1,"Risk":"Mediu","layer":"Flood_Medium","path":"C:\\Users\\Rudra\\Desktop\\flood_extent (1).geojson"},"geometry":{"type":"Polygon","coordinates":[[[92.603510787580731,26.118008184333579],[92.602871883052586,26.121019531484251],[92.601178005214365,26.120738486238494],[92.601018279082325,26.121491323026163],[92.597630523405854,26.120929232534646],[92.597151345009749,26.123187742897652],[92.598845222847984,26.123468788143409],[92.598525770583905,26.124974461718747],[92.599372709503015,26.125114984341625],[92.59905325723895,26.126620657916963],[92.602441012915421,26.12718274840848],[92.601642382255235,26.13094693234682],[92.592326054144962,26.129401183495151],[92.592645506409028,26.127895509919814],[92.590104689651682,26.127473942051179],[92.590264415783722,26.12672110526351],[92.584335843349919,26.125737446903358],[92.583856664953814,26.127995957266364],[92.58724442063027,26.128558047757878],[92.58708469449823,26.129310884545546],[92.590472450174687,26.129872975037063],[92.589354367250436,26.135142832550741],[92.591895184007782,26.13556440041938],[92.592693814667953,26.131800216481039],[92.601163203859116,26.133205442709826],[92.60100347772709,26.133958279497495],[92.604391233403547,26.134520369989012],[92.605189864063732,26.130756186050668],[92.611965375416645,26.131880367033698],[92.612125101548671,26.13112753024603],[92.612972040467795,26.131268052868908],[92.613451218863915,26.129009542505905],[92.606675707510988,26.127885361522875],[92.606835433643013,26.127132524735206],[92.605141555804792,26.126851479489449],[92.605940186464977,26.123087295551105],[92.607634064303198,26.123368340796862],[92.608113242699318,26.121109830433856],[92.607266303780207,26.120969307810977],[92.607426029912233,26.120216471023312],[92.606579090993122,26.120075948400434],[92.606898543257202,26.118570274825096],[92.603510787580731,26.118008184333579]]]}},
{"type":"Feature","properties":{"flooded":1,"Risk":"Mediu","layer":"Flood_Medium","path":"C:\\Users\\Rudra\\Desktop\\flood_extent (1).geojson"},"geometry":{"type":"Polygon","coordinates":[[[92.3284675774525,26.116795777646711],[92.32830785132046,26.11754861443438],[92.327460912401349,26.117408091811502],[92.326822007873204,26.120419438962177],[92.325975068954079,26.120278916339299],[92.32549589055796,26.122537426702301],[92.32718976839621,26.122818471948058],[92.324474424151575,26.135616697338424],[92.327862179828031,26.136178787829941],[92.327223275299886,26.139190134980613],[92.330611030976343,26.139752225472126],[92.329492948052092,26.145022082985808],[92.332033764809438,26.145443650854446],[92.332193490941478,26.144690814066777],[92.335581246617949,26.145252904558291],[92.336539603410159,26.140735883832278],[92.33823348124838,26.141016929078038],[92.339032111908566,26.137252745139698],[92.342419867585036,26.137814835631211],[92.343218498245221,26.134050651692867],[92.345759315002567,26.134472219561506],[92.346398219530712,26.131460872410834],[92.35147985304539,26.132304008148107],[92.351959031441496,26.130045497785101],[92.34941821468415,26.129623929916463],[92.349258488552124,26.130376766704131],[92.345023793956557,26.12967415358974],[92.345183520088582,26.128921316802071],[92.340101886573891,26.128078181064797],[92.340900517234076,26.124313997126457],[92.33835970047673,26.123892429257818],[92.338679152740809,26.122386755682481],[92.335291397064353,26.121824665190967],[92.335770575460458,26.119566154827961],[92.334923636541333,26.119425632205079],[92.335083362673373,26.11867279541741],[92.330848668077806,26.117970182303019],[92.331008394209846,26.11721734551535],[92.3284675774525,26.116795777646711]]]}},
{"type":"Feature","properties":{"flooded":1,"Risk":"Mediu","layer":"Flood_Medium","path":"C:\\Users\\Rudra\\Desktop\\flood_extent (1).geojson"},"geometry":{"type":"Polygon","coordinates":[[[92.708728350779936,26.192357391790662],[92.707290815591605,26.199132922879677],[92.703903059915149,26.19857083238816],[92.703743333783123,26.199323669175829],[92.696120883511085,26.198058965569921],[92.697398692567376,26.19203627126857],[92.692317059052684,26.191193135531297],[92.691358702260459,26.195710156257309],[92.687124007664892,26.195007543142914],[92.687443459928971,26.193501869567577],[92.684055704252501,26.192939779076063],[92.683576525856381,26.19519828943907],[92.681035709099035,26.194776721570431],[92.68055653070293,26.197035231933434],[92.681403469622055,26.197175754556312],[92.681084017357975,26.19868142813165],[92.687012589791777,26.199665086491802],[92.686852863659752,26.200417923279471],[92.688546741497987,26.200698968525231],[92.687588384705762,26.205215989251244],[92.690129201463108,26.205637557119879],[92.690288927595148,26.20488472033221],[92.691135866514259,26.205025242955088],[92.691295592646298,26.204272406167419],[92.692989470484534,26.204553451413179],[92.693788101144705,26.200789267474835],[92.695481978982926,26.201070312720592],[92.695641705114966,26.200317475932923],[92.702417216467893,26.201441656915954],[92.701458859675682,26.205958677641966],[92.703999676433028,26.206380245510605],[92.704958033225239,26.201863224784592],[92.709192727820806,26.202565837898984],[92.709352453952846,26.201813001111319],[92.714434087467538,26.202656136848589],[92.714274361335498,26.203408973636257],[92.715968239173733,26.203690018882018],[92.715808513041694,26.204442855669686],[92.71834932979904,26.204864423538321],[92.718828508195159,26.202605913175319],[92.717134630356924,26.202324867929562],[92.717613808753029,26.200066357566556],[92.710838297400116,26.198942176583525],[92.711317475796221,26.196683666220519],[92.710470536877096,26.196543143597637],[92.711269167537282,26.192778959659297],[92.708728350779936,26.192357391790662]]]}},
{"type":"Feature","properties":{"flooded":1,"Risk":"Mediu","layer":"Flood_Medium","path":"C:\\Users\\Rudra\\Desktop\\flood_extent (1).geojson"},"geometry":{"type":"Polygon","coordinates":[[[92.648435961390746,26.183133122353929],[92.648276235258706,26.183885959141595],[92.642347662824889,26.182902300781443],[92.642028210560809,26.18440797435678],[92.640334332722588,26.184126929111024],[92.639375975930378,26.188643949837036],[92.638529037011253,26.188503427214158],[92.637730406351068,26.192267611152499],[92.636036528512847,26.191986565906738],[92.635876802380807,26.192739402694407],[92.629948229947004,26.191755744334255],[92.63026768221107,26.190250070758918],[92.626032987615488,26.189547457644522],[92.627310796671793,26.183524763343176],[92.624769979914447,26.183103195474541],[92.623172718594077,26.190631563351225],[92.627407413189658,26.19133417646562],[92.627087960925579,26.192839850040958],[92.633016533359381,26.19382350840111],[92.632697081095316,26.195329181976447],[92.633544020014426,26.195469704599326],[92.633224567750347,26.196975378174663],[92.636612323426803,26.19753746866618],[92.636931775690883,26.196031795090843],[92.637778714610008,26.196172317713721],[92.638098166874073,26.194666644138383],[92.638945105793184,26.194807166761262],[92.639264558057263,26.193301493185924],[92.643499252652845,26.194004106300319],[92.64397843104895,26.191745595937313],[92.643131492129825,26.191605073314435],[92.643291218261865,26.190852236526766],[92.640750401504519,26.190430668658131],[92.641549032164704,26.186666484719787],[92.642395971083829,26.186807007342665],[92.642715423347894,26.185301333767327],[92.644409301186116,26.185582379013088],[92.644569027318155,26.184829542225419],[92.651344538671083,26.185953723208449],[92.651823717067202,26.183695212845446],[92.648435961390746,26.183133122353929]]]}},
{"type":"Feature","properties":{"flooded":1,"Risk":"Mediu","layer":"Flood_Medium","path":"C:\\Users\\Rudra\\Desktop\\flood_extent (1).geojson"},"geometry":{"type":"Polygon","coordinates":[[[92.404614169203441,26.150472020087257],[92.404134990807322,26.15273053045026],[92.403288051888211,26.152590007827378],[92.402808873492106,26.154848518190384],[92.404502751330341,26.155129563436144],[92.404343025198301,26.155882400223813],[92.410271597632104,26.156866058583965],[92.409632693103958,26.15987740573464],[92.412173509861304,26.160298973603275],[92.41281241438945,26.1572876264526],[92.417047108985017,26.157990239566995],[92.416248478324832,26.161754423505336],[92.419636234001302,26.162316513996853],[92.419476507869277,26.163069350784522],[92.420323446788387,26.1632098734074],[92.420003994524308,26.164715546982737],[92.423391750200764,26.165277637474251],[92.423232024068724,26.16603047426192],[92.430854474340762,26.167295177867832],[92.431333652736882,26.165036667504825],[92.430486713817771,26.164896144881947],[92.430806166081837,26.163390471306613],[92.429959227162712,26.163249948683731],[92.430438405558832,26.160991438320725],[92.421122077448572,26.159445689469059],[92.421441529712638,26.157940015893722],[92.415512957278835,26.15695635753357],[92.416151861806981,26.153945010382895],[92.414457983968745,26.153663965137135],[92.414777436232825,26.1521582915618],[92.404614169203441,26.150472020087257]]]}},
{"type":"Feature","properties":{"flooded":1,"Risk":"Mediu","layer":"Flood_Medium","path":"C:\\Users\\Rudra\\Desktop\\flood_extent (1).geojson"},"geometry":{"type":"Polygon","coordinates":[[[92.396831992799363,26.149960153269014],[92.396033362139178,26.153724337207354],[92.394339484300957,26.153443291961597],[92.394179758168917,26.154196128749266],[92.389945063573336,26.153493515634871],[92.389306159045191,26.156504862785546],[92.385918403368734,26.155942772294033],[92.385439224972629,26.158201282657036],[92.38713310281085,26.158482327902792],[92.386015019886585,26.163752185416474],[92.390249714482167,26.164454798530869],[92.390569166746246,26.162949124955531],[92.393956922422703,26.163511215447045],[92.395394457611033,26.156735684358029],[92.396241396530158,26.156876206980908],[92.397199753322383,26.152359186254895],[92.398893631160604,26.152640231500655],[92.399372809556709,26.150381721137649],[92.396831992799363,26.149960153269014]]]}},
{"type":"Feature","properties":{"flooded":1,"Risk":"Mediu","layer":"Flood_Medium","path":"C:\\Users\\Rudra\\Desktop\\flood_extent (1).geojson"},"geometry":{"type":"Polygon","coordinates":[[[92.540347232008074,26.163640553050097],[92.539708327479929,26.166651900200769],[92.540555266399039,26.166792422823647],[92.539756635738854,26.170556606761991],[92.537215818981508,26.170135038893353],[92.537056092849468,26.170887875681021],[92.536209153930358,26.170747353058143],[92.536049427798332,26.171500189845812],[92.529273916445405,26.170376008862782],[92.528794738049285,26.172634519225785],[92.533029432644867,26.17333713234018],[92.532869706512827,26.174089969127849],[92.538798278946629,26.175073627488],[92.537839922154419,26.179590648214013],[92.538686861073529,26.179731170836892],[92.538367408809449,26.181236844412229],[92.540908225566795,26.181658412280864],[92.54058877330273,26.183164085856198],[92.542282651140965,26.183445131101958],[92.541963198876886,26.184950804677296],[92.543657076715121,26.185231849923053],[92.543337624451055,26.18673752349839],[92.544184563370166,26.186878046121269],[92.544024837238126,26.187630882908937],[92.544871776157237,26.187771405531816],[92.544073145497052,26.191535589470156],[92.546613962254398,26.191957157338795],[92.546933414518463,26.190451483763461],[92.547780353437588,26.190592006386339],[92.548099805701668,26.189086332811002],[92.548946744620778,26.18922685543388],[92.549425923016884,26.186968345070873],[92.548578984097773,26.186827822447995],[92.549058162493893,26.184569312084989],[92.548211223574768,26.18442878946211],[92.548370949706793,26.183675952674442],[92.544983194030337,26.183113862182925],[92.545302646294417,26.181608188607591],[92.54191489061796,26.181046098116077],[92.54223434288204,26.17954042454074],[92.540540465043804,26.179259379294979],[92.54085991730787,26.177753705719642],[92.540012978388759,26.177613183096764],[92.541131061313024,26.172343325583086],[92.542824939151245,26.172624370828842],[92.542984665283271,26.171871534041173],[92.543831604202396,26.172012056664055],[92.54494968712666,26.166742199150374],[92.542408870369314,26.166320631281735],[92.54288804876542,26.164062120918732],[92.540347232008074,26.163640553050097]]]}},
{"type":"Feature","properties":{"flooded":1,"Risk":"Mediu","layer":"Flood_Medium","path":"C:\\Users\\Rudra\\Desktop\\flood_extent (1).geojson"},"geometry":{"type":"Polygon","coordinates":[[[92.651552573062048,26.189105592982003],[92.651233120797983,26.19061126655734],[92.647845365121526,26.190049176065823],[92.647366186725407,26.192307686428826],[92.648213125644517,26.192448209051705],[92.647733947248412,26.194706719414711],[92.649427825086647,26.194987764660471],[92.649108372822568,26.196493438235809],[92.658424700932841,26.198039187087474],[92.65746634414063,26.202556207813483],[92.656619405221505,26.202415685190605],[92.65566104842928,26.206932705916618],[92.656507987348405,26.207073228539496],[92.65586908282026,26.210084575690168],[92.657562960658481,26.210365620935928],[92.657403234526441,26.211118457723597],[92.660790990202898,26.21168054821511],[92.661270168599003,26.209422037852107],[92.662117107518128,26.209562560474986],[92.662276833650168,26.208809723687317],[92.66735846716486,26.20965285942459],[92.66767791942894,26.208147185849253],[92.672759552943631,26.208990321586526],[92.673079005207697,26.207484648011189],[92.673925944126808,26.207625170634067],[92.674405122522927,26.205366660271061],[92.672711244684692,26.205085615025304],[92.673030696948757,26.20357994144997],[92.670489880191411,26.203158373581335],[92.670330154059371,26.203911210369],[92.667789337302025,26.203489642500362],[92.666990706641855,26.207253826438706],[92.661909073127163,26.206410690701432],[92.662068799259188,26.205657853913763],[92.660374921420967,26.205376808668007],[92.660534647553007,26.204623971880338],[92.659687708633882,26.204483449257459],[92.661125243822212,26.197707918168444],[92.659431365983991,26.197426872922687],[92.660709175040282,26.19140417862134],[92.659015297202046,26.19112313337558],[92.659175023334086,26.190370296587911],[92.651552573062048,26.189105592982003]]]}},
{"type":"Feature","properties":{"flooded":1,"Risk":"Mediu","layer":"Flood_Medium","path":"C:\\Users\\Rudra\\Desktop\\flood_extent (1).geojson"},"geometry":{"type":"Polygon","coordinates":[[[91.540450526345623,26.025016281358688],[91.539971347949518,26.027274791721695],[91.540818286868642,26.027415314344573],[91.539540477812338,26.03343800864592],[91.532764966459411,26.03231382766289],[91.532285788063305,26.034572338025896],[91.539908238335343,26.035837041631805],[91.539429059939238,26.038095551994811],[91.542816815615694,26.038657642486328],[91.54313626787976,26.03715196891099],[91.547370962475341,26.037854582025385],[91.547530688607381,26.037101745237717],[91.548377627526492,26.037242267860595],[91.548537353658531,26.036489431072926],[91.549384292577642,26.036629953695805],[91.549544018709682,26.035877116908136],[91.553778713305263,26.036579730022531],[91.553459261041183,26.038085403597869],[91.556000077798529,26.038506971466504],[91.556479256194635,26.036248461103497],[91.550550683760832,26.035264802743345],[91.550870136024912,26.033759129168008],[91.550023197105787,26.033618606545129],[91.550182923237827,26.032865769757464],[91.547642106480481,26.032444201888829],[91.547322654216401,26.033949875464163],[91.546475715297291,26.033809352841281],[91.546156263033225,26.035315026416619],[91.541921568437658,26.034612413302227],[91.543199377493949,26.02858971900088],[91.544046316413059,26.028730241623759],[91.544685220941204,26.025718894473084],[91.540450526345623,26.025016281358688]]]}},
{"type":"Feature","properties":{"flooded":1,"Risk":"Mediu","layer":"Flood_Medium","path":"C:\\Users\\Rudra\\Desktop\\flood_extent (1).geojson"},"geometry":{"type":"Polygon","coordinates":[[[91.487969916070966,25.991369965797535],[91.487810189938926,25.992122802585204],[91.486963251019816,25.991982279962325],[91.486324346491671,25.994993627113001],[91.483783529734325,25.994572059244362],[91.482505720678034,26.000594753545709],[91.483352659597159,26.000735276168587],[91.483033207333079,26.002240949743925],[91.486420963009536,26.002803040235442],[91.485622332349351,26.006567224173786],[91.483928454511116,26.006286178928029],[91.482810371586865,26.011556036441707],[91.476034860233952,26.010431855458673],[91.476354312498017,26.008926181883336],[91.473813495740671,26.008504614014701],[91.473174591212526,26.011515961165376],[91.475715407969872,26.011937529034011],[91.474757051177662,26.01645454976002],[91.472216234420316,26.016032981891385],[91.471577329892156,26.01904432904206],[91.470730390973031,26.018903806419182],[91.470410938708966,26.020409479994516],[91.464482366275163,26.019425821634364],[91.464003187879058,26.021684331997371],[91.467390943555515,26.022246422488884],[91.46771039581958,26.020740748913546],[91.472792029334272,26.02158388465082],[91.473430933862417,26.018572537500148],[91.474277872781542,26.018713060123027],[91.474597325045622,26.017207386547689],[91.478832019641189,26.017909999662084],[91.478193115113044,26.020921346812759],[91.479886992951279,26.021202392058516],[91.478768910027014,26.026472249572194],[91.477921971107904,26.026331726949316],[91.477762244975864,26.027084563736985],[91.476068367137628,26.026803518491228],[91.474790558081338,26.032826212792575],[91.477331374838684,26.03324778066121],[91.477491100970724,26.032494943873541],[91.478338039889834,26.032635466496423],[91.478657492153914,26.031129792921085],[91.48035136999215,26.031410838166842],[91.480830548388255,26.029152327803839],[91.47998360946913,26.029011805180961],[91.480941966261355,26.024494784454948],[91.48178890518048,26.024635307077826],[91.48274726197269,26.020118286351817],[91.486135017649147,26.02068037684333],[91.487572552837477,26.013904845754315],[91.491807247433059,26.01460745886871],[91.492765604225283,26.010090438142697],[91.497847237739975,26.010933573879971],[91.498326416136081,26.008675063516968],[91.497479477216956,26.00853454089409],[91.498597560141221,26.003264683380408],[91.495209804464764,26.002702592888891],[91.49552925672883,26.001196919313553],[91.494682317809719,26.001056396690675],[91.495800400733984,25.995786539176997],[91.496647339653094,25.995927061799875],[91.4971265180492,25.993668551436869],[91.490351006696272,25.992544370453839],[91.490510732828312,25.99179153366617],[91.487969916070966,25.991369965797535]]]}},
{"type":"Feature","properties":{"flooded":1,"Risk":"Mediu","layer":"Flood_Medium","path":"C:\\Users\\Rudra\\Desktop\\flood_extent (1).geojson"},"geometry":{"type":"Polygon","coordinates":[[[92.118590355837185,26.122498906360299],[92.117791725177,26.126263090298643],[92.111863152743183,26.125279431938491],[92.111064522083012,26.129043615876832],[92.109370644244791,26.128762570631075],[92.109210918112751,26.129515407418744],[92.108363979193641,26.129374884795862],[92.108204253061601,26.130127721583531],[92.107357314142476,26.129987198960652],[92.106718409614331,26.132998546111327],[92.107565348533456,26.133139068734206],[92.106766717873271,26.136903252672546],[92.101685084358579,26.136060116935276],[92.101365632094499,26.137565790510614],[92.096283998579807,26.13672265477334],[92.095804820183702,26.138981165136347],[92.096651759102812,26.139121687759225],[92.096172580706707,26.141380198122228],[92.098713397464053,26.141801765990863],[92.099352301992198,26.138790418840191],[92.10443393550689,26.139633554577465],[92.10427420937485,26.140386391365134],[92.107661965051307,26.14094848185665],[92.108620321843532,26.136431461130638],[92.110314199681767,26.136712506376394],[92.111272556473978,26.132195485650385],[92.120588884584237,26.133741234502054],[92.120109706188131,26.13599974486506],[92.126885217541059,26.137123925848087],[92.127044943673098,26.136371089060422],[92.12873882151132,26.136652134306178],[92.12889854764336,26.13589929751851],[92.129745486562484,26.136039820141388],[92.12990521269451,26.135286983353719],[92.134139907290077,26.135989596468114],[92.133980181158051,26.136742433255783],[92.136520997915397,26.137164001124422],[92.136840450179463,26.135658327549084],[92.138534328017698,26.135939372794841],[92.139013506413818,26.133680862431834],[92.138166567494707,26.133540339808956],[92.138326293626733,26.132787503021287],[92.137479354707608,26.132646980398409],[92.137798806971688,26.131141306823071],[92.136951868052577,26.131000784200189],[92.137111594184617,26.130247947412524],[92.13372383850816,26.129685856921011],[92.134043290772226,26.128180183345673],[92.126420840500188,26.126915479739761],[92.126580566632228,26.126162642952092],[92.120651994198425,26.12517898459194],[92.121131172594531,26.122920474228934],[92.118590355837185,26.122498906360299]]]}},
{"type":"Feature","properties":{"flooded":1,"Risk":"Mediu","layer":"Flood_Medium","path":"C:\\Users\\Rudra\\Desktop\\flood_extent (1).geojson"},"geometry":{"type":"Polygon","coordinates":[[[92.594202267856886,26.199073587432341],[92.593723089460767,26.201332097795348],[92.587794517026964,26.200348439435196],[92.588113969291044,26.198842765859858],[92.585573152533698,26.198421197991223],[92.584295343477407,26.204443892292574],[92.580060648881826,26.203741279178178],[92.579900922749786,26.204494115965844],[92.575666228154219,26.203791502851448],[92.575985680418285,26.202285829276114],[92.568363230146247,26.201021125670206],[92.568043777882181,26.20252679924554],[92.5638090832866,26.201824186131145],[92.56396880941864,26.201071349343479],[92.560581053742183,26.200509258851966],[92.560740779874209,26.199756422064297],[92.559893840955098,26.199615899441415],[92.560053567087138,26.198863062653746],[92.557512750329792,26.198441494785111],[92.557193298065727,26.199947168360449],[92.555499420227491,26.199666123114692],[92.555339694095451,26.200418959902358],[92.554492755176341,26.200278437279476],[92.554333029044301,26.201031274067144],[92.553486090125176,26.200890751444266],[92.553326363993136,26.201643588231935],[92.552479425074026,26.201503065609057],[92.551840520545881,26.204514412759732],[92.552687459464991,26.20465493538261],[92.552368007200926,26.206160608957948],[92.554061885039161,26.206441654203708],[92.553103528246936,26.210958674929717],[92.546328016894023,26.209834493946683],[92.546966921422168,26.206823146796012],[92.546119982503043,26.206682624173133],[92.546279708635083,26.205929787385465],[92.543738891877737,26.20550821951683],[92.543579165745697,26.206261056304498],[92.542732226826587,26.20612053368162],[92.542572500694547,26.206873370469285],[92.53918474501809,26.206311279977768],[92.539025018886065,26.207064116765437],[92.53817807996694,26.206923594142559],[92.53785862770286,26.208429267717896],[92.535317810945514,26.208007699849258],[92.534519180285329,26.211771883787602],[92.545529386233838,26.213598677885027],[92.544890481705693,26.216610025035699],[92.547431298463025,26.217031592904338],[92.54807020299117,26.214020245753666],[92.554845714344097,26.215144426736696],[92.554047083683912,26.218908610675037],[92.555740961522147,26.219189655920793],[92.555581235390108,26.219942492708462],[92.558122052147453,26.220364060577101],[92.560358217995969,26.209824345549741],[92.565439851510661,26.210667481287015],[92.56591902990678,26.208408970924012],[92.566765968825891,26.20854949354689],[92.567564599486076,26.204785309608546],[92.569258477324311,26.205066354854303],[92.569418203456337,26.204313518066634],[92.570265142375447,26.204454040689512],[92.570424868507487,26.203701203901844],[92.57635344094129,26.204684862261995],[92.576033988677224,26.206190535837333],[92.57857480543457,26.206612103705972],[92.57841507930253,26.20736494049364],[92.580955896059876,26.207786508362275],[92.581115622191916,26.207033671574607],[92.582809500030152,26.207314716820367],[92.582969226162177,26.206561880032698],[92.584663104000398,26.206842925278455],[92.584822830132438,26.206090088490786],[92.590751402566255,26.207073746850938],[92.5913903070944,26.204062399700266],[92.598165818447313,26.205186580683296],[92.597367187787128,26.208950764621637],[92.599908004544474,26.209372332490275],[92.600546909072619,26.206360985339604],[92.604781603668201,26.207063598453995],[92.60542050819636,26.20405225130332],[92.601185813600779,26.203349638188929],[92.601824718128924,26.200338291038253],[92.594202267856886,26.199073587432341]]]}},
{"type":"Feature","properties":{"flooded":1,"Risk":"Mediu","layer":"Flood_Medium","path":"C:\\Users\\Rudra\\Desktop\\flood_extent (1).geojson"},"geometry":{"type":"Polygon","coordinates":[[[91.491487795168993,26.016113132444044],[91.489730807716583,26.024394337108397],[91.488036929878348,26.024113291862641],[91.487717477614282,26.025618965437978],[91.486023599776047,26.025337920192221],[91.485384695247888,26.028349267342897],[91.487925512005233,26.028770835211532],[91.487606059741168,26.030276508786869],[91.488452998660293,26.030417031409748],[91.487654368000108,26.034181215348088],[91.488501306919218,26.034321737970966],[91.487542950126993,26.038838758696979],[91.486696011207883,26.038698236074101],[91.486376558943817,26.040203909649435],[91.482141864348236,26.03950129653504],[91.482461316612302,26.037995622959706],[91.47822662201672,26.037293009845314],[91.477747443620615,26.039551520208317],[91.47859438253974,26.039692042831195],[91.4784346564077,26.040444879618864],[91.481822412084156,26.041006970110377],[91.481502959820091,26.042512643685715],[91.484890715496547,26.043074734177232],[91.485210167760613,26.041569060601894],[91.489444862356194,26.042271673716289],[91.490562945280459,26.037001816202611],[91.495644578795151,26.037844951939885],[91.495325126531071,26.039350625515223],[91.496172065450182,26.039491148138101],[91.496012339318142,26.04024398492577],[91.500247033913723,26.040946598040165],[91.499608129385578,26.043957945190837],[91.503842823981145,26.044660558305228],[91.50496090690541,26.03939070079155],[91.504113967986299,26.039250178168672],[91.504273694118325,26.038497341381003],[91.50257981628009,26.038216296135246],[91.503058994676209,26.03595778577224],[91.500518177918863,26.035536217903601],[91.501316808579048,26.031772033965261],[91.497082113983481,26.031069420850869],[91.498040470775692,26.026552400124856],[91.500581287533038,26.026973967993491],[91.501699370457303,26.021704110479813],[91.494923859104375,26.020579929496783],[91.49572248976456,26.016815745558439],[91.491487795168993,26.016113132444044]]]}},
{"type":"Feature","properties":{"flooded":1,"Risk":"Mediu","layer":"Flood_Medium","path":"C:\\Users\\Rudra\\Desktop\\flood_extent (1).geojson"},"geometry":{"type":"Polygon","coordinates":[[[91.093348592215463,25.971096706072416],[91.093188866083423,25.971849542860085],[91.088107232568731,25.971006407122815],[91.087308601908546,25.974770591061155],[91.086461662989436,25.974630068438273],[91.086142210725356,25.976135742013611],[91.084448332887121,25.975854696767854],[91.083969154491015,25.97811320713086],[91.085663032329251,25.978394252376617],[91.085343580065185,25.979899925951955],[91.087884396822531,25.980321493820593],[91.088203849086597,25.978815820245256],[91.091591604763053,25.979377910736769],[91.091911057027133,25.977872237161431],[91.093604934865368,25.978153282407192],[91.093764660997394,25.977400445619523],[91.095458538835615,25.97768149086528],[91.0962571694958,25.973917306926939],[91.097104108414925,25.974057829549817],[91.097583286811044,25.971799319186811],[91.093348592215463,25.971096706072416]]]}},
{"type":"Feature","properties":{"flooded":1,"Risk":"Mediu","layer":"Flood_Medium","path":"C:\\Users\\Rudra\\Desktop\\flood_extent (1).geojson"},"geometry":{"type":"Polygon","coordinates":[[[92.169885869380209,26.128671753370025],[92.16956641711613,26.130177426945362],[92.165331722520548,26.129474813830967],[92.164533091860363,26.133238997769311],[92.160298397264796,26.132536384654919],[92.159819218868691,26.134794895017922],[92.15558452427311,26.134092281903527],[92.15670260719736,26.128822424389849],[92.154161790440014,26.12840085652121],[92.153043707515764,26.133670714034889],[92.148809012920196,26.132968100920497],[92.147690929995932,26.138237958434178],[92.145997052157696,26.137956913188418],[92.145358147629551,26.14096826033909],[92.141970391953095,26.140406169847576],[92.141650939689029,26.141911843422914],[92.140804000769904,26.141771320800036],[92.140324822373785,26.144029831163042],[92.150488089403169,26.145716102637586],[92.150008911007063,26.147974613000592],[92.155090544521755,26.148817748737866],[92.153972461597505,26.154087606251544],[92.157360217273961,26.154649696743061],[92.156881038877842,26.156908207106067],[92.157727977796966,26.157048729728945],[92.157568251664941,26.157801566516614],[92.158415190584051,26.157942089139492],[92.158255464452012,26.158694925927158],[92.160796281209358,26.159116493795796],[92.160956007341397,26.158363657008131],[92.161802946260508,26.158504179631009],[92.162122398524573,26.156998506055672],[92.162969337443698,26.15713902867855],[92.163608241971843,26.154127681527875],[92.160220486295373,26.153565591036358],[92.161178843087598,26.149048570310349],[92.164566598764068,26.149610660801866],[92.165844407820359,26.143587966500519],[92.171772980254161,26.144571624860667],[92.170175718933791,26.152099992737355],[92.173563474610248,26.152662083228872],[92.173723200742288,26.151909246441203],[92.178804834256979,26.152752382178477],[92.180561821709389,26.144471177514124],[92.178021004952043,26.144049609645485],[92.178340457216109,26.142543936070147],[92.175799640458763,26.142122368201512],[92.175320462062658,26.144380878564519],[92.170238828547966,26.143537742827245],[92.171197185340191,26.139020722101233],[92.173738002097537,26.139442289969868],[92.174057454361602,26.13793661639453],[92.178292148957183,26.138639229508925],[92.179090779617368,26.134875045570585],[92.178243840698244,26.134734522947706],[92.178563292962323,26.133228849372369],[92.177716354043213,26.13308832674949],[92.177876080175238,26.132335489961822],[92.177029141256128,26.13219496733894],[92.177188867388168,26.131442130551271],[92.172107233873476,26.130598994814001],[92.172426686137555,26.129093321238663],[92.169885869380209,26.128671753370025]],[[92.169087238720024,26.132435937308369],[92.174168872234716,26.133279073045642],[92.173370241574531,26.137043256983983],[92.171676363736296,26.136762211738226],[92.171516637604256,26.137515048525895],[92.165588065170454,26.136531390165743],[92.166386695830639,26.132767206227403],[92.168927512587985,26.133188774096038],[92.169087238720024,26.132435937308369]],[[92.160186979391696,26.137193928003807],[92.165268612906388,26.138037063741081],[92.163671351586018,26.145565431617765],[92.157742779152215,26.144581773257613],[92.158062231416281,26.143076099682276],[92.157215292497156,26.142935577059394],[92.157375018629196,26.142182740271728],[92.15483420187185,26.141761172403093],[92.155632832532035,26.137996988464749],[92.159867527127616,26.138699601579145],[92.160186979391696,26.137193928003807]]]}},
{"type":"Feature","properties":{"flooded":1,"Risk":"Mediu","layer":"Flood_Medium","path":"C:\\Users\\Rudra\\Desktop\\flood_extent (1).geojson"},"geometry":{"type":"Polygon","coordinates":[[[91.550327848014618,26.044579889441124],[91.549369491222393,26.049096910167137],[91.546828674465047,26.048675342298502],[91.546509222200982,26.050181015873836],[91.54142758868629,26.049337880136562],[91.541587314818329,26.048585043348893],[91.539046498060998,26.048163475480258],[91.538886771928958,26.048916312267927],[91.538039833009833,26.048775789645045],[91.537560654613713,26.051034300008052],[91.540101471371059,26.05145586787669],[91.539302840710889,26.055220051815034],[91.538455901791778,26.055079529192156],[91.537816997263619,26.058090876342828],[91.544592508616532,26.059215057325858],[91.544432782484506,26.059967894113527],[91.545279721403631,26.060108416736405],[91.545119995271591,26.060861253524074],[91.547660812028937,26.061282821392712],[91.548299716557082,26.058271474242037],[91.541524205204155,26.057147293259003],[91.54232283586434,26.053383109320663],[91.543169774783451,26.053523631943545],[91.543489227047516,26.052017958368207],[91.550264738400443,26.053142139351237],[91.550105012268418,26.053894976138906],[91.552645829025764,26.054316544007541],[91.553604185817974,26.049799523281532],[91.55529806365621,26.050080568527292],[91.555777242052329,26.047822058164286],[91.552389486375858,26.047259967672769],[91.552868664771964,26.045001457309763],[91.550327848014618,26.044579889441124]]]}},
{"type":"Feature","properties":{"flooded":1,"Risk":"Mediu","layer":"Flood_Medium","path":"C:\\Users\\Rudra\\Desktop\\flood_extent (1).geojson"},"geometry":{"type":"Polygon","coordinates":[[[92.109549075925273,26.156848353347293],[92.108910171397113,26.159859700497964],[92.105522415720657,26.159297610006448],[92.105043237324551,26.161556120369454],[92.106737115162773,26.161837165615211],[92.105459306106482,26.167859859916557],[92.104612367187372,26.167719337293679],[92.104133188791266,26.169977847656686],[92.106674005548612,26.170399415525324],[92.107472636208783,26.16663523158698],[92.11424814756171,26.16775941257001],[92.11440787369375,26.167006575782345],[92.116948690451096,26.16742814365098],[92.117108416583136,26.166675306863311],[92.117955355502247,26.16681582948619],[92.118594260030392,26.163804482335514],[92.116053443273046,26.163382914466879],[92.116213169405086,26.162630077679211],[92.11367235264774,26.162208509810576],[92.113991804911805,26.160702836235238],[92.111450988154459,26.1602812683666],[92.112089892682619,26.157269921215928],[92.109549075925273,26.156848353347293]]]}},
{"type":"Feature","properties":{"flooded":1,"Risk":"Mediu","layer":"Flood_Medium","path":"C:\\Users\\Rudra\\Desktop\\flood_extent (1).geojson"},"geometry":{"type":"Polygon","coordinates":[[[92.004896410477997,26.141822581096193],[92.004576958213931,26.14332825467153],[92.002036141456585,26.142906686802892],[92.00139723692844,26.145918033953567],[92.002244175847551,26.146058556576449],[92.002084449715511,26.146811393364118],[92.006319144311092,26.147514006478509],[92.005201061386828,26.152783863992187],[92.006048000305938,26.152924386615069],[92.005728548041873,26.154430060190407],[92.006575486960983,26.154570582813285],[92.006415760828943,26.155323419600954],[92.008109638667179,26.155604464846711],[92.007311008006994,26.159368648785051],[92.005617130168758,26.159087603539295],[92.004978225640613,26.16209895068997],[91.999896592125921,26.161255814952696],[92.000056318257961,26.160502978165027],[91.999209379338851,26.160362455542149],[92.000327462263101,26.155092598028471],[92.001174401182212,26.155233120651349],[92.001653579578331,26.152974610288343],[91.99995970174011,26.152693565042583],[92.000119427872136,26.151940728254914],[91.995884733276554,26.151238115140522],[91.994766650352304,26.1565079726542],[91.989685016837612,26.155664836916927],[91.989046112309467,26.158676184067602],[91.989893051228592,26.15881670669048],[91.989573598964512,26.160322380265818],[91.990420537883622,26.160462902888696],[91.989621907223437,26.164227086827037],[91.987928029385202,26.16394604158128],[91.986650220328912,26.16996873588263],[91.985803281409801,26.169828213259752],[91.985004650749616,26.173592397198092],[91.990086284264308,26.174435532935366],[91.989926558132268,26.175188369723035],[91.991620435970489,26.175469414968791],[91.991300983706424,26.176975088544129],[91.994688739382894,26.177537179035642],[91.996286000703265,26.170008811158958],[91.99543906178414,26.16986828853608],[91.996237692444325,26.166104104597736],[92.003013203797252,26.167228285580769],[92.002054847005027,26.171745306306782],[92.006289541600609,26.172447919421174],[92.006768719996714,26.170189409058167],[92.005921781077589,26.170048886435289],[92.006081507209629,26.16929604964762],[92.005234568290518,26.169155527024742],[92.006352651214769,26.163885669511064],[92.008893467972115,26.164307237379699],[92.009053194104155,26.16355440059203],[92.01074707194239,26.16383544583779],[92.011385976470535,26.160824098687115],[92.012232915389646,26.160964621309994],[92.013830176710016,26.153436253433309],[92.01128935995267,26.153014685564671],[92.01160881221675,26.151509011989333],[92.009914934378514,26.151227966743576],[92.010713565038699,26.147463782805236],[92.008172748281353,26.147042214936601],[92.008492200545419,26.145536541361263],[92.006798322707198,26.145255496115503],[92.007437227235343,26.142244148964828],[92.004896410477997,26.141822581096193]]]}},
{"type":"Feature","properties":{"flooded":1,"Risk":"Mediu","layer":"Flood_Medium","path":"C:\\Users\\Rudra\\Desktop\\flood_extent (1).geojson"},"geometry":{"type":"Polygon","coordinates":[[[91.621363203540398,26.102346909087057],[91.620884025144292,26.104605419450063],[91.621730964063403,26.104745942072942],[91.621571237931363,26.105498778860611],[91.622418176850474,26.105639301483489],[91.622258450718434,26.106392138271158],[91.626493145314015,26.107094751385553],[91.626333419181975,26.107847588173222],[91.627180358101086,26.1079881107961],[91.62702063196906,26.108740947583769],[91.627867570888185,26.108881470206647],[91.627707844756145,26.109634306994316],[91.635330295028183,26.110899010600228],[91.633892759839853,26.117674541689244],[91.632198882001617,26.117393496443484],[91.631559977473472,26.120404843594155],[91.630713038554362,26.120264320971277],[91.630074134026216,26.123275668121952],[91.631768011864438,26.123556713367712],[91.631448559600358,26.12506238694305],[91.633989376357704,26.125483954811685],[91.633190745697519,26.129248138750025],[91.634037684616629,26.129388661372904],[91.633718232352564,26.130894334948241],[91.637952926948145,26.131596948062636],[91.638272379212211,26.130091274487299],[91.639119318131321,26.130231797110177],[91.639917948791506,26.126467613171837],[91.641611826629742,26.126748658417593],[91.641771552761782,26.125995821629925],[91.646853186276473,26.126838957367198],[91.646533734012394,26.128344630942536],[91.648227611850629,26.128625676188296],[91.647269255058418,26.133142696914305],[91.648116193977529,26.133283219537184],[91.647956467845489,26.134036056324852],[91.650497284602835,26.134457624193487],[91.650657010734875,26.133704787405819],[91.652350888573096,26.133985832651575],[91.652510614705122,26.133232995863906],[91.658439187138939,26.134216654224062],[91.658279461006913,26.134969491011731],[91.667595789117172,26.136515239863396],[91.667755515249198,26.135762403075727],[91.669449393087433,26.136043448321487],[91.669928571483553,26.133784937958481],[91.669081632564442,26.133644415335603],[91.669880263224627,26.129880231397259],[91.672421079981973,26.130301799265897],[91.672900258378078,26.128043288902891],[91.676288014054535,26.128605379394404],[91.67676719245064,26.126346869031401],[91.673379436774184,26.125784778539888],[91.674337793566409,26.121267757813875],[91.665868404375246,26.119862531585085],[91.665548952111166,26.121368205160422],[91.66300813535382,26.120946637291787],[91.662848409221795,26.121699474079456],[91.661154531383573,26.121418428833699],[91.660675352987454,26.123676939196706],[91.658134536230108,26.123255371328067],[91.657974810098082,26.124008208115733],[91.655433993340736,26.123586640247098],[91.655274267208696,26.124339477034766],[91.654427328289572,26.124198954411884],[91.654107876025492,26.125704627987222],[91.652413998187271,26.125423582741465],[91.652094545923205,26.126929256316803],[91.646165973489403,26.125945597956651],[91.646964604149588,26.122181414018307],[91.647811543068698,26.122321936641185],[91.648929625992949,26.117052079127507],[91.654858198426751,26.118035737487659],[91.655656829086936,26.114271553549319],[91.659891523682518,26.114974166663714],[91.660370702078623,26.112715656300708],[91.65105437396835,26.111169907449039],[91.650096017176139,26.115686928175048],[91.645014383661447,26.114843792437775],[91.645174109793473,26.114090955650106],[91.642633293036127,26.113669387781471],[91.642793019168167,26.112916550993805],[91.640252202410821,26.11249498312517],[91.640092476278781,26.113247819912836],[91.635857781683214,26.11254520679844],[91.637135590739518,26.106522512497094],[91.632900896143937,26.105819899382698],[91.632741170011897,26.106572736170367],[91.62850647541633,26.105870123055972],[91.62866620154837,26.105117286268303],[91.627819262629245,26.104976763645425],[91.627978988761271,26.104223926857756],[91.625438172003925,26.103802358989121],[91.625597898135965,26.103049522201452],[91.621363203540398,26.102346909087057]],[[91.662736991348694,26.126357017428344],[91.666971685944262,26.127059630542739],[91.666811959812222,26.127812467330408],[91.667658898731347,26.127952989953286],[91.667499172599307,26.128705826740955],[91.668346111518417,26.128846349363833],[91.667547480858246,26.132610533302177],[91.665853603020011,26.132329488056421],[91.665693876887971,26.133082324844089],[91.656377548777712,26.131536575992421],[91.657176179437897,26.127772392054077],[91.662257812952589,26.12861552779135],[91.662736991348694,26.126357017428344]]]}},
{"type":"Feature","properties":{"flooded":1,"Risk":"Mediu","layer":"Flood_Medium","path":"C:\\Users\\Rudra\\Desktop\\flood_extent (1).geojson"},"geometry":{"type":"Polygon","coordinates":[[[91.590108278695766,26.117423941634314],[91.589788826431686,26.118929615209652],[91.588941887512561,26.118789092586773],[91.588302982984416,26.121800439737445],[91.594231555418219,26.122784098097597],[91.593432924758034,26.126548282035941],[91.590045169081577,26.125986191544424],[91.589406264553432,26.128997538695096],[91.582630753200519,26.127873357712065],[91.582151574804413,26.130131868075072],[91.584692391561759,26.13055343594371],[91.58437293929768,26.132059109519048],[91.587760694974136,26.132621200010561],[91.588080147238216,26.131115526435224],[91.594008719672019,26.132099184795376],[91.594328171936084,26.130593511220038],[91.601103683289011,26.131717692203068],[91.601582861685131,26.129459181840065],[91.599042044927785,26.12903761397143],[91.59936149719185,26.127531940396093],[91.59597374151538,26.126969849904576],[91.596932098307605,26.122452829178563],[91.595238220469383,26.122171783932806],[91.595877124997529,26.119160436782135],[91.592489369321058,26.118598346290621],[91.592649095453098,26.117845509502953],[91.590108278695766,26.117423941634314]]]}},
{"type":"Feature","properties":{"flooded":1,"Risk":"Mediu","layer":"Flood_Medium","path":"C:\\Users\\Rudra\\Desktop\\flood_extent (1).geojson"},"geometry":{"type":"Polygon","coordinates":[[[91.209464943490062,26.051930250975815],[91.209145491225996,26.053435924551152],[91.20660467446865,26.053014356682514],[91.205486591544386,26.058284214196192],[91.208874347220842,26.058846304687709],[91.208554894956777,26.060351978263046],[91.209401833875887,26.060492500885925],[91.208603203215702,26.064256684824269],[91.2026746307819,26.063273026464117],[91.201876000121715,26.067037210402457],[91.196794366607023,26.066194074665184],[91.197273545003128,26.063935564302177],[91.194732728245782,26.063513996433539],[91.194093823717637,26.066525343584214],[91.192399945879401,26.066244298338457],[91.191920767483296,26.068502808701464],[91.193614645321531,26.06878385394722],[91.193454919189492,26.069536690734889],[91.194301858108602,26.069677213357771],[91.194142131976562,26.07043005014544],[91.196682948733908,26.070851618014075],[91.196523222601868,26.07160445480174],[91.199064039359214,26.072026022670379],[91.198105682567004,26.076543043396391],[91.197258743647893,26.07640252077351],[91.196779565251774,26.078661031136516],[91.197626504170884,26.078801553759398],[91.196827873510713,26.082565737697738],[91.199368690268059,26.082987305566373],[91.199688142532125,26.081481631991036],[91.206463653885052,26.082605812974066],[91.206942832281158,26.080347302611063],[91.205248954442922,26.080066257365306],[91.205408680574962,26.079313420577638],[91.199480108141159,26.078329762217486],[91.200438464933384,26.073812741491473],[91.201285403852495,26.073953264114351],[91.20160485611656,26.072447590539014],[91.204145672873906,26.072869158407649],[91.204305399005946,26.072116321619983],[91.205999276844182,26.072397366865744],[91.206318729108261,26.070891693290406],[91.209706484784718,26.071453783781919],[91.210025937048783,26.069948110206582],[91.212566753806129,26.07036967807522],[91.213844562862434,26.064346983773873],[91.212150685024199,26.064065938528117],[91.213268767948449,26.058796081014435],[91.208187134433771,26.057952945277162],[91.208985765093956,26.054188761338821],[91.215761276446869,26.055312942321851],[91.214962645786684,26.059077126260192],[91.219197340382266,26.059779739374587],[91.219836244910411,26.056768392223915],[91.218142367072176,26.056487346978155],[91.218621545468281,26.054228836615149],[91.216927667630046,26.053947791369392],[91.217087393762085,26.053194954581723],[91.209464943490062,26.051930250975815]]]}},
{"type":"Feature","properties":{"flooded":1,"Risk":"Mediu","layer":"Flood_Medium","path":"C:\\Users\\Rudra\\Desktop\\flood_extent (1).geojson"},"geometry":{"type":"Polygon","coordinates":[[[92.283833068613674,26.252788339365885],[92.28271498568941,26.258058196879567],[92.281021107851174,26.25777715163381],[92.280701655587109,26.259282825209148],[92.274773083153306,26.258299166848992],[92.274932809285332,26.257546330061327],[92.272391992527986,26.257124762192692],[92.271912814131881,26.259383272555695],[92.269371997374535,26.258961704687056],[92.268892818978429,26.261220215050063],[92.271433635735775,26.261641782918701],[92.271753087999841,26.260136109343364],[92.277681660433643,26.261119767703516],[92.276883029773458,26.26488395164186],[92.276036090854348,26.264743429018981],[92.275397186326202,26.267754776169653],[92.276244125245313,26.267895298792531],[92.276084399113287,26.2686481355802],[92.278625215870633,26.269069703448835],[92.279583572662844,26.264552682722826],[92.284665206177536,26.2653958184601],[92.284984658441616,26.263890144884762],[92.28583159736074,26.26403066750764],[92.286789954152951,26.259513646781631],[92.290177709829408,26.260075737273148],[92.290656888225527,26.257817226910142],[92.285575254710835,26.256974091172868],[92.28637388537102,26.253209907234524],[92.283833068613674,26.252788339365885]]]}},
{"type":"Feature","properties":{"flooded":1,"Risk":"Mediu","layer":"Flood_Medium","path":"C:\\Users\\Rudra\\Desktop\\flood_extent (1).geojson"},"geometry":{"type":"Polygon","coordinates":[[[92.158352080969877,26.166504339049602],[92.157713176441732,26.169515686200274],[92.15347848184615,26.168813073085882],[92.153957660242256,26.166554562722876],[92.15141684348491,26.166132994854237],[92.151097391220844,26.167638668429575],[92.150250452301734,26.167498145806697],[92.150090726169694,26.168250982594365],[92.149243787250569,26.168110459971487],[92.148924334986489,26.169616133546825],[92.145536579310033,26.169054043055308],[92.145376853178007,26.169806879842977],[92.144529914258896,26.169666357220098],[92.144050735862777,26.171924867583105],[92.143203796943666,26.171784344960226],[92.142245440151456,26.176301365686236],[92.141398501232331,26.176160843063357],[92.140919322836211,26.178419353426364],[92.143460139593557,26.178840921294999],[92.142501782801347,26.183357942021008],[92.143348721720457,26.183498464643886],[92.142070912664153,26.189521158945233],[92.143764790502388,26.189802204190993],[92.142966159842203,26.193566388129337],[92.139578404165746,26.19300429763782],[92.139418678033721,26.193757134425489],[92.13857173911461,26.193616611802611],[92.138092560718491,26.195875122165614],[92.137245621799366,26.195734599542735],[92.1369261695353,26.197240273118073],[92.130150658182387,26.196116092135043],[92.130789562710532,26.193104744984371],[92.129942623791408,26.192964222361493],[92.130421802187513,26.190705711998486],[92.129574863268402,26.190565189375604],[92.130373493928587,26.18680100543726],[92.131220432847698,26.186941528060142],[92.131859337375843,26.183930180909471],[92.130165459537622,26.18364913566371],[92.130325185669662,26.182896298876042],[92.129478246750537,26.182755776253163],[92.129637972882577,26.182002939465495],[92.128791033963466,26.181862416842616],[92.129110486227532,26.180356743267279],[92.124875791631951,26.179654130152883],[92.12503551776399,26.178901293365215],[92.12418857884488,26.178760770742336],[92.12434830497692,26.178007933954667],[92.118419732543117,26.177024275594516],[92.118739184807183,26.175518602019181],[92.116198368049837,26.175097034150543],[92.115878915785771,26.176602707725877],[92.114185037947536,26.17632166248012],[92.114025311815496,26.177074499267789],[92.108943678300804,26.176231363530515],[92.108624226036738,26.177737037105853],[92.104389531441171,26.177034423991458],[92.104708983705237,26.17552875041612],[92.102168166947891,26.175107182547485],[92.101848714683825,26.176612856122823],[92.098460959007369,26.176050765631306],[92.098141506743289,26.177556439206644],[92.094753751066818,26.17699434871513],[92.094274572670713,26.179252859078137],[92.098509267266294,26.179955472192532],[92.097870362738149,26.182966819343203],[92.102105057333716,26.183669432457595],[92.100667522145386,26.190444963546611],[92.099820583226276,26.190304440923732],[92.09902195256609,26.194068624862076],[92.093940319051399,26.193225489124803],[92.094100045183424,26.192472652337134],[92.093253106264314,26.192332129714256],[92.094051736924499,26.188567945775912],[92.093204798005388,26.188427423153033],[92.093364524137428,26.187674586365368],[92.090823707380082,26.187253018496733],[92.090184802851937,26.190264365647405],[92.088490925013701,26.189983320401645],[92.087692294353516,26.193747504339989],[92.086845355434406,26.19360698171711],[92.086685629302366,26.194359818504779],[92.085838690383241,26.194219295881901],[92.085678964251215,26.194972132669566],[92.084832025332105,26.194831610046688],[92.084512573068025,26.196337283622025],[92.083665634148915,26.196196760999147],[92.083346181884835,26.197702434574484],[92.08249924296571,26.197561911951603],[92.082339516833684,26.198314748739271],[92.078951761157228,26.197752658247758],[92.078792035025188,26.198505495035427],[92.074557340429607,26.197802881921032],[92.075675423353857,26.192533024407354],[92.073134606596525,26.192111456538719],[92.072176249804315,26.196628477264728],[92.07132931088519,26.196487954641846],[92.07116958475315,26.197240791429515],[92.064394073400237,26.196116610446484],[92.063914895004132,26.198375120809491],[92.065608772842353,26.198656166055251],[92.063372606993838,26.209195881082607],[92.05913791239827,26.208493267968212],[92.058818460134191,26.209998941543549],[92.057971521215066,26.209858418920671],[92.057652068951001,26.211364092496009],[92.05680513003189,26.21122356987313],[92.056166225503731,26.214234917023802],[92.061247859018422,26.215078052761072],[92.060768680622317,26.217336563124078],[92.061615619541428,26.21747708574696],[92.060816988881243,26.221241269685304],[92.065898622395935,26.222084405422574],[92.065738896263895,26.222837242210243],[92.069126651940351,26.22339933270176],[92.068966925808326,26.224152169489429],[92.072354681484796,26.224714259980942],[92.072035229220717,26.22621993355628],[92.074576045978063,26.226641501424915],[92.074096867581957,26.228900011787921],[92.076637684339303,26.22932157965656],[92.077276588867448,26.226310232505885],[92.079817405624794,26.22673180037452],[92.08013685788886,26.225226126799186],[92.082677674646206,26.225647694667824],[92.082837400778246,26.224894857880155],[92.087919034292938,26.225737993617425],[92.088398212689057,26.223479483254419],[92.083316579174365,26.222636347517149],[92.084115209834536,26.218872163578805],[92.084962148753647,26.219012686201683],[92.085121874885687,26.218259849414018],[92.085968813804797,26.218400372036896],[92.086288266068877,26.216894698461559],[92.087135204988002,26.217035221084437],[92.087294931120041,26.216282384296768],[92.088141870039152,26.216422906919647],[92.088301596171178,26.215670070131978],[92.09338322968587,26.216513205869251],[92.092584599025685,26.220277389807592],[92.094278476863906,26.220558435053348],[92.092840941675576,26.227333966142368],[92.088606247080008,26.226631353027976],[92.087647890287798,26.231148373753985],[92.091035645964254,26.231710464245499],[92.089598110775924,26.238485995334514],[92.09213892753327,26.238907563203153],[92.093097284325481,26.234390542477144],[92.093944223244591,26.234531065100022],[92.094103949376631,26.233778228312353],[92.099185582891323,26.234621364049627],[92.098866130627258,26.236127037624964],[92.101406947384604,26.236548605493599],[92.101566673516629,26.23579576870593],[92.103260551354865,26.236076813951687],[92.103420277486904,26.235323977164018],[92.114430483435399,26.237150771261444],[92.115069387963544,26.234139424110769],[92.11761020472089,26.234560991979407],[92.11808938311701,26.232302481616401],[92.113854688521428,26.231599868502009],[92.114813045313639,26.227082847775996],[92.122435495585677,26.228347551381908],[92.123074400113822,26.225336204231233],[92.133237667143206,26.227022475705777],[92.133876571671365,26.224011128555105],[92.128794938156673,26.223167992817832],[92.129593568816844,26.219403808879488],[92.135522141250647,26.22038746723964],[92.136001319646766,26.218128956876637],[92.136848258565891,26.218269479499519],[92.137007984697931,26.21751664271185],[92.141242679293498,26.218219255826241],[92.140444048633313,26.221983439764582],[92.141290987552438,26.222123962387464],[92.141131261420398,26.222876799175133],[92.143672078177744,26.223298367043768],[92.144310982705889,26.220287019893096],[92.148545677301456,26.220989633007491],[92.148865129565536,26.219483959432154],[92.153099824161117,26.220186572546549],[92.152141467368892,26.224703593272558],[92.155529223045349,26.225265683764071],[92.156168127573494,26.2222543366134],[92.157015066492605,26.222394859236278],[92.157174792624645,26.221642022448609],[92.158021731543769,26.221782545071488],[92.158181457675809,26.221029708283819],[92.163263091190501,26.221872844021092],[92.163901995718646,26.218861496870417],[92.164748934637757,26.219002019493299],[92.165228113033862,26.216743509130293],[92.167768929791208,26.217165076998928],[92.168088382055288,26.215659403423594],[92.169782259893523,26.21594044866935],[92.170740616685734,26.211423427943338],[92.177516128038647,26.212547608926368],[92.177995306434767,26.210289098563361],[92.189852451302386,26.212256415283669],[92.190171903566451,26.210750741708335],[92.191865781404672,26.211031786954091],[92.192185233668752,26.209526113378754],[92.193879111506988,26.20980715862451],[92.194038837639013,26.209054321836842],[92.200814348991926,26.210178502819872],[92.201772705784151,26.205661482093863],[92.202619644703276,26.205802004716745],[92.202779370835316,26.205049167929076],[92.204473248673537,26.205330213174832],[92.205910783861867,26.198554682085813],[92.205063844942757,26.198414159462935],[92.205862475602942,26.194649975524595],[92.207556353441177,26.194931020770351],[92.208035531837282,26.192672510407345],[92.206341653999047,26.192391465161588],[92.206501380131087,26.191638628373919],[92.205654441211976,26.191498105751041],[92.205973893476042,26.189992432175707],[92.205126954556917,26.189851909552825],[92.205286680688957,26.189099072765156],[92.20105198609339,26.188396459650765],[92.201531164489509,26.186137949287758],[92.196449530974817,26.185294813550485],[92.196289804842777,26.186047650338153],[92.194595927004542,26.185766605092393],[92.194116748608423,26.1880251154554],[92.18818817617462,26.187041457095248],[92.188827080702779,26.184030109944572],[92.186286263945433,26.183608542075937],[92.187084894605604,26.179844358137593],[92.186237955686494,26.179703835514715],[92.187036586346679,26.175939651576375],[92.187883525265789,26.176080174199253],[92.188043251397829,26.175327337411584],[92.18889019031694,26.175467860034463],[92.189369368713045,26.173209349671456],[92.185981613036589,26.172647259179939],[92.185662160772523,26.174152932755277],[92.183121344015177,26.173731364886642],[92.182801891751097,26.175237038461979],[92.176873319317295,26.174253380101828],[92.17767194997748,26.170489196163484],[92.171743377543677,26.169505537803332],[92.170785020751467,26.174022558529344],[92.159774814802972,26.172195764431919],[92.160892897727223,26.166925906918237],[92.158352080969877,26.166504339049602]],[[92.168452238385072,26.176752860434259],[92.172686932980653,26.177455473548651],[92.172527206848628,26.17820831033632],[92.175914962525084,26.178770400827837],[92.175755236393044,26.179523237615506],[92.17744911423128,26.179804282861262],[92.176490757439055,26.184321303587275],[92.170562185005238,26.183337645227123],[92.171041363401358,26.181079134864117],[92.167653607724901,26.180517044372603],[92.168452238385072,26.176752860434259]],[[92.159280835051618,26.186921231266254],[92.163515529647185,26.187623844380649],[92.163355803515145,26.188376681168318],[92.164202742434256,26.188517203791196],[92.163244385642031,26.193034224517206],[92.16239744672292,26.192893701894327],[92.162237720590895,26.193646538681996],[92.157156087076203,26.192803402944723],[92.158114443868413,26.188286382218713],[92.158961382787538,26.188426904841592],[92.159280835051618,26.186921231266254]],[[92.184689002625063,26.191136909952622],[92.189770636139755,26.191980045689895],[92.188492827083465,26.198002739991242],[92.183411193568773,26.197159604253969],[92.182772289040614,26.200170951404644],[92.175996777687701,26.199046770421614],[92.176795408347886,26.19528258648327],[92.183570919700799,26.1964067674663],[92.184689002625063,26.191136909952622]],[[92.166264380795496,26.191197282022841],[92.174733769986659,26.192602508251628],[92.173296234798329,26.199378039340644],[92.168214601283637,26.19853490360337],[92.168693779679742,26.196276393240364],[92.165306024003272,26.195714302748851],[92.166264380795496,26.191197282022841]],[[92.194213365126302,26.195834528577844],[92.198448059721883,26.196537141692239],[92.197649429061698,26.20030132563058],[92.193414734466117,26.199598712516185],[92.194213365126302,26.195834528577844]],[[92.165194606130171,26.200371846097738],[92.171970117483085,26.201496027080768],[92.170532582294754,26.208271558169788],[92.167144826618298,26.207709467678274],[92.166505922090153,26.210720814828946],[92.164812044251917,26.210439769583186],[92.164013413591732,26.21420395352153],[92.162319535753511,26.213922908275773],[92.162000083489446,26.215428581851107],[92.16030620565121,26.21514753660535],[92.159827027255091,26.217406046968357],[92.156439271578634,26.21684395647684],[92.156279545446608,26.217596793264509],[92.152044850851027,26.216894180150113],[92.153003207643238,26.212377159424104],[92.148768513047671,26.211674546309709],[92.150046322103975,26.205651852008359],[92.152587138861321,26.206073419876997],[92.153226043389466,26.203062072726325],[92.154072982308577,26.203202595349204],[92.154232708440603,26.202449758561535],[92.157620464117059,26.203011849053052],[92.158099642513179,26.200753338690046],[92.16233433710876,26.201455951804437],[92.16217461097672,26.202208788592106],[92.164715427734066,26.202630356460745],[92.165194606130171,26.200371846097738]],[[92.114363469628017,26.204407445196338],[92.118598164223599,26.205110058310733],[92.118118985827493,26.20736856867374],[92.124047558261296,26.208352227033892],[92.123248927601111,26.212116410972232],[92.12155504976289,26.211835365726476],[92.120596692970665,26.216352386452488],[92.116361998375083,26.215649773338093],[92.116202272243044,26.216402610125758],[92.115355333323933,26.21626208750288],[92.114876154927828,26.218520597865886],[92.111488399251357,26.21795850737437],[92.110689768591172,26.221722691312713],[92.106455073995605,26.221020078198318],[92.10741343078783,26.216503057472305],[92.110801186464286,26.217065147963822],[92.111759543256497,26.212548127237813],[92.112606482175607,26.212688649860691],[92.114363469628017,26.204407445196338]],[[92.070530680225005,26.20025213858019],[92.074765374820586,26.200954751694582],[92.073966744160401,26.204718935632926],[92.06973204956482,26.20401632251853],[92.070530680225005,26.20025213858019]],[[92.098624589332601,26.216603504818856],[92.102859283928169,26.217306117933251],[92.102060653267984,26.221070301871595],[92.097825958672416,26.2203676887572],[92.098624589332601,26.216603504818856]]]}},
{"type":"Feature","properties":{"flooded":1,"Risk":"Mediu","layer":"Flood_Medium","path":"C:\\Users\\Rudra\\Desktop\\flood_extent (1).geojson"},"geometry":{"type":"Polygon","coordinates":[[[92.180603136999494,26.243453992497106],[92.180443410867454,26.244206829284774],[92.176208716271873,26.243504216170379],[92.175889264007807,26.245009889745717],[92.17165456941224,26.244307276631325],[92.171175391016121,26.246565786994331],[92.174563146692577,26.247127877485845],[92.173764516032392,26.250892061424185],[92.174611454951503,26.251032584047064],[92.174451728819477,26.251785420834732],[92.175298667738588,26.251925943457614],[92.174340310946363,26.256442964183627],[92.176881127703709,26.256864532052262],[92.177360306099814,26.254606021689256],[92.178207245018939,26.254746544312134],[92.179165601811164,26.250229523586121],[92.180859479649385,26.250510568831878],[92.18181783644161,26.245993548105869],[92.182664775360735,26.24613407072875],[92.18314395375684,26.243875560365744],[92.180603136999494,26.243453992497106]]]}},
{"type":"Feature","properties":{"flooded":1,"Risk":"Mediu","layer":"Flood_Medium","path":"C:\\Users\\Rudra\\Desktop\\flood_extent (1).geojson"},"geometry":{"type":"Polygon","coordinates":[[[91.18618542808521,26.083137976586197],[91.185546523557065,26.086149323736869],[91.181311828961498,26.085446710622474],[91.180672924433352,26.088458057773149],[91.186601496867155,26.089441716133301],[91.18596259233901,26.092453063283976],[91.188503409096356,26.092874631152611],[91.188663135228396,26.092121794364942],[91.192050890904852,26.092683884856459],[91.193807878357248,26.084402680192106],[91.18618542808521,26.083137976586197]]]}},
{"type":"Feature","properties":{"flooded":1,"Risk":"Mediu","layer":"Flood_Medium","path":"C:\\Users\\Rudra\\Desktop\\flood_extent (1).geojson"},"geometry":{"type":"Polygon","coordinates":[[[91.070154796166449,26.063886377251791],[91.069675617770343,26.066144887614797],[91.05951235074096,26.06445861614025],[91.059033172344854,26.066717126503253],[91.071737256131584,26.068824965846435],[91.071258077735465,26.071083476209441],[91.073798894492811,26.07150504407808],[91.07395862062485,26.070752207290411],[91.079887193058653,26.071735865650563],[91.078769110134402,26.077005723164241],[91.081309926891748,26.077427291032876],[91.081469653023774,26.076674454245207],[91.087398225457576,26.077658112605359],[91.087717677721656,26.076152439030025],[91.088564616640767,26.076292961652907],[91.089043795036872,26.074034451289901],[91.086502978279526,26.073612883421262],[91.086183526015461,26.0751185569966],[91.08533658709635,26.074978034373721],[91.08517686096431,26.07573087116139],[91.080942166368729,26.075028258046995],[91.082060249292979,26.069758400533313],[91.077825554697412,26.069055787418918],[91.077665828565387,26.069808624206587],[91.072584195050695,26.068965488469313],[91.073382825710866,26.065201304530973],[91.072535886791755,26.065060781908095],[91.072695612923795,26.064307945120426],[91.070154796166449,26.063886377251791]]]}},
{"type":"Feature","properties":{"flooded":1,"Risk":"Mediu","layer":"Flood_Medium","path":"C:\\Users\\Rudra\\Desktop\\flood_extent (1).geojson"},"geometry":{"type":"Polygon","coordinates":[[[92.579719402293691,26.312792017646611],[92.578601319369426,26.318061875160289],[92.575213563692955,26.317499784668772],[92.57457465916481,26.320511131819448],[92.571186903488353,26.319949041327934],[92.570707725092248,26.322207551690941],[92.571554664011359,26.322348074313819],[92.571235211747279,26.323853747889153],[92.581398478776663,26.3255400193637],[92.581238752644637,26.326292856151369],[92.583779569401983,26.326714424020004],[92.584418473930128,26.323703076869332],[92.583571535011018,26.323562554246454],[92.583731261143043,26.322809717458785],[92.580343505466587,26.322247626967268],[92.582260219051037,26.313213585515246],[92.579719402293691,26.312792017646611]]]}},
{"type":"Feature","properties":{"flooded":1,"Risk":"Mediu","layer":"Flood_Medium","path":"C:\\Users\\Rudra\\Desktop\\flood_extent (1).geojson"},"geometry":{"type":"Polygon","coordinates":[[[92.256604803973644,26.265416115253984],[92.25548672104938,26.270685972767666],[92.252945904292034,26.270264404899031],[92.252786178159994,26.271017241686696],[92.248551483564427,26.270314628572301],[92.248711209696467,26.269561791784636],[92.245323454019996,26.268999701293119],[92.244205371095745,26.274269558806797],[92.245899248933981,26.274550604052557],[92.245420070537861,26.276809114415563],[92.247960887295207,26.277230682284198],[92.248280339559287,26.275725008708861],[92.250821156316633,26.276146576577499],[92.250980882448673,26.275393739789831],[92.252674760286894,26.275674785035587],[92.252834486418919,26.274921948247918],[92.253681425338044,26.275062470870797],[92.253841151470084,26.274309634083128],[92.255535029308305,26.274590679328885],[92.255854481572385,26.273085005753547],[92.25754835941062,26.273366050999307],[92.25914562073099,26.265837683122623],[92.256604803973644,26.265416115253984]]]}},
{"type":"Feature","properties":{"flooded":1,"Risk":"Mediu","layer":"Flood_Medium","path":"C:\\Users\\Rudra\\Desktop\\flood_extent (1).geojson"},"geometry":{"type":"Polygon","coordinates":[[[91.386077814351637,26.103834359114277],[91.385438909823492,26.106845706264952],[91.387979726580838,26.107267274133591],[91.387820000448798,26.10802011092126],[91.389513878287033,26.108301156167016],[91.389354152154993,26.109053992954685],[91.39274190783145,26.109616083446202],[91.391783551039225,26.114133104172211],[91.390936612120115,26.113992581549329],[91.390776885988089,26.114745418336998],[91.386542191392508,26.114042805222606],[91.386063012996388,26.116301315585613],[91.386909951915499,26.116441838208491],[91.386111321255314,26.120206022146832],[91.382723565578857,26.119643931655315],[91.382404113314792,26.121149605230652],[91.379863296557446,26.120728037362017],[91.379384118161326,26.122986547725024],[91.381077995999561,26.12326759297078],[91.380918269867536,26.124020429758449],[91.381765208786646,26.124160952381327],[91.381445756522567,26.125666625956665],[91.383139634360802,26.125947671202422],[91.382181277568577,26.130464691928431],[91.377099644053885,26.129621556191161],[91.37662046565778,26.131880066554167],[91.380008221334236,26.132442157045681],[91.379848495202197,26.133194993833349],[91.385777067635999,26.134178652193501],[91.386415972164144,26.131167305042826],[91.385569033245034,26.131026782419948],[91.386527390037259,26.126509761693939],[91.387374328956369,26.126650284316817],[91.387534055088409,26.125897447529148],[91.393462627522212,26.1268811058893],[91.393302901390172,26.127633942676969],[91.395843718147518,26.128055510545607],[91.396322896543623,26.125797000182601],[91.392935140867166,26.125234909691084],[91.393094866999206,26.124482072903415],[91.392247928080096,26.124341550280537],[91.392407654212136,26.123588713492868],[91.391560715293025,26.12344819086999],[91.391880167557105,26.121942517294652],[91.39103322863798,26.121801994671774],[91.39215131156223,26.116532137158096],[91.392998250481355,26.116672659780974],[91.39379688114154,26.11290847584263],[91.398031575737107,26.113611088957025],[91.397552397341002,26.115869599320032],[91.398399336260113,26.11601012194291],[91.397760431731953,26.119021469093585],[91.401148187408424,26.119583559585099],[91.401307913540464,26.11883072279743],[91.40469566921692,26.119392813288947],[91.40485539534896,26.118639976501278],[91.405702334268071,26.118780499124156],[91.406341238796216,26.115769151973481],[91.408882055553562,26.11619071984212],[91.409361233949667,26.113932209479117],[91.406820417192321,26.113510641610478],[91.407299595588441,26.111252131247472],[91.404758778831095,26.110830563378837],[91.404599052699055,26.111583400166506],[91.400364358103488,26.11088078705211],[91.400524084235528,26.110127950264442],[91.399677145316403,26.109987427641563],[91.399836871448443,26.109234590853895],[91.394755237933765,26.108391455116621],[91.395074690197831,26.106885781541283],[91.393380812359595,26.106604736295527],[91.393700264623675,26.105099062720189],[91.386077814351637,26.103834359114277]]]}},
{"type":"Feature","properties":{"flooded":1,"Risk":"Mediu","layer":"Flood_Medium","path":"C:\\Users\\Rudra\\Desktop\\flood_extent (1).geojson"},"geometry":{"type":"Polygon","coordinates":[[[92.648273146483078,26.32026964353858],[92.647953694218998,26.321775317113914],[92.645412877461652,26.321353749245279],[92.645093425197587,26.322859422820617],[92.640011791682895,26.322016287083343],[92.639532613286775,26.32427479744635],[92.645461185720592,26.325258455806502],[92.644982007324487,26.327516966169505],[92.645828946243597,26.327657488792383],[92.644870589451372,26.332174509518396],[92.647411406208718,26.332596077387031],[92.646133597152428,26.338618771688378],[92.645286658233317,26.338478249065499],[92.644807479837212,26.340736759428506],[92.649042174432779,26.341439372542901],[92.648403269904634,26.344450719693572],[92.65094408666198,26.344872287562211],[92.651582991190125,26.341860940411539],[92.655817685785706,26.342563553525931],[92.656616316445891,26.338799369587587],[92.654075499688545,26.338377801718952],[92.654394951952611,26.336872128143618],[92.652701074114376,26.336591082897861],[92.6536594309066,26.332074062171849],[92.657894125502182,26.33277667528624],[92.658373303898287,26.330518164923234],[92.657526364979162,26.330377642300355],[92.658165269507307,26.327366295149684],[92.655624452749962,26.326944727281049],[92.655943905014041,26.325439053705711],[92.650862271499363,26.324595917968438],[92.651660902159549,26.320831734030094],[92.648273146483078,26.32026964353858]],[[92.647842276345898,26.326432860462806],[92.652076970941465,26.327135473577201],[92.651278340281294,26.330899657515541],[92.647043645685727,26.330197044401146],[92.647842276345898,26.326432860462806]]]}},
{"type":"Feature","properties":{"flooded":1,"Risk":"Mediu","layer":"Flood_Medium","path":"C:\\Users\\Rudra\\Desktop\\flood_extent (1).geojson"},"geometry":{"type":"Polygon","coordinates":[[[91.100900939904491,26.076001768010205],[91.100581487640426,26.077507441585542],[91.097193731963969,26.076945351094025],[91.097034005831929,26.077698187881694],[91.096187066912805,26.077557665258816],[91.096027340780765,26.078310502046484],[91.091792646185198,26.077607888932089],[91.091153741657052,26.080619236082761],[91.086919047061471,26.079916622968366],[91.086599594797391,26.081422296543703],[91.08236490020181,26.080719683429312],[91.082205174069784,26.08147252021698],[91.075429662716871,26.080348339233947],[91.074790758188726,26.083359686384618],[91.076484636026962,26.083640731630378],[91.076165183762882,26.085146405205716],[91.080399878358449,26.085849018320108],[91.080240152226409,26.086601855107777],[91.082780968983755,26.087023422976415],[91.082940695115795,26.086270586188746],[91.083787634034906,26.086411108811625],[91.083947360166945,26.085658272023956],[91.088182054762527,26.086360885138351],[91.087862602498447,26.087866558713689],[91.090403419255793,26.088288126582324],[91.090882597651913,26.086029616219317],[91.088341780894567,26.085608048350682],[91.089300137686777,26.081091027624673],[91.094381771201469,26.081934163361947],[91.094541497333509,26.081181326574278],[91.09538843625262,26.081321849197156],[91.095548162384659,26.080569012409487],[91.098088979142005,26.080990580278122],[91.098248705274045,26.080237743490454],[91.099095644193156,26.080378266113332],[91.099415096457221,26.078872592537998],[91.103649791052803,26.079575205652393],[91.103809517184843,26.078822368864724],[91.104656456103953,26.078962891487603],[91.105135634500058,26.076704381124596],[91.100900939904491,26.076001768010205]]]}},
{"type":"Feature","properties":{"flooded":1,"Risk":"Mediu","layer":"Flood_Medium","path":"C:\\Users\\Rudra\\Desktop\\flood_extent (1).geojson"},"geometry":{"type":"Polygon","coordinates":[[[92.283067944857166,26.272924186336784],[92.281790135800875,26.278946880638131],[92.283484013639111,26.279227925883887],[92.281886752318741,26.286756293760572],[92.283580630156976,26.287037339006332],[92.283261177892911,26.28854301258167],[92.287495872488478,26.289245625696061],[92.287176420224398,26.290751299271399],[92.289717236981744,26.291172867140038],[92.290196415377864,26.288914356777031],[92.291890293216099,26.289195402022788],[92.292209745480164,26.28768972844745],[92.293903623318386,26.287970773693207],[92.294382801714505,26.2857122633302],[92.290148107118938,26.285009650215809],[92.290467559383004,26.283503976640475],[92.287926742625658,26.283082408771836],[92.288725373285843,26.279318224833492],[92.291266190043189,26.279739792702131],[92.291425916175228,26.278986955914462],[92.292272855094339,26.27912747853734],[92.292432581226379,26.278374641749672],[92.293279520145504,26.27851516437255],[92.293918424673649,26.275503817221878],[92.286295974401611,26.27423911361597],[92.286455700533637,26.273486276828301],[92.283067944857166,26.272924186336784]]]}},
{"type":"Feature","properties":{"flooded":1,"Risk":"Mediu","layer":"Flood_Medium","path":"C:\\Users\\Rudra\\Desktop\\flood_extent (1).geojson"},"geometry":{"type":"Polygon","coordinates":[[[92.130875282066341,26.25468669055336],[92.130555829802276,26.256192364128697],[92.127168074125819,26.25563027363718],[92.126529169597674,26.258641620787852],[92.129916925274131,26.259203711279369],[92.128958568481906,26.263720732005382],[92.125570812805449,26.263158641513865],[92.124931908277304,26.266169988664537],[92.129166602872886,26.266872601778932],[92.129805507401031,26.26386125462826],[92.134040201996598,26.264563867742655],[92.134679106524743,26.26155252059198],[92.138913801120324,26.262255133706375],[92.138274896592179,26.265266480857051],[92.141662652268636,26.265828571348564],[92.141822378400676,26.265075734560895],[92.1426693173198,26.265216257183774],[92.143148495715906,26.262957746820767],[92.142301556796781,26.262817224197889],[92.142461282928821,26.26206438741022],[92.14161434400971,26.261923864787342],[92.142093522405816,26.259665354424339],[92.137858827810234,26.258962741309944],[92.138178280074314,26.257457067734606],[92.135637463316968,26.257035499865971],[92.135797189449008,26.256282663078302],[92.133256372691662,26.255861095209664],[92.133416098823687,26.255108258421995],[92.130875282066341,26.25468669055336]]]}},
{"type":"Feature","properties":{"flooded":1,"Risk":"Mediu","layer":"Flood_Medium","path":"C:\\Users\\Rudra\\Desktop\\flood_extent (1).geojson"},"geometry":{"type":"Polygon","coordinates":[[[92.110180987484583,26.248915114618381],[92.110021261352543,26.24966795140605],[92.108327383514322,26.249386906160293],[92.107848205118216,26.251645416523299],[92.107001266199092,26.251504893900421],[92.106522087802972,26.253763404263427],[92.110756782398553,26.254466017377819],[92.109798425606343,26.258983038103828],[92.108104547768107,26.258701992858072],[92.107944821636067,26.25945482964574],[92.107097882716957,26.259314307022862],[92.106139525924732,26.263831327748871],[92.112068098358534,26.264814986109023],[92.111109741566324,26.269332006835036],[92.11365055832367,26.269753574703675],[92.113810284455695,26.269000737916006],[92.115504162293931,26.269281783161762],[92.115663888425971,26.268528946374094],[92.117357766264206,26.26880999161985],[92.117996670792351,26.265798644469175],[92.119690548630572,26.266079689714932],[92.120489179290757,26.262315505776591],[92.117948362533411,26.261893937907956],[92.118267814797491,26.260388264332619],[92.11657393695927,26.260107219086862],[92.117212841487415,26.257095871936187],[92.113825085810944,26.25653378144467],[92.114623716471129,26.25276959750633],[92.113776777552019,26.252629074883451],[92.113936503684045,26.251876238095782],[92.112242625845809,26.251595192850026],[92.112721804241929,26.249336682487019],[92.110180987484583,26.248915114618381]]]}},
{"type":"Feature","properties":{"flooded":1,"Risk":"Mediu","layer":"Flood_Medium","path":"C:\\Users\\Rudra\\Desktop\\flood_extent (1).geojson"},"geometry":{"type":"Polygon","coordinates":[[[91.484486359294223,26.160687722555775],[91.484326633162183,26.161440559343443],[91.481785816404837,26.161018991474808],[91.481626090272812,26.161771828262477],[91.480779151353701,26.161631305639599],[91.480619425221661,26.162384142427268],[91.478078608464315,26.161962574558629],[91.47727997780413,26.165726758496973],[91.473045283208549,26.165024145382578],[91.471767474152259,26.171046839683925],[91.47600216874784,26.17174945279832],[91.4758424426158,26.172502289585989],[91.479230198292257,26.173064380077506],[91.480188555084482,26.168547359351493],[91.479341616165371,26.168406836728614],[91.480140246825556,26.164642652790274],[91.487762697097594,26.165907356396183],[91.487443244833514,26.16741302997152],[91.490831000509971,26.167975120463037],[91.491469905038116,26.164963773312362],[91.496551538552808,26.165806909049635],[91.497030716948913,26.163548398686629],[91.496183778029803,26.163407876063747],[91.496343504161842,26.162655039276078],[91.484486359294223,26.160687722555775]]]}},
{"type":"Feature","properties":{"flooded":1,"Risk":"Mediu","layer":"Flood_Medium","path":"C:\\Users\\Rudra\\Desktop\\flood_extent (1).geojson"},"geometry":{"type":"Polygon","coordinates":[[[92.691630661683192,26.367989036492947],[92.691470935551152,26.368741873280616],[92.685542363117349,26.367758214920464],[92.685382636985324,26.368511051708133],[92.684535698066199,26.368370529085254],[92.684056519670079,26.370629039448261],[92.689985092103882,26.371612697808413],[92.689026735311671,26.376129718534422],[92.691567552069017,26.37655128640306],[92.691887004333083,26.375045612827726],[92.696968637847775,26.375888748565],[92.696808911715735,26.376641585352665],[92.699349728473081,26.3770631532213],[92.69998863300124,26.374051806070629],[92.696600877324784,26.373489715579112],[92.696760603456809,26.372736878791443],[92.695913664537699,26.372596356168565],[92.696233116801778,26.371090682593227],[92.693692300044432,26.370669114724592],[92.694171478440538,26.368410604361586],[92.691630661683192,26.367989036492947]]]}},
{"type":"Feature","properties":{"flooded":1,"Risk":"Mediu","layer":"Flood_Medium","path":"C:\\Users\\Rudra\\Desktop\\flood_extent (1).geojson"},"geometry":{"type":"Polygon","coordinates":[[[91.52197060328831,26.116250055289452],[91.521331698760164,26.119261402440124],[91.518790882002818,26.118839834571489],[91.518471429738739,26.120345508146826],[91.517624490819614,26.120204985523948],[91.516985586291469,26.123216332674623],[91.516138647372358,26.123075810051741],[91.515819195108278,26.124581483627075],[91.511584500512697,26.123878870512684],[91.511903952776777,26.12237319693735],[91.50851619710032,26.121811106445833],[91.508995375496426,26.119552596082826],[91.505607619819969,26.118990505591309],[91.505128441423864,26.121249015954316],[91.502587624666518,26.120827448085681],[91.502108446270412,26.123085958448684],[91.508883957623326,26.124210139431714],[91.508724231491286,26.124962976219383],[91.510418109329521,26.125244021465143],[91.510258383197481,26.125996858252812],[91.511952261035717,26.126277903498568],[91.510993904243492,26.130794924224581],[91.498289820456762,26.128687084881399],[91.498768998852881,26.126428574518393],[91.497922059933771,26.126288051895511],[91.498241512197836,26.124782378320173],[91.497394573278712,26.124641855697295],[91.497714025542791,26.123136182121957],[91.495173208785445,26.122714614253322],[91.495013482653405,26.123467451040991],[91.488237971300492,26.122343270057961],[91.488717149696598,26.120084759694954],[91.486176332939252,26.119663191826316],[91.486016606807226,26.120416028613985],[91.485169667888101,26.120275505991106],[91.484690489491982,26.122534016354113],[91.475374161381723,26.120988267502444],[91.474894982985617,26.12324677786545],[91.473201105147382,26.122965732619694],[91.473041379015342,26.123718569407362],[91.471347501177121,26.123437524161606],[91.471187775045081,26.124190360949274],[91.46780001936861,26.123628270457758],[91.467001388708439,26.127392454396098],[91.461919755193748,26.126549318658824],[91.461600302929668,26.128054992234162],[91.459906425091447,26.127773946988405],[91.459586972827367,26.129279620563743],[91.458740033908242,26.129139097940865],[91.457941403248071,26.132903281879205],[91.461329158924542,26.133465372370718],[91.460530528264357,26.137229556309062],[91.456295833668776,26.136526943194671],[91.457094464328961,26.132762759256327],[91.453706708652504,26.13220066876481],[91.45418588704861,26.129942158401803],[91.451645070291264,26.129520590533168],[91.450846439631079,26.133284774471509],[91.447458683954622,26.132722683979996],[91.447139231690542,26.134228357555333],[91.445445353852307,26.133947312309576],[91.445125901588241,26.135452985884914],[91.444278962669131,26.135312463262032],[91.444119236537091,26.136065300049701],[91.443272297617966,26.135924777426823],[91.442952845353901,26.137430451002157],[91.44210590643479,26.137289928379278],[91.441467001906631,26.140301275529954],[91.437232307311049,26.139598662415558],[91.437072581179024,26.140351499203227],[91.436225642259913,26.140210976580349],[91.436065916127873,26.140963813368018],[91.434372038289638,26.140682768122261],[91.433573407629453,26.144446952060601],[91.436114224386799,26.144868519929236],[91.436433676650879,26.143362846353899],[91.44151531016557,26.144205982091172],[91.441355584033531,26.144958818878841],[91.442202522952655,26.145099341501719],[91.442042796820616,26.145852178289388],[91.446277491416183,26.146554791403783],[91.444360777831747,26.155588832855805],[91.44012608323618,26.15488621974141],[91.440924713896365,26.15112203580307],[91.438383897139019,26.150700467934435],[91.438224171006979,26.151453304722104],[91.436530293168744,26.151172259476347],[91.434933031848374,26.158700627353031],[91.425616703738115,26.157154878501363],[91.426734786662365,26.151885020987681],[91.423347030985894,26.151322930496164],[91.424465113910159,26.146053072982486],[91.427005930667505,26.146474640851125],[91.42748510906361,26.144216130488118],[91.425791231225389,26.143935085242362],[91.427867670941865,26.134148207002671],[91.429561548780086,26.134429252248427],[91.429881001044166,26.132923578673093],[91.434115695639747,26.133626191787489],[91.434435147903812,26.132120518212151],[91.435282086822923,26.132261040835029],[91.435761265219043,26.130002530472023],[91.433220448461697,26.129580962603384],[91.432900996197617,26.131086636178722],[91.42866630160205,26.13038402306433],[91.429145479998169,26.128125512701324],[91.428298541079045,26.127984990078442],[91.42845826721107,26.127232153290773],[91.425070511534614,26.12667006279926],[91.425230237666653,26.125917226011591],[91.422689420909308,26.125495658142952],[91.422849147041347,26.124742821355284],[91.420308330284001,26.124321253486649],[91.419349973491776,26.128838274212661],[91.414268339977085,26.127995138475388],[91.41490724450523,26.124983791324713],[91.412366427747884,26.124562223456074],[91.413963689068254,26.11703385557939],[91.410575933391797,26.116471765087876],[91.409457850467547,26.121741622601558],[91.408610911548436,26.12160109997868],[91.407812280888251,26.12536528391702],[91.410353097645597,26.125786851785655],[91.409394740853372,26.130303872511668],[91.406006985176901,26.129741782020155],[91.405847259044862,26.13049461880782],[91.40415338120664,26.13021357356206],[91.403674202810535,26.132472083925066],[91.408755836325227,26.13331521966234],[91.407957205665042,26.137079403600683],[91.401181694312115,26.135955222617653],[91.40182059884026,26.132943875466978],[91.399279782082914,26.132522307598339],[91.398960329818848,26.134027981173677],[91.397266451980613,26.13374693592792],[91.395828916792283,26.140522467016936],[91.396675855711408,26.140662989639814],[91.396036951183262,26.14367433679049],[91.40027164577883,26.144376949904885],[91.39979246738271,26.146635460267888],[91.402333284140056,26.147057028136526],[91.403131914800241,26.143292844198186],[91.404825792638476,26.143573889443942],[91.405145244902556,26.142068215868605],[91.410226878417248,26.142911351605878],[91.410067152285208,26.143664188393547],[91.411761030123429,26.143945233639304],[91.410483221067139,26.149967927940651],[91.408789343228918,26.149686882694894],[91.407990712568733,26.153451066633238],[91.411378468245189,26.154013157124751],[91.40946175466074,26.16304719857677],[91.413696449256321,26.163749811691165],[91.413856175388361,26.1629969749035],[91.414703114307471,26.163137497526378],[91.414862840439511,26.162384660738709],[91.417403657196857,26.162806228607348],[91.417563383328897,26.162053391819679],[91.424338894681824,26.163177572802709],[91.424498620813864,26.162424736015041],[91.432968010005013,26.163829962243828],[91.432808283872973,26.164582799031496],[91.433655222792083,26.164723321654378],[91.432696865999858,26.169240342380387],[91.435237682757204,26.169661910249022],[91.43571686115331,26.167403399886016],[91.438257677910656,26.167824967754655],[91.438736856306775,26.165566457391652],[91.441277673064121,26.165988025260287],[91.441597125328187,26.164482351684949],[91.442444064247297,26.164622874307828],[91.442763516511377,26.16311720073249],[91.444457394349612,26.163398245978247],[91.444776846613678,26.161892572402909],[91.445623785532788,26.162033095025791],[91.445783511664828,26.161280258238122],[91.446630450583953,26.161420780861],[91.446949902848033,26.159915107285666],[91.448643780686254,26.160196152531423],[91.449122959082359,26.157937642168417],[91.450816836920595,26.158218687414173],[91.45161546758078,26.154454503475829],[91.45246240649989,26.154595026098711],[91.45262213263193,26.153842189311042],[91.455162949389276,26.154263757179677],[91.455642127785381,26.152005246816675],[91.454795188866271,26.151864724193796],[91.454954914998311,26.151111887406127],[91.454107976079186,26.150971364783249],[91.454906606739371,26.147207180844905],[91.460835179173188,26.148190839205057],[91.460994905305228,26.147438002417388],[91.473698989091957,26.14954584176057],[91.473379536827878,26.151051515335908],[91.475073414666099,26.151332560581665],[91.474913688534059,26.152085397369333],[91.478301444210516,26.15264748786085],[91.478461170342555,26.151894651073182],[91.483542803857247,26.152737786810455],[91.482903899329102,26.15574913396113],[91.485444716086448,26.156170701829765],[91.485764168350514,26.154665028254428],[91.487458046188749,26.154946073500188],[91.488256676848934,26.151181889561848],[91.489950554687169,26.151462934807604],[91.491228363743474,26.145440240506254],[91.494616119419931,26.146002330997771],[91.494775845551956,26.145249494210102],[91.495622784471067,26.14539001683298],[91.495782510603107,26.144637180045315],[91.496629449522231,26.144777702668193],[91.496789175654271,26.144024865880525],[91.498483053492492,26.144305911126281],[91.499281684152677,26.140541727187937],[91.503516378748259,26.141244340302332],[91.502558021956034,26.145761361028345],[91.503404960875145,26.145901883651224],[91.503245234743105,26.146654720438889],[91.505786051500451,26.147076288307527],[91.505626325368425,26.147829125095196],[91.509861019964006,26.148531738209588],[91.510020746096032,26.147778901421919],[91.510867685015143,26.147919424044797],[91.511027411147182,26.147166587257132],[91.514415166823639,26.147728677748649],[91.514574892955679,26.14697584096098],[91.515421831874804,26.147116363583859],[91.516060736402949,26.144105016433183],[91.516907675322059,26.144245539056062],[91.51802575824631,26.138975681542384],[91.522260452841877,26.139678294656779],[91.521781274445772,26.141936805019782],[91.524322091203118,26.14235837288842],[91.524481817335158,26.141605536100755],[91.525328756254282,26.141746058723633],[91.525807934650388,26.139487548360627],[91.524114056812152,26.139206503114867],[91.524752961340297,26.136195155964192],[91.523059083502062,26.135914110718435],[91.523218809634102,26.135161273930766],[91.52067799287677,26.134739706062131],[91.520358540612705,26.136245379637469],[91.515276907098013,26.135402243900195],[91.516235263890223,26.130885223174186],[91.51962301956668,26.131447313665699],[91.52090082862297,26.125424619364349],[91.522594706461206,26.125705664610109],[91.523073884857325,26.123447154247106],[91.52138000701909,26.123166109001346],[91.522178637679275,26.119401925063002],[91.52387251551751,26.119682970308762],[91.524511420045656,26.116671623158091],[91.52197060328831,26.116250055289452]],[[91.492569282413925,26.130855296294797],[91.496803977009506,26.131557909409189],[91.496005346349321,26.135322093347533],[91.49177065175374,26.134619480233141],[91.492569282413925,26.130855296294797]],[[91.483877057476562,26.138765156763785],[91.488111752072143,26.139467769878181],[91.487153395279918,26.14398479060419],[91.484612578522572,26.143563222735555],[91.483654221730362,26.148080243461568],[91.47941952713478,26.147377630347172],[91.480697336191071,26.141354936045825],[91.483238152948417,26.141776503914461],[91.483877057476562,26.138765156763785]]]}},
{"type":"Feature","properties":{"flooded":1,"Risk":"Mediu","layer":"Flood_Medium","path":"C:\\Users\\Rudra\\Desktop\\flood_extent (1).geojson"},"geometry":{"type":"Polygon","coordinates":[[[91.614164630436704,26.189997096978686],[91.613685452040599,26.192255607341693],[91.606063001768561,26.190990903735784],[91.605424097240416,26.194002250886459],[91.609658791835997,26.194704864000851],[91.610137970232103,26.192446353637845],[91.61437266482767,26.19314896675224],[91.613574034167485,26.19691315069058],[91.619502606601287,26.197896809050732],[91.618863702073142,26.200908156201407],[91.620557579911377,26.201189201447164],[91.620078401515272,26.203447711810171],[91.623466157191729,26.204009802301687],[91.623625883323768,26.203256965514019],[91.62786057791935,26.203959578628414],[91.62754112565527,26.205465252203751],[91.630081942412616,26.205886820072386],[91.630241668544656,26.205133983284718],[91.631935546382891,26.205415028530478],[91.632254998646971,26.20390935495514],[91.633948876485192,26.204190400200897],[91.635066959409443,26.198920542687219],[91.640148592924135,26.199763678424492],[91.639988866792095,26.200516515212161],[91.642529683549441,26.200938083080796],[91.64300886194556,26.19867957271779],[91.637080289511758,26.197695914357638],[91.637399741775823,26.1961902407823],[91.634858925018477,26.195768672913665],[91.634220020490332,26.198780020064341],[91.62913838697564,26.197936884327067],[91.628339756315455,26.201701068265407],[91.622411183881653,26.200717409905256],[91.622890362277758,26.198458899542249],[91.620349545520412,26.198037331673611],[91.621148176180597,26.19427314773527],[91.621995115099708,26.194413670358148],[91.622474293495827,26.192155159995142],[91.620780415657592,26.191874114749385],[91.620940141789617,26.191121277961717],[91.614164630436704,26.189997096978686]]]}},
{"type":"Feature","properties":{"flooded":1,"Risk":"Mediu","layer":"Flood_Medium","path":"C:\\Users\\Rudra\\Desktop\\flood_extent (1).geojson"},"geometry":{"type":"Polygon","coordinates":[[[92.22800910672828,26.181179063899222],[92.22784938059624,26.181931900686891],[92.223614686000673,26.181229287572496],[92.223454959868633,26.181982124360164],[92.221761082030397,26.181701079114408],[92.220802725238187,26.186218099840417],[92.21741496956173,26.1856560093489],[92.216776065033585,26.188667356499575],[92.217623003952696,26.188807879122457],[92.217463277820656,26.189560715910126],[92.220004094578002,26.189982283778761],[92.220323546842067,26.188476610203423],[92.224558241437649,26.189179223317819],[92.223759610777464,26.192943407256163],[92.226300427534795,26.193364975124798],[92.225182344610545,26.198634832638476],[92.222641527853213,26.198213264769841],[92.222322075589133,26.199718938345178],[92.221475136670009,26.1995784157223],[92.221315410537983,26.200331252509969],[92.21453989918507,26.199207071526935],[92.21422044692099,26.200712745102269],[92.212526569082755,26.200431699856512],[92.211248760026464,26.206454394157863],[92.210401821107354,26.206313871534984],[92.210242094975314,26.207066708322653],[92.208548217137078,26.206785663076896],[92.207270408080788,26.212808357378243],[92.204729591323442,26.212386789509605],[92.203451782267152,26.218409483810952],[92.193288515237768,26.216723212336404],[92.193607967501833,26.215217538761067],[92.191067150744487,26.214795970892432],[92.190747698480422,26.216301644467769],[92.186513003884855,26.215599031353374],[92.186353277752815,26.216351868141043],[92.182965522076344,26.21578977764953],[92.182326617548199,26.218801124800201],[92.180632739709978,26.218520079554445],[92.180153561313858,26.220778589917447],[92.176765805637402,26.220216499425934],[92.176446353373336,26.221722173001272],[92.173058597696865,26.221160082509755],[92.17241969316872,26.22417142966043],[92.164797242896682,26.222906726054521],[92.164158338368537,26.225918073205193],[92.169239971883229,26.226761208942467],[92.167802436694899,26.233536740031482],[92.163567742099332,26.232834126917087],[92.163727468231357,26.232081290129418],[92.162880529312233,26.23194076750654],[92.163199981576312,26.230435093931206],[92.160659164818966,26.230013526062567],[92.160499438686927,26.230766362850236],[92.159652499767816,26.230625840227358],[92.159492773635776,26.231378677015023],[92.152717262282849,26.230254496031993],[92.152876988414889,26.229501659244328],[92.150336171657557,26.229080091375689],[92.150016719393491,26.230585764951023],[92.144088146959675,26.229602106590871],[92.1442478730917,26.228849269803202],[92.141707056334354,26.228427701934567],[92.141547330202329,26.229180538722236],[92.139853452364108,26.228899493476479],[92.139693726232068,26.229652330264148],[92.13291821487914,26.228528149281114],[92.132439036483035,26.230786659644121],[92.128204341887468,26.230084046529729],[92.128044615755428,26.230836883317398],[92.122962982240736,26.229993747580124],[92.122483803844617,26.232252257943131],[92.124177681682838,26.232533303188887],[92.123538777154693,26.235544650339559],[92.125232654992928,26.235825695585316],[92.125072928860902,26.236578532372985],[92.128460684537359,26.237140622864501],[92.128620410669384,26.236387786076833],[92.132855105264966,26.237090399191228],[92.13269537913294,26.237843235978897],[92.138623951566743,26.238826894339049],[92.137985047038583,26.241838241489724],[92.139678924876819,26.24211928673548],[92.138880294216648,26.245883470673821],[92.140574172054869,26.246164515919578],[92.140254719790789,26.247670189494915],[92.144489414386371,26.24837280260931],[92.144968592782476,26.246114292246304],[92.14242777602513,26.245692724377669],[92.143226406685315,26.241928540439329],[92.144073345604426,26.242069063062207],[92.144233071736465,26.241316226274538],[92.149314705251157,26.242159362011812],[92.148356348458933,26.246676382737821],[92.152591043054514,26.247378995852213],[92.151472960130263,26.252648853365894],[92.15486071580672,26.253210943857411],[92.153902359014495,26.25772796458342],[92.157290114690952,26.258290055074937],[92.156491484030767,26.262054239013281],[92.154797606192545,26.261773193767521],[92.15463788006052,26.262526030555186],[92.152944002222284,26.26224498530943],[92.152145371562099,26.266009169247774],[92.155533127238556,26.26657125973929],[92.154574770446331,26.2710882804653],[92.157962526122802,26.271650370956813],[92.158441704518907,26.26939186059381],[92.156747826680672,26.269110815348053],[92.157546457340857,26.265346631409709],[92.158393396259967,26.265487154032588],[92.159671205316258,26.259464459731241],[92.160518144235382,26.259604982354119],[92.161157048763542,26.256593635203444],[92.164544804439998,26.257155725694961],[92.165023982836104,26.254897215331958],[92.156554593644955,26.253491989103168],[92.1571934981731,26.250480641952493],[92.154652681415755,26.250059074083858],[92.155770764340005,26.244789216570179],[92.152383008663534,26.244227126078663],[92.152542734795574,26.243474289290994],[92.150848856957353,26.243193244045237],[92.151807213749578,26.238676223319224],[92.154348030506924,26.239097791187859],[92.154986935035069,26.236086444037188],[92.160068568549761,26.236929579774461],[92.159749116285681,26.238435253349799],[92.160596055204792,26.238575775972681],[92.160276602940726,26.240081449548015],[92.161123541859837,26.240221972170893],[92.160644363463732,26.2424804825339],[92.163185180221078,26.242902050402535],[92.163824084749223,26.239890703251859],[92.166364901506569,26.240312271120501],[92.166844079902674,26.238053760757495],[92.167691018821799,26.238194283380373],[92.167850744953839,26.237441446592705],[92.16954462279206,26.237722491838461],[92.169864075056125,26.236216818263124],[92.176639586409053,26.237340999246154],[92.177118764805172,26.235082488883148],[92.180506520481629,26.235644579374664],[92.180825972745694,26.23413890579933],[92.181672911664805,26.234279428422209],[92.181832637796845,26.23352659163454],[92.182679576715969,26.233667114257418],[92.183158755112075,26.231408603894412],[92.184005694031185,26.23154912651729],[92.184484872427305,26.229290616154284],[92.188719567022886,26.229993229268679],[92.188879293154912,26.22924039248101],[92.189726232074023,26.229380915103889],[92.189885958206062,26.22862807831622],[92.195814530639865,26.229611736676372],[92.19501589997968,26.233375920614716],[92.192475083222334,26.232954352746081],[92.192155630958268,26.234460026321418],[92.190461753120047,26.234178981075662],[92.190302026988007,26.23493181786333],[92.189455088068883,26.234791295240449],[92.188975909672777,26.237049805603451],[92.190669787511013,26.237330850849212],[92.190030882982867,26.240342197999887],[92.192571699740213,26.240763765868522],[92.191932795212054,26.243775113019197],[92.195320550888511,26.244337203510714],[92.19548027702055,26.243584366723045],[92.198021093777896,26.24400593459168],[92.198180819909936,26.243253097804011],[92.199874697748172,26.243534143049772],[92.200353876144277,26.241275632686765],[92.196119181548696,26.24057301957237],[92.19723726447296,26.235303162058692],[92.203165836906763,26.236286820418844],[92.202846384642683,26.237792493994181],[92.203693323561808,26.23793301661706],[92.202894692901623,26.2416972005554],[92.204588570739844,26.241978245801157],[92.204428844607818,26.242731082588826],[92.211204355960746,26.243855263571859],[92.212002986620917,26.240091079633515],[92.212849925540027,26.240231602256394],[92.213009651672067,26.239478765468728],[92.213856590591192,26.239619288091607],[92.214814947383417,26.235102267365594],[92.215661886302527,26.235242789988472],[92.216300790830672,26.232231442837801],[92.217994668668894,26.232512488083557],[92.218154394800933,26.231759651295889],[92.219001333720058,26.231900173918767],[92.219640238248203,26.228888826768092],[92.223874932843771,26.229591439882487],[92.223555480579691,26.231097113457825],[92.224402419498816,26.231237636080703],[92.22424269336679,26.231990472868372],[92.225936571205011,26.232271518114132],[92.224978214412786,26.236788538840141],[92.223284336574565,26.236507493594381],[92.22280515817846,26.238766003957387],[92.227886791693152,26.239609139694661],[92.227088161032967,26.243373323633001],[92.222853466437385,26.242670710518606],[92.222693740305346,26.243423547306275],[92.22099986246711,26.243142502060518],[92.22084013633507,26.243895338848187],[92.21999319741596,26.243754816225309],[92.219673745151894,26.245260489800646],[92.217132928394548,26.244838921932011],[92.216653749998429,26.247097432295018],[92.212419055402862,26.246394819180622],[92.211460698610651,26.250911839906632],[92.210613759691526,26.250771317283753],[92.210454033559486,26.251524154071422],[92.201137705449227,26.249978405219753],[92.201297431581267,26.249225568432085],[92.198756614823921,26.24880400056345],[92.198596888691881,26.249556837351118],[92.197749949772756,26.249416314728236],[92.197590223640717,26.250169151515905],[92.190814712287803,26.249044970532875],[92.189217450967433,26.256573338409559],[92.190064389886544,26.256713861032438],[92.189265759226359,26.260478044970778],[92.190112698145469,26.260618567593657],[92.189633519749364,26.262877077956663],[92.19217433650671,26.263298645825301],[92.19105625358246,26.26856850333898],[92.192750131420695,26.268849548584736],[92.191312596232365,26.275625079673755],[92.190465657313254,26.275484557050877],[92.190146205049174,26.276990230626211],[92.185911510453593,26.276287617511816],[92.187189319509883,26.270264923210469],[92.186342380590773,26.270124400587591],[92.187141011250958,26.26636021664925],[92.185447133412723,26.266079171403494],[92.185606859544762,26.265326334615825],[92.182219103868306,26.264764244124308],[92.181580199340161,26.26777559127498],[92.175651626906358,26.266791932914828],[92.176929435962649,26.260769238613481],[92.174388619205303,26.260347670744846],[92.174228893073263,26.261100507532515],[92.173381954154138,26.260959984909636],[92.172263871229887,26.266229842423314],[92.16718223771521,26.265386706686041],[92.167501689979275,26.263881033110707],[92.16665475106015,26.263740510487825],[92.16697420332423,26.262234836912487],[92.163586447647774,26.261672746420974],[92.163107269251668,26.263931256783977],[92.163954208170779,26.264071779406855],[92.163634755906699,26.265577452982193],[92.165328633744934,26.265858498227949],[92.165009181480855,26.267364171803287],[92.175172448510239,26.269050443277834],[92.175012722378213,26.269803280065503],[92.175859661297324,26.269943802688381],[92.175220756769178,26.272955149839056],[92.178608512445635,26.273517240330573],[92.17749042952137,26.278787097844251],[92.175796551683149,26.278506052598495],[92.175317373287044,26.280764562961501],[92.170235739772352,26.279921427224227],[92.170555192036417,26.27841575364889],[92.167167436359946,26.277853663157373],[92.167966067020132,26.274089479219029],[92.157802799990762,26.272403207744482],[92.157163895462617,26.275414554895157],[92.158010834381727,26.275555077518035],[92.156573299193397,26.282330608607051],[92.152338604597816,26.281627995492659],[92.15185942620171,26.283886505855666],[92.157787998635527,26.284870164215818],[92.155551832787012,26.295409879243174],[92.158092649544358,26.295831447111809],[92.159210732468608,26.290561589598131],[92.160057671387719,26.290702112221009],[92.160217397519759,26.28994927543334],[92.163605153196215,26.290511365924857],[92.163924605460295,26.289005692349519],[92.170700116813222,26.29012987333255],[92.171179295209328,26.287871362969547],[92.166944600613746,26.287168749855152],[92.167743231273931,26.283404565916808],[92.171130986950388,26.283966656408325],[92.171290713082428,26.283213819620656],[92.172137652001553,26.283354342243534],[92.172457104265618,26.281848668668196],[92.176691798861185,26.282551281782592],[92.176532072729145,26.28330411857026],[92.179919828405616,26.283866209061777],[92.178961471613405,26.28838322978779],[92.181502288370751,26.288804797656425],[92.181662014502791,26.288051960868756],[92.182508953421902,26.288192483491635],[92.182668679553927,26.287439646703966],[92.187750313068619,26.28828278244124],[92.186951682408434,26.29204696637958],[92.18949249916578,26.292468534248219],[92.18981195142986,26.290962860672884],[92.190658890348971,26.291103383295763],[92.191297794877116,26.288092036145088],[92.187063100281534,26.287389423030692],[92.188181183205799,26.282119565517014],[92.19241587780138,26.28282217863141],[92.193374234593591,26.278305157905397],[92.197608929189172,26.279007771019788],[92.196331120132882,26.285030465321139],[92.205647448243141,26.286576214172808],[92.206126626639247,26.284317703809801],[92.207820504477482,26.284598749055558],[92.209258039665812,26.277823217966542],[92.206717222908466,26.277401650097907],[92.205758866116255,26.281918670823917],[92.199830293682453,26.280935012463765],[92.200628924342638,26.277170828525424],[92.199781985423513,26.277030305902546],[92.200580616083684,26.273266121964202],[92.207356127436611,26.274390302947232],[92.208633936492916,26.268367608645885],[92.216256386764954,26.269632312251794],[92.215298029972729,26.274149332977803],[92.212757213215383,26.273727765109168],[92.212278034819278,26.275986275472174],[92.219900485091316,26.277250979078083],[92.21926158056317,26.280262326228758],[92.221802397320516,26.280683894097397],[92.221642671188476,26.281436730885062],[92.224183487945822,26.281858298753697],[92.223225131153598,26.28637531947971],[92.225765947910944,26.286796887348348],[92.225925674042983,26.28604405056068],[92.227619551881205,26.286325095806436],[92.22809873027731,26.28406658544343],[92.225557913519964,26.283645017574791],[92.226516270312189,26.279127996848782],[92.229057087069535,26.279549564717421],[92.22953626546564,26.277291054354414],[92.232077082222986,26.277712622223049],[92.232556260619106,26.275454111860043],[92.229168504942649,26.27489202136853],[92.229328231074675,26.274139184580864],[92.225940475398218,26.273577094089347],[92.226419653794338,26.271318583726341],[92.225572714875213,26.271178061103463],[92.226371345535398,26.267413877165119],[92.23145297905009,26.268257012902392],[92.23129325291805,26.269009849690061],[92.234681008594507,26.269571940181578],[92.234840734726546,26.268819103393909],[92.235687673645671,26.268959626016787],[92.236007125909737,26.267453952441453],[92.239394881586193,26.268016042932967],[92.239874059982299,26.26575753256996],[92.24410875457788,26.266460145684356],[92.24442820684196,26.264954472109018],[92.247815962518416,26.265516562600535],[92.248614593178601,26.261752378662194],[92.253696226693293,26.262595514399464],[92.254175405089399,26.260337004036462],[92.257563160765855,26.260899094527975],[92.258202065294,26.2578877473773],[92.25735512637489,26.257747224754421],[92.25751485250693,26.256994387966753],[92.252433218992238,26.256151252229479],[92.252752671256317,26.254645578654142],[92.249364915579861,26.254083488162628],[92.251601081428376,26.243543773135269],[92.254141898185722,26.243965341003907],[92.254301624317748,26.243212504216238],[92.258536318913315,26.243915117330634],[92.259015497309434,26.241656606967627],[92.253086924875632,26.240672948607475],[92.253885555535817,26.236908764669135],[92.252191677697581,26.236627719423375],[92.252351403829607,26.235874882635706],[92.250657525991386,26.235593837389949],[92.251136704387505,26.233335327026943],[92.247748948711035,26.232773236535426],[92.24790867484306,26.232020399747757],[92.245367858085714,26.231598831879122],[92.245208131953689,26.232351668666791],[92.239279559519886,26.231368010306639],[92.239918464048031,26.228356663155964],[92.239071525128921,26.228216140533085],[92.239231251260961,26.22746330374542],[92.23838431234185,26.227322781122542],[92.238703764605916,26.225817107547204],[92.235316008929445,26.225255017055687],[92.235475735061485,26.224502180268018],[92.234628796142374,26.22436165764514],[92.234788522274414,26.223608820857471],[92.233941583355303,26.223468298234593],[92.234101309487329,26.222715461446924],[92.229866614891748,26.222012848332529],[92.230026341023787,26.22126001154486],[92.225791646428206,26.220557398430465],[92.226750003220431,26.216040377704456],[92.228443881058666,26.216321422950212],[92.229561963982917,26.211051565436531],[92.227868086144682,26.210770520190774],[92.228187538408761,26.20926484661544],[92.223105904894069,26.208421710878167],[92.223904535554254,26.204657526939823],[92.2264453523116,26.205079094808461],[92.227403709103811,26.200562074082452],[92.229097586942046,26.200843119328209],[92.229736491470206,26.197831772177533],[92.231430369308441,26.19811281742329],[92.231749821572507,26.196607143847952],[92.233443699410728,26.196888189093713],[92.233763151674808,26.195382515518375],[92.235457029513043,26.195663560764132],[92.237054290833399,26.188135192887447],[92.232819596237817,26.187432579773052],[92.233777953030042,26.182915559047043],[92.230390197353586,26.182353468555529],[92.230549923485626,26.181600631767861],[92.22800910672828,26.181179063899222]],[[92.216538427932122,26.210449399668686],[92.220773122527703,26.211152012783081],[92.220613396395663,26.21190484957075],[92.22484809099123,26.212607462685146],[92.22468836485919,26.213360299472814],[92.226382242697426,26.213641344718571],[92.225583612037241,26.217405528656915],[92.223889734199005,26.217124483411158],[92.2234105558029,26.219382993774161],[92.210706472016184,26.217275154430975],[92.211984281072475,26.211252460129629],[92.216218975668042,26.211955073244024],[92.216538427932122,26.210449399668686]],[[92.232871808689964,26.232642862309493],[92.237953442204656,26.233485998046767],[92.236835359280406,26.238755855560445],[92.241916992795097,26.239598991297719],[92.242076718927137,26.23884615451005],[92.246311413522704,26.239548767624441],[92.24679059191881,26.237290257261439],[92.251025286514391,26.237992870375834],[92.250226655854206,26.241757054314174],[92.248532778015971,26.241476009068418],[92.248053599619865,26.243734519431424],[92.246359721781644,26.243453474185667],[92.245880543385525,26.24571198454867],[92.241645848789943,26.245009371434275],[92.240687491997733,26.249526392160288],[92.238993614159497,26.249245346914531],[92.238833888027457,26.2499981837022],[92.230364498836309,26.248592957473409],[92.231322855628534,26.244075936747397],[92.233016733466769,26.244356981993153],[92.233495911862875,26.24209847163015],[92.230955095105529,26.241676903761515],[92.232871808689964,26.232642862309493]],[[92.135667066027452,26.232101586923307],[92.139901760623033,26.232804200037702],[92.139103129962848,26.236568383976042],[92.134868435367267,26.235865770861647],[92.135667066027452,26.232101586923307]],[[92.241582739175783,26.253571621344385],[92.248358250528696,26.254695802327415],[92.247240167604431,26.259965659841097],[92.239617717332393,26.258700956235188],[92.238819086672223,26.262465140173529],[92.235431330995766,26.261903049682012],[92.234632700335581,26.265667233620356],[92.229551066820889,26.264824097883082],[92.229710792952915,26.264071261095413],[92.223782220519112,26.263087602735261],[92.224261398915232,26.260829092372255],[92.222567521076996,26.260548047126498],[92.222727247209036,26.259795210338829],[92.22018643045169,26.259373642470194],[92.220505882715756,26.257867968894857],[92.21796506595841,26.257446401026218],[92.218923422750635,26.252929380300209],[92.219770361669759,26.253069902923087],[92.219930087801799,26.252317066135419],[92.222470904559145,26.252738634004057],[92.222790356823211,26.25123296042872],[92.227025051418778,26.251935573543115],[92.226865325286738,26.252688410330784],[92.227712264205863,26.252828932953662],[92.227392811941797,26.254334606529],[92.230780567618254,26.254896697020513],[92.230620841486214,26.255649533808182],[92.232314719324449,26.255930579053942],[92.23215499319241,26.256683415841611],[92.237236626707087,26.257526551578884],[92.238035257367272,26.25376236764054],[92.241423013043743,26.254324458132054],[92.241582739175783,26.253571621344385]],[[92.20658709948691,26.253220573942912],[92.211668733001602,26.254063709680185],[92.211189554605497,26.256322220043188],[92.212036493524607,26.256462742666066],[92.211876767392567,26.257215579453735],[92.213570645230803,26.257496624699492],[92.212931740702658,26.260507971850167],[92.213778679621768,26.260648494473049],[92.212660596697518,26.265918351986727],[92.208425902101951,26.265215738872332],[92.207627271441766,26.268979922810676],[92.201698699007949,26.267996264450524],[92.202018151272014,26.266490590875186],[92.198630395595558,26.265928500383669],[92.199429026255743,26.262164316445325],[92.201969843013089,26.262585884313964],[92.202129569145129,26.261833047526299],[92.202976508064239,26.261973570149177],[92.203455686460345,26.259715059786171],[92.204302625379469,26.259855582409049],[92.205101256039654,26.256091398470705],[92.205948194958765,26.256231921093583],[92.20658709948691,26.253220573942912]],[[92.193485652466705,26.273647614556509],[92.197720347062273,26.274350227670901],[92.196921716402088,26.278114411609241],[92.19268702180652,26.27741179849485],[92.193485652466705,26.273647614556509]],[[92.159593294346848,26.280493666112683],[92.165521866780651,26.281477324472835],[92.164084331592321,26.288252855561851],[92.158155759158518,26.287269197201699],[92.159593294346848,26.280493666112683]]]}},
{"type":"Feature","properties":{"flooded":1,"Risk":"Mediu","layer":"Flood_Medium","path":"C:\\Users\\Rudra\\Desktop\\flood_extent (1).geojson"},"geometry":{"type":"Polygon","coordinates":[[[92.252180780535539,26.290400251869922],[92.251701602139434,26.292658762232929],[92.249160785382088,26.292237194364294],[92.248681606985969,26.294495704727296],[92.252069362662439,26.29505779521881],[92.251909636530399,26.295810632006479],[92.254450453287745,26.296232199875117],[92.253332370363495,26.301502057388799],[92.255873187120841,26.301923625257434],[92.255553734856761,26.303429298832768],[92.257247612694982,26.303710344078528],[92.256129529770732,26.30898020159221],[92.257823407608967,26.309261246837966],[92.257663681476927,26.310014083625635],[92.260204498234273,26.31043565149427],[92.260044772102233,26.311188488281939],[92.262585588859579,26.311610056150577],[92.262106410463474,26.31386856651358],[92.26464722722082,26.314290134382215],[92.265126405616925,26.312031624019212],[92.26343252777869,26.311750578773456],[92.26391170617481,26.309492068410449],[92.260523950498353,26.308929977918933],[92.260683676630393,26.308177141131264],[92.258989798792157,26.307896095885507],[92.259788429452328,26.304131911947163],[92.262329246209674,26.304553479815802],[92.262648698473754,26.303047806240468],[92.266036454150225,26.303609896731981],[92.266196180282265,26.302857059944312],[92.267043119201375,26.30299758256719],[92.26752229759748,26.300739072204184],[92.26667535867837,26.300598549581306],[92.267633715470595,26.296081528855296],[92.265092898713249,26.295659960986661],[92.263974815788984,26.30092981850034],[92.254658487678711,26.299384069648671],[92.255457118338896,26.295619885710327],[92.256304057258006,26.295760408333205],[92.256942961786152,26.292749061182533],[92.254402145028806,26.292327493313898],[92.254721597292885,26.290821819738561],[92.252180780535539,26.290400251869922]]]}},
{"type":"Feature","properties":{"flooded":1,"Risk":"Mediu","layer":"Flood_Medium","path":"C:\\Users\\Rudra\\Desktop\\flood_extent (1).geojson"},"geometry":{"type":"Polygon","coordinates":[[[92.707354740623387,26.368259933341765],[92.707035288359307,26.369765606917102],[92.704494471601961,26.369344039048467],[92.703855567073816,26.372355386199139],[92.702161689235581,26.372074340953379],[92.701682510839476,26.374332851316385],[92.705070266515932,26.374894941807902],[92.704750814251852,26.37640061538324],[92.707291631009198,26.376822183251875],[92.706333274216973,26.381339203977884],[92.707180213136098,26.381479726600766],[92.705902404079808,26.387502420902113],[92.710137098675375,26.388205034016504],[92.71077600320352,26.385193686865833],[92.712469881041756,26.385474732111593],[92.712949059437875,26.383216221748587],[92.709561303761404,26.38265413125707],[92.710359934421575,26.378889947318726],[92.709512995502465,26.378749424695847],[92.710631078426729,26.373479567182169],[92.715712711941421,26.374322702919443],[92.714754355149196,26.378839723645456],[92.716448232987432,26.379120768891212],[92.716128780723366,26.380626442466546],[92.718669597480712,26.381048010335185],[92.719148775876818,26.378789499972182],[92.717454898038582,26.378508454726422],[92.718093802566727,26.375497107575747],[92.716399924728492,26.37521606232999],[92.717198555388677,26.37145187839165],[92.712116921873985,26.370608742654376],[92.712436374138065,26.369103069079038],[92.707354740623387,26.368259933341765]]]}},
{"type":"Feature","properties":{"flooded":1,"Risk":"Mediu","layer":"Flood_Medium","path":"C:\\Users\\Rudra\\Desktop\\flood_extent (1).geojson"},"geometry":{"type":"Polygon","coordinates":[[[92.340630188646529,26.307413637635211],[92.340310736382449,26.308919311210548],[92.336922980705992,26.308357220719035],[92.335006267121557,26.317391262171054],[92.331618511445086,26.316829171679537],[92.330979606916941,26.319840518830212],[92.328438790159609,26.319418950961577],[92.328119337895529,26.320924624536914],[92.326425460057294,26.320643579291154],[92.325946281661189,26.322902089654157],[92.328487098418535,26.323323657522799],[92.327848193890389,26.326335004673471],[92.3286951328095,26.326475527296349],[92.32821595441338,26.328734037659355],[92.330756771170726,26.329155605527991],[92.331874854094991,26.323885748014312],[92.336956487609683,26.324728883751582],[92.337435666005788,26.32247037338858],[92.334894849248442,26.322048805519945],[92.335693479908628,26.318284621581601],[92.337387357746863,26.318565666827357],[92.337706810010928,26.31705999325202],[92.343635382444731,26.318043651612172],[92.343795108576771,26.317290814824506],[92.348876742091463,26.31813395056178],[92.348717015959423,26.318886787349445],[92.351257832716769,26.319308355218084],[92.352375915641034,26.314038497704406],[92.349835098883688,26.313616929835767],[92.349515646619608,26.315122603411105],[92.347821768781372,26.314841558165348],[92.347662042649347,26.315594394953017],[92.340039592377309,26.314329691347105],[92.34099794916952,26.309812670621092],[92.343538765926866,26.310234238489731],[92.344017944322985,26.307975728126728],[92.340630188646529,26.307413637635211]]]}},
{"type":"Feature","properties":{"flooded":1,"Risk":"Mediu","layer":"Flood_Medium","path":"C:\\Users\\Rudra\\Desktop\\flood_extent (1).geojson"},"geometry":{"type":"Polygon","coordinates":[[[92.206382969289152,26.291374280144574],[92.206223243157126,26.292127116932242],[92.201988548561545,26.291424503817851],[92.201509370165425,26.293683014180857],[92.20235630908455,26.293823536803735],[92.202036856820484,26.295329210379069],[92.206271551416052,26.296031823493465],[92.205792373019932,26.298290333856471],[92.208333189777278,26.298711901725106],[92.207055380720988,26.304734596026453],[92.201973747206296,26.303891460289179],[92.202293199470375,26.302385786713842],[92.198905443793919,26.301823696222328],[92.197947087001694,26.306340716948341],[92.203028720516386,26.307183852685611],[92.201910637592135,26.312453710199289],[92.204451454349481,26.312875278067928],[92.205409811141692,26.308358257341919],[92.209644505737259,26.309060870456314],[92.209804231869299,26.308308033668645],[92.214885865383991,26.309151169405919],[92.214566413119911,26.310656842981256],[92.217107229877257,26.311078410849891],[92.217905860537442,26.307314226911547],[92.21282422702275,26.306471091174274],[92.21298395315479,26.305718254386605],[92.211290075316569,26.305437209140848],[92.211609527580649,26.303931535565511],[92.209915649742413,26.303650490319754],[92.210714280402598,26.29988630638141],[92.219183669593747,26.3012915326102],[92.219662847989852,26.299033022247194],[92.217968970151631,26.298751977001437],[92.218128696283671,26.297999140213768],[92.2147409406072,26.297437049722252],[92.21442148834312,26.298942723297589],[92.208492915909318,26.297959064937437],[92.208812368173398,26.2964533913621],[92.207965429254287,26.296312868739221],[92.208923786046498,26.291795848013212],[92.206382969289152,26.291374280144574]]]}},
{"type":"Feature","properties":{"flooded":1,"Risk":"Mediu","layer":"Flood_Medium","path":"C:\\Users\\Rudra\\Desktop\\flood_extent (1).geojson"},"geometry":{"type":"Polygon","coordinates":[[[92.221932520742058,26.304864970252392],[92.221293616213913,26.307876317403064],[92.22468137189037,26.308438407894577],[92.223723015098159,26.31295542862059],[92.222876076179034,26.312814905997712],[92.222396897782914,26.315073416360715],[92.223243836702039,26.315213938983593],[92.222924384437974,26.316719612558931],[92.224618262276195,26.317000657804691],[92.22350017935193,26.322270515318369],[92.226887935028401,26.322832605809882],[92.227207387292481,26.321326932234548],[92.228054326211591,26.321467454857427],[92.229012683003816,26.316950434131414],[92.232400438680273,26.317512524622931],[92.232879617076378,26.315254014259928],[92.230338800319032,26.314832446391289],[92.230817978715137,26.312573936028283],[92.228277161957791,26.312152368159648],[92.228596614221871,26.31064669458431],[92.22690273638365,26.310365649338554],[92.227861093175861,26.305848628612544],[92.221932520742058,26.304864970252392]]]}},
{"type":"Feature","properties":{"flooded":1,"Risk":"Mediu","layer":"Flood_Medium","path":"C:\\Users\\Rudra\\Desktop\\flood_extent (1).geojson"},"geometry":{"type":"Polygon","coordinates":[[[92.741265804291672,26.390252501289474],[92.740946352027606,26.391758174864812],[92.740099413108481,26.391617652241933],[92.738182699524032,26.400651693693952],[92.73310106600934,26.399808557956678],[92.732462161481195,26.402819905107354],[92.736696856076776,26.403522518221749],[92.736537129944736,26.404275355009418],[92.737384068863847,26.404415877632296],[92.736425712071636,26.408932898358305],[92.741507345586328,26.409776034095579],[92.741986523982433,26.407517523732576],[92.741139585063323,26.407377001109694],[92.741459037327402,26.405871327534356],[92.740612098408292,26.405730804911478],[92.741730181332542,26.400460947397796],[92.744270998089888,26.400882515266435],[92.744909902618033,26.397871168115763],[92.743216024779798,26.397590122870003],[92.744493833836088,26.391567428568656],[92.743646894916978,26.391426905945778],[92.743806621049018,26.390674069158109],[92.741265804291672,26.390252501289474]]]}},
{"type":"Feature","properties":{"flooded":1,"Risk":"Mediu","layer":"Flood_Medium","path":"C:\\Users\\Rudra\\Desktop\\flood_extent (1).geojson"},"geometry":{"type":"Polygon","coordinates":[[[91.174658632643713,26.025892453844008],[91.174498906511687,26.026645290631677],[91.172805028673451,26.026364245385917],[91.172325850277332,26.02862275574892],[91.168091155681765,26.027920142634528],[91.168570334077884,26.025661632271525],[91.164335639482303,26.02495901915713],[91.162578652029893,26.033240223821483],[91.160884774191658,26.032959178575723],[91.160245869663513,26.035970525726395],[91.162786686420858,26.036392093595033],[91.163425590949004,26.033380746444362],[91.16596640770635,26.033802314312997],[91.166285859970429,26.032296640737659],[91.167979737808665,26.032577685983419],[91.16861864233681,26.029566338832744],[91.172853336932391,26.030268951947136],[91.171096349479981,26.038550156611489],[91.170249410560857,26.038409633988611],[91.169610506032711,26.041420981139286],[91.164528872518019,26.040577845402012],[91.165167777046165,26.037566498251337],[91.162626960288819,26.037144930382702],[91.160869972836423,26.045426135047055],[91.161716911755548,26.045566657669934],[91.161557185623508,26.046319494457602],[91.162404124542618,26.046460017080481],[91.161445767750394,26.05097703780649],[91.158058012073937,26.050414947314977],[91.157578833677832,26.052673457677983],[91.154191078001361,26.052111367186466],[91.153711899605256,26.054369877549473],[91.149477205009688,26.053667264435077],[91.149317478877649,26.054420101222746],[91.142541967524721,26.053295920239716],[91.143180872052866,26.050284573089041],[91.138946177457299,26.049581959974645],[91.139425355853405,26.047323449611639],[91.136037600176934,26.046761359120126],[91.135718147912868,26.048267032695463],[91.128942636559955,26.047142851712429],[91.129421814956061,26.044884341349423],[91.127727937117825,26.044603296103666],[91.12852656777801,26.040839112165326],[91.126832689939789,26.040558066919569],[91.126992416071829,26.039805230131901],[91.123604660395358,26.039243139640384],[91.123764386527384,26.038490302852715],[91.120376630850927,26.037928212361201],[91.119897452454822,26.040186722724208],[91.122438269212168,26.040608290592843],[91.122278543080128,26.041361127380512],[91.123972420918363,26.041642172626268],[91.123652968654298,26.043147846201606],[91.124499907573409,26.043288368824484],[91.124340181441369,26.044041205612153],[91.126880998198715,26.044462773480788],[91.12608236753853,26.048226957419132],[91.12692930645764,26.04836748004201],[91.126609854193575,26.049873153617348],[91.129150670950921,26.050294721485987],[91.128192314158696,26.054811742211996],[91.121416802805783,26.053687561228962],[91.121736255069848,26.052181887653624],[91.119195438312502,26.051760319784989],[91.118556533784357,26.054771666935665],[91.120250411622578,26.055052712181421],[91.119930959358513,26.056558385756759],[91.125012592873205,26.057401521494032],[91.12421396221302,26.061165705432373],[91.12506090113213,26.061306228055251],[91.12474144886805,26.062811901630589],[91.128976143463632,26.063514514744984],[91.129135869595672,26.062761677957315],[91.129982808514782,26.062902200580194],[91.131100891439047,26.057632343066516],[91.131947830358172,26.057772865689394],[91.132427008754277,26.055514355326387],[91.13835558118808,26.056498013686539],[91.138036128924,26.058003687261877],[91.140576945681346,26.058425255130516],[91.139778315021161,26.062189439068856],[91.138084437182926,26.061908393823099],[91.13760525878682,26.064166904186106],[91.146074647977969,26.065572130414893],[91.145914921845929,26.066324967202561],[91.147608799684164,26.066606012448318],[91.147449073552139,26.067358849235987],[91.148296012471249,26.067499371858869],[91.147976560207169,26.069005045434206],[91.149670438045405,26.069286090679963],[91.14871208125318,26.073803111405972],[91.146171264495834,26.073381543537334],[91.145212907703623,26.077898564263347],[91.140978213108056,26.077195951148955],[91.141776843768241,26.073431767210611],[91.139236027010895,26.073010199341972],[91.13811794408663,26.07828005685565],[91.135577127329285,26.077858488987015],[91.13461877053706,26.082375509713028],[91.133771831617935,26.08223498709015],[91.133612105485909,26.082987823877819],[91.127683533052107,26.082004165517667],[91.127204354655987,26.084262675880669],[91.128898232494222,26.084543721126426],[91.128099601834037,26.08830790506477],[91.123864907238456,26.087605291950375],[91.124344085634576,26.085346781587369],[91.118415513200773,26.084363123227217],[91.119214143860958,26.080598939288876],[91.120908021699179,26.080879984534633],[91.121227473963245,26.079374310959295],[91.123768290720591,26.079795878827934],[91.125046099776881,26.073773184526587],[91.121658344100425,26.07321109403507],[91.120699987308214,26.077728114761079],[91.113924475955301,26.076603933778049],[91.113285571427156,26.079615280928724],[91.116673327103612,26.080177371420241],[91.115555244179347,26.085447228933919],[91.118096060936693,26.085868796802554],[91.117137704144483,26.090385817528563],[91.113749948468026,26.089823727037047],[91.113590222335986,26.090576563824715],[91.111896344497751,26.090295518578959],[91.110937987705526,26.094812539304971],[91.106703293109945,26.094109926190576],[91.10766164990217,26.089592905464563],[91.105120833144824,26.089171337595928],[91.104481928616678,26.092182684746604],[91.102788050778457,26.091901639500847],[91.102628324646417,26.092654476288516],[91.09500587437438,26.091389772682604],[91.09484614824234,26.092142609470272],[91.092305331484994,26.091721041601637],[91.092145605352954,26.092473878389306],[91.086217032919151,26.091490220029154],[91.086057306787126,26.092243056816823],[91.085210367868001,26.092102534193945],[91.084731189471881,26.094361044556948],[91.085578128391006,26.094501567179826],[91.084779497730821,26.09826575111817],[91.08054480313524,26.097563138003775],[91.081023981531359,26.095304627640768],[91.077636225854903,26.094742537149251],[91.077157047458783,26.097001047512258],[91.079697864216129,26.097422615380896],[91.078579781291879,26.102692472894574],[91.082814475887446,26.10339508600897],[91.08233529749134,26.105653596371976],[91.084876114248686,26.106075164240611],[91.085355292644792,26.103816653877605],[91.087049170483027,26.104097699123361],[91.087208896615067,26.103344862335693],[91.088055835534178,26.103485384958571],[91.088215561666203,26.102732548170902],[91.095838011938241,26.103997251776814],[91.09503938127807,26.107761435715158],[91.097580198035416,26.108183003583793],[91.097420471903376,26.108935840371462],[91.105889861094525,26.110341066600252],[91.10620931335859,26.108835393024915],[91.107056252277715,26.108975915647793],[91.10801460906994,26.104458894921784],[91.113943181503743,26.105442553281936],[91.112984824711518,26.109959574007945],[91.114678702549739,26.110240619253702],[91.113720345757528,26.114757639979711],[91.111179529000196,26.114336072111076],[91.111019802868157,26.115088908898745],[91.094927963404956,26.112418979064046],[91.094608511140876,26.113924652639383],[91.09206769438353,26.113503084770745],[91.091907968251505,26.114255921558414],[91.090214090413284,26.113974876312657],[91.089894638149204,26.115480549887994],[91.089047699230093,26.115340027265116],[91.088089342437868,26.119857047991125],[91.086395464599633,26.119576002745369],[91.086076012335567,26.121081676320706],[91.085229073416457,26.120941153697828],[91.084110990492192,26.126211011211506],[91.084957929411303,26.126351533834384],[91.084319024883158,26.12936288098506],[91.086012902721393,26.129643926230816],[91.085853176589353,26.130396763018485],[91.08924093226581,26.130958853510002],[91.088442301605639,26.134723037448342],[91.089289240524749,26.134863560071221],[91.08912951439271,26.135616396858889],[91.08997645331182,26.135756919481768],[91.08981672717978,26.136509756269437],[91.094898360694472,26.13735289200671],[91.095377539090578,26.135094381643704],[91.092836722333232,26.134672813775065],[91.093795079125456,26.130155793049056],[91.096335895882802,26.130577360917695],[91.096974800410948,26.127566013767019],[91.096127861491837,26.127425491144141],[91.097245944416102,26.122155633630463],[91.098939822254337,26.12243667887622],[91.099099548386363,26.121683842088551],[91.10333424298193,26.122386455202946],[91.103014790717864,26.123892128778284],[91.10555560747521,26.124313696646919],[91.106354238135395,26.120549512708578],[91.105507299216285,26.1204089900857],[91.10630592987647,26.116644806147356],[91.112234502310272,26.117628464507508],[91.111435871650087,26.121392648445848],[91.113976688407433,26.12181421631449],[91.114136414539459,26.121061379526822],[91.11837110913504,26.121763992641213],[91.118051656870975,26.123269666216547],[91.123133290385667,26.124112801953821],[91.122813838121587,26.125618475529159],[91.123660777040698,26.125758998152037],[91.123341324776632,26.127264671727374],[91.124188263695743,26.127405194350256],[91.124028537563703,26.128158031137925],[91.128263232159284,26.128860644252317],[91.128103506027244,26.129613481039986],[91.13064432278459,26.130035048908624],[91.13096377504867,26.128529375333287],[91.132657652886891,26.128810420579043],[91.133775735811142,26.123540563065365],[91.134622674730267,26.123681085688244],[91.135101853126386,26.121422575325237],[91.130867158530805,26.120719962210842],[91.13102688466283,26.119967125423173],[91.123404434390793,26.118702421817265],[91.123564160522832,26.117949585029596],[91.116788649169919,26.116825404046565],[91.117587279830104,26.113061220108225],[91.126056669021253,26.114466446337012],[91.127015025813478,26.109949425610999],[91.131249720409059,26.110652038725394],[91.13236780333331,26.105382181211716],[91.134908620090656,26.105803749080355],[91.135068346222695,26.105050912292686],[91.136762224060917,26.105331957538443],[91.137241402457022,26.103073447175436],[91.143169974890824,26.104057105535588],[91.144288057815089,26.09878724802191],[91.14767581349156,26.099349338513427],[91.148634170283771,26.094832317787418],[91.153715803798463,26.095675453524692],[91.153875529930502,26.094922616737023],[91.159804102364305,26.095906275097175],[91.159644376232265,26.096659111884843],[91.162185192989611,26.097080679753478],[91.162344919121651,26.09632784296581],[91.167426552636343,26.097170978703083],[91.167266826504303,26.097923815490752],[91.172348460018995,26.098766951228026],[91.172508186151035,26.098014114440357],[91.173355125070145,26.098154637063235],[91.17415375573033,26.094390453124891],[91.172459877892095,26.094109407879134],[91.17341823468432,26.089592387153125],[91.175112112522555,26.089873432398882],[91.175271838654581,26.089120595611213],[91.176118777573691,26.089261118234091],[91.176597955969811,26.087002607871085],[91.173210200293354,26.086440517379572],[91.17209211736909,26.09171037489325],[91.167857422773508,26.091007761778855],[91.167378244377403,26.093266272141861],[91.165684366539182,26.092985226896104],[91.165205188143076,26.095243737259111],[91.160970493547495,26.094541124144715],[91.16160939807564,26.09152977699404],[91.16076245915653,26.091389254371162],[91.161561089816715,26.087625070432821],[91.158173334140258,26.087062979941305],[91.157374703480073,26.090827163879645],[91.152293069965381,26.089984028142371],[91.153411152889632,26.084714170628693],[91.156798908566088,26.08527626112021],[91.157437813094234,26.082264913969535],[91.154050057417777,26.081702823478018],[91.154209783549817,26.080949986690349],[91.151668966792471,26.080528418821714],[91.152467597452656,26.076764234883374],[91.155855353129112,26.077326325374887],[91.156015079261152,26.076573488587218],[91.161096712775844,26.077416624324492],[91.161895343436029,26.073652440386148],[91.16274228235514,26.073792963009026],[91.162902008487166,26.073040126221361],[91.164595886325401,26.073321171467121],[91.16523479085356,26.070309824316446],[91.163540913015325,26.070028779070686],[91.163700639147351,26.069275942283017],[91.161159822390005,26.068854374414382],[91.160840370125939,26.07036004798972],[91.157452614449483,26.069797957498203],[91.156813709921337,26.072809304648878],[91.151732076406645,26.071966168911601],[91.15253070706683,26.06820198497326],[91.155918462743287,26.068764075464777],[91.157196271799577,26.062741381163431],[91.158043210718702,26.062881903786309],[91.158362662982768,26.061376230210971],[91.160056540820989,26.061657275456728],[91.160216266953029,26.060904438669059],[91.161063205872154,26.061044961291941],[91.161222932004193,26.060292124504272],[91.162916809842415,26.060573169750029],[91.16323626210648,26.059067496174691],[91.167470956702061,26.059770109289087],[91.168589039626326,26.054500251775409],[91.169435978545437,26.054640774398287],[91.169595704677477,26.053887937610618],[91.170442643596587,26.054028460233496],[91.170602369728613,26.053275623445828],[91.175684003243305,26.054118759183101],[91.174246468054974,26.060894290272117],[91.173399529135864,26.060753767649238],[91.172920350739759,26.063012278012245],[91.175461167497104,26.06343384588088],[91.175620893629144,26.062681009093211],[91.17731477146738,26.062962054338968],[91.17747449759942,26.062209217551299],[91.180862253275876,26.062771308042816],[91.181501157804021,26.059759960892144],[91.183195035642257,26.060041006137901],[91.183674214038362,26.057782495774894],[91.188755847553054,26.058625631512168],[91.188915573685094,26.057872794724499],[91.193150268280661,26.058575407838894],[91.192990542148621,26.059328244626563],[91.195531358905967,26.059749812495198],[91.195691085038007,26.058996975707529],[91.198231901795353,26.059418543576168],[91.199190258587578,26.054901522850159],[91.195802502911121,26.054339432358642],[91.195642776779081,26.055092269146307],[91.193948898940846,26.05481122390055],[91.193629446676766,26.056316897475888],[91.188547813162074,26.055473761738615],[91.189026991558194,26.053215251375612],[91.185639235881737,26.052653160884095],[91.185319783617658,26.054158834459429],[91.181932027941201,26.053596743967915],[91.181772301809161,26.054349580755584],[91.175843729375345,26.053365922395432],[91.176961812299609,26.048096064881754],[91.181196506895191,26.04879867799615],[91.181036780763151,26.049551514783818],[91.183577597520497,26.049973082652453],[91.183897049784562,26.048467409077116],[91.185590927622798,26.048748454322872],[91.185910379886877,26.047242780747535],[91.189298135563334,26.047804871239052],[91.189777313959439,26.045546360876049],[91.184695680444747,26.044703225138775],[91.185494311104932,26.040939041200431],[91.186341250024043,26.04107956382331],[91.187619059080333,26.035056869521963],[91.18084354772742,26.033932688538933],[91.18100327385946,26.033179851751264],[91.180156334940335,26.033039329128385],[91.180475787204415,26.031533655553048],[91.178781909366194,26.031252610307291],[91.179101361630259,26.029746936731954],[91.178254422711134,26.029606414109072],[91.17889332723928,26.0265950669584],[91.174658632643713,26.025892453844008]],[[91.172630501186163,26.039584038644918],[91.177712134700855,26.040427174382192],[91.175795421116419,26.049461215834214],[91.16647909300616,26.047915466982545],[91.167277723666345,26.044151283044201],[91.171512418261912,26.044853896158596],[91.172630501186163,26.039584038644918]],[[91.145450544805072,26.056116521094236],[91.14968523940064,26.056819134208627],[91.148247704212309,26.063594665297643],[91.144013009616742,26.062892052183251],[91.145450544805072,26.056116521094236]],[[91.151427425497815,26.06100488601561],[91.155662120093396,26.061707499130005],[91.154863489433211,26.065471683068345],[91.15062879483763,26.06476906995395],[91.151427425497815,26.06100488601561]],[[91.138422594995461,26.089241339751648],[91.142657289591028,26.08994395286604],[91.141858658930843,26.093708136804384],[91.137623964335276,26.093005523689992],[91.138422594995461,26.089241339751648]],[[91.13259063907951,26.096067094513938],[91.140213089351548,26.097331798119846],[91.139254732559337,26.101848818845859],[91.131632282287299,26.100584115239947],[91.13259063907951,26.096067094513938]],[[91.12142070699899,26.094993137204181],[91.126502340513682,26.095836272941455],[91.125703709853497,26.099600456879799],[91.120622076338805,26.098757321142521],[91.12142070699899,26.094993137204181]],[[91.103155811301448,26.094300672486732],[91.10739050589703,26.095003285601123],[91.106272422972779,26.100273143114801],[91.099496911619852,26.099148962131771],[91.100455268412077,26.094631941405762],[91.102996085169423,26.0950535092744],[91.103155811301448,26.094300672486732]],[[91.118289293972424,26.10148762304744],[91.122523988568005,26.102190236161832],[91.122364262435966,26.1029430729495],[91.127445895950657,26.103786208686774],[91.126647265290472,26.107550392625118],[91.117330937180199,26.106004643773453],[91.118289293972424,26.10148762304744]],[[91.097836540685321,26.115239579918569],[91.103765113119124,26.116223238278721],[91.102806756326899,26.12074025900473],[91.096878183893097,26.119756600644578],[91.096239279364951,26.122767947795253],[91.094545401526716,26.122486902549493],[91.094225949262636,26.123992576124831],[91.089991254667055,26.123289963010436],[91.09094961145928,26.118772942284423],[91.092643489297515,26.119053987530183],[91.092803215429555,26.118301150742518],[91.09449709326779,26.118582195988274],[91.095135997795936,26.115570848837599],[91.097676814553282,26.115992416706238],[91.097836540685321,26.115239579918569]]]}},
{"type":"Feature","properties":{"flooded":1,"Risk":"Mediu","layer":"Flood_Medium","path":"C:\\Users\\Rudra\\Desktop\\flood_extent (1).geojson"},"geometry":{"type":"Polygon","coordinates":[[[91.458279561060593,26.160236227807754],[91.458119834928567,26.160989064595423],[91.457272896009442,26.160848541972545],[91.457113169877402,26.161601378760214],[91.456266230958292,26.161460856137332],[91.455627326430147,26.164472203288003],[91.456474265349257,26.164612725910885],[91.455196456292953,26.170635420212232],[91.456043395212077,26.17077594283511],[91.454925312287827,26.176045800348792],[91.454078373368702,26.175905277725914],[91.453279742708517,26.179669461664254],[91.459208315142334,26.180653120024406],[91.457770779954004,26.187428651113422],[91.456923841034879,26.187288128490543],[91.456284936506734,26.190299475641218],[91.457131875425858,26.190439998264097],[91.456812423161779,26.191945671839434],[91.458506301,26.192226717085191],[91.458186848735934,26.193732390660529],[91.464962360088862,26.194856571643559],[91.464004003296637,26.199373592369568],[91.46061624762018,26.198811501878055],[91.460137069224075,26.201070012241061],[91.460984008143186,26.201210534863939],[91.460824282011146,26.201963371651608],[91.464212037687602,26.202525462143122],[91.464371763819642,26.201772625355453],[91.465218702738753,26.201913147978331],[91.465697881134858,26.199654637615325],[91.468238697892204,26.200076205483963],[91.468877602420349,26.197064858333288],[91.465489846743893,26.196502767841771],[91.466448203536117,26.191985747115762],[91.463060447859661,26.191423656624249],[91.463859078519846,26.187659472685908],[91.467246834196303,26.188221563177422],[91.469163547780738,26.1791875217254],[91.470010486699849,26.179328044348278],[91.470649391227994,26.176316697197603],[91.469802452308883,26.176176174574724],[91.470281630705003,26.173917664211718],[91.466046936109436,26.173215051097326],[91.466526114505541,26.170956540734323],[91.465679175586416,26.170816018111442],[91.466477806246601,26.167051834173098],[91.463936989489255,26.166630266304463],[91.46313835882907,26.170394450242807],[91.458056725314378,26.169551314505533],[91.458376177578458,26.168045640930195],[91.457529238659347,26.167905118307317],[91.458327869319518,26.164140934368973],[91.460021747157754,26.16442197961473],[91.460820377817939,26.160657795676389],[91.458279561060593,26.160236227807754]]]}},
{"type":"Feature","properties":{"flooded":1,"Risk":"Mediu","layer":"Flood_Medium","path":"C:\\Users\\Rudra\\Desktop\\flood_extent (1).geojson"},"geometry":{"type":"Polygon","coordinates":[[[91.496536737197573,26.178273865520964],[91.495738106537388,26.182038049459308],[91.496585045456499,26.182178572082186],[91.495466962532234,26.187448429595864],[91.492926145774888,26.187026861727229],[91.492127515114703,26.190791045665573],[91.487892820519136,26.190088432551178],[91.488371998915255,26.187829922188172],[91.487525059996145,26.187689399565294],[91.488643142920395,26.182419542051615],[91.48779620400127,26.182279019428737],[91.48795593013331,26.181526182641068],[91.485415113375964,26.18110461477243],[91.485255387243924,26.181857451560099],[91.484408448324814,26.18171692893722],[91.484248722192774,26.182469765724889],[91.483401783273663,26.182329243102011],[91.483242057141638,26.18308207988968],[91.482395118222513,26.182941557266801],[91.481277035298248,26.188211414780479],[91.479583157460027,26.187930369534719],[91.479423431327987,26.188683206322388],[91.478576492408862,26.188542683699509],[91.478097314012757,26.190801194062512],[91.478944252931882,26.190941716685391],[91.477985896139657,26.195458737411403],[91.480526712897003,26.195880305280042],[91.480846165161083,26.194374631704704],[91.48508085975665,26.1950772448191],[91.48476140749257,26.196582918394437],[91.487302224249916,26.197004486263072],[91.487941128778075,26.193993139112397],[91.488788067697186,26.194133661735275],[91.489107519961252,26.192627988159938],[91.494189153475943,26.193471123897211],[91.494828058004089,26.19045977674654],[91.500756630437905,26.191443435106692],[91.500916356569945,26.190690598319023],[91.505997990084637,26.191533734056296],[91.505039633292412,26.196050754782306],[91.498264121939485,26.194926573799275],[91.498104395807459,26.195679410586944],[91.493869701211878,26.194976797472549],[91.493390522815758,26.197235307835555],[91.495084400653994,26.197516353081316],[91.494285769993809,26.201280537019656],[91.491744953236463,26.200858969151017],[91.491265774840357,26.203117479514024],[91.487031080244776,26.202414866399629],[91.486711627980696,26.203920539974966],[91.485864689061586,26.203780017352088],[91.485225784533441,26.206791364502763],[91.486072723452551,26.206931887125641],[91.484635188264221,26.213707418214657],[91.491410699617148,26.214831599197691],[91.491250973485123,26.21558443598536],[91.494638729161579,26.216146526476873],[91.495277633689724,26.213135179326198],[91.493583755851503,26.212854134080441],[91.495021291039833,26.206078602991425],[91.496715168878055,26.206359648237182],[91.49687489501008,26.205606811449513],[91.497721833929205,26.205747334072392],[91.497881560061245,26.204994497284723],[91.498728498980356,26.205135019907601],[91.49968685577258,26.200617999181592],[91.503921550368162,26.201320612295987],[91.503442371972056,26.20357912265899],[91.505983188729402,26.204000690527629],[91.506302640993468,26.202495016952295],[91.513925091265492,26.203759720558203],[91.514404269661597,26.201501210195197],[91.513557330742486,26.201360687572318],[91.514675413666751,26.19609083005864],[91.516369291504986,26.196371875304397],[91.516848469901092,26.194113364941391],[91.510919897467275,26.193129706581239],[91.511239349731355,26.191624033005901],[91.509545471893134,26.191342987760144],[91.510503828685344,26.186825967034135],[91.51304464544269,26.18724753490277],[91.51352382383881,26.184989024539764],[91.510136068162353,26.184426934048251],[91.510934698822538,26.180662750109907],[91.508393882065192,26.180241182241268],[91.507595251405007,26.184005366179612],[91.505901373566772,26.183724320933855],[91.505102742906587,26.187488504872196],[91.500868048311006,26.1867858917578],[91.501027774443045,26.186033054970132],[91.500180835523935,26.185892532347253],[91.50034056165596,26.185139695559588],[91.49949362273685,26.18499917293671],[91.500451979529075,26.180482152210697],[91.498758101690839,26.18020110696494],[91.499077553954919,26.178695433389603],[91.496536737197573,26.178273865520964]]]}},
{"type":"Feature","properties":{"flooded":1,"Risk":"Mediu","layer":"Flood_Medium","path":"C:\\Users\\Rudra\\Desktop\\flood_extent (1).geojson"},"geometry":{"type":"Polygon","coordinates":[[[91.397110630041794,26.175805348690808],[91.396471725513649,26.17881669584148],[91.395624786594524,26.178676173218602],[91.395465060462485,26.17942901000627],[91.394618121543374,26.179288487383388],[91.394298669279294,26.180794160958726],[91.393451730360184,26.180653638335848],[91.392173921303893,26.186676332637195],[91.387939226708312,26.185973719522799],[91.387460048312207,26.188232229885806],[91.38407229263575,26.187670139394292],[91.38359311423963,26.189928649757299],[91.381899236401395,26.189647604511542],[91.381739510269369,26.190400441299211],[91.379198693512024,26.189978873430569],[91.379038967379984,26.190731710218238],[91.377345089541762,26.190450664972481],[91.377185363409723,26.19120350176015],[91.374644546652377,26.190781933891511],[91.374484820520337,26.19153477067918],[91.371097064843866,26.190972680187667],[91.370937338711826,26.191725516975335],[91.361621010601567,26.190179768123667],[91.361461284469542,26.190932604911335],[91.358920467712196,26.1905110370427],[91.358441289316076,26.192769547405707],[91.359288228235187,26.192910070028585],[91.359128502103161,26.193662906816254],[91.363363196698742,26.194365519930649],[91.363682648962808,26.192859846355312],[91.372998977073067,26.194405595206977],[91.372839250941027,26.195158431994646],[91.377073945536608,26.195861045109041],[91.377233671668648,26.195108208321372],[91.378080610587759,26.19524873094425],[91.378400062851838,26.193743057368913],[91.380093940690074,26.194024102614669],[91.380253666822099,26.193271265827001],[91.386182239255902,26.194254924187153],[91.385862786991837,26.19576059776249],[91.388403603749182,26.196182165631129],[91.388882782145288,26.193923655268122],[91.386341965387942,26.193502087399484],[91.387300322180167,26.188985066673474],[91.393228894613969,26.18996872503363],[91.393069168481929,26.190721561821299],[91.395609985239275,26.191143129689934],[91.39640861589946,26.18737894575159],[91.400643310495042,26.188081558865985],[91.401122488891147,26.185823048502979],[91.398581672133801,26.18540148063434],[91.398741398265841,26.184648643846675],[91.39789445934673,26.184508121223796],[91.399172268403021,26.178485426922446],[91.400019207322131,26.178625949545324],[91.400498385718251,26.176367439182322],[91.397110630041794,26.175805348690808]]]}},
{"type":"Feature","properties":{"flooded":1,"Risk":"Mediu","layer":"Flood_Medium","path":"C:\\Users\\Rudra\\Desktop\\flood_extent (1).geojson"},"geometry":{"type":"Polygon","coordinates":[[[92.298190530366114,26.333883669344043],[92.296912721309823,26.33990636364539],[92.289290271037785,26.338641660039482],[92.29008890169797,26.334877476101138],[92.287548084940624,26.334455908232499],[92.287068906544505,26.336714418595506],[92.284528089787159,26.336292850726871],[92.282930828466803,26.343821218603555],[92.282083889547678,26.343680695980673],[92.280806080491374,26.34970339028202],[92.28334689724872,26.350124958150658],[92.283187171116694,26.350877794938327],[92.286574926793165,26.351439885429844],[92.28673465292519,26.350687048642175],[92.289275469682536,26.35110861651081],[92.289435195814576,26.350355779723142],[92.290282134733687,26.35049630234602],[92.290921039261832,26.347484955195348],[92.290074100342721,26.34734443257247],[92.290233826474761,26.346591595784801],[92.288539948636526,26.346310550539044],[92.288859400900606,26.344804876963707],[92.28631858414326,26.344383309095068],[92.287117214803445,26.340619125156728],[92.293045787237247,26.341602783516876],[92.293365239501313,26.340097109941542],[92.30014075085424,26.341221290924576],[92.30030047698628,26.340468454136907],[92.30114741590539,26.340608976759786],[92.301786320433536,26.33759762960911],[92.300092442595314,26.33731658436335],[92.30073134712346,26.334305237212678],[92.298190530366114,26.333883669344043]]]}},
{"type":"Feature","properties":{"flooded":1,"Risk":"Mediu","layer":"Flood_Medium","path":"C:\\Users\\Rudra\\Desktop\\flood_extent (1).geojson"},"geometry":{"type":"Polygon","coordinates":[[[92.177620552942926,26.302968173999247],[92.177460826810886,26.303721010786916],[92.17492001005354,26.303299442918277],[92.174600557789475,26.304805116493615],[92.173753618870364,26.304664593870736],[92.173274440474245,26.306923104233739],[92.174121379393355,26.307063626856618],[92.17380192712929,26.308569300431955],[92.174648866048415,26.308709823054837],[92.17385023538823,26.312474006993181],[92.173003296469105,26.312333484370299],[92.172524118072999,26.314591994733302],[92.173371056992124,26.314732517356184],[92.172891878596005,26.31699102771919],[92.174585756434226,26.317272072964947],[92.17266904284979,26.326306114416969],[92.174362920688026,26.326587159662726],[92.174203194555986,26.327339996450394],[92.175050133475096,26.327480519073273],[92.174570955078991,26.329739029436276],[92.177958710755448,26.330301119927796],[92.177000353963223,26.334818140653805],[92.179541170720569,26.33523970852244],[92.180818979776859,26.329217014221094],[92.186747552210676,26.330200672581245],[92.186907278342716,26.329447835793577],[92.187754217261826,26.329588358416459],[92.188552847922011,26.325824174478115],[92.187705909002901,26.325683651855233],[92.18802536126698,26.324177978279899],[92.187178422347856,26.32403745565702],[92.187817326876001,26.321026108506345],[92.18612344903778,26.320745063260588],[92.18708180582999,26.316228042534576],[92.194704256102028,26.317492746140484],[92.194384803837963,26.318998419715822],[92.196925620595309,26.31941998758446],[92.197404798991414,26.317161477221457],[92.194863982234068,26.316739909352819],[92.195822339026293,26.312222888626806],[92.191587644430712,26.311520275512414],[92.191268192166632,26.313025949087752],[92.187033497571051,26.312323335973357],[92.187672402099196,26.309311988822682],[92.18513158534185,26.308890420954043],[92.184812133077784,26.310396094529381],[92.178036621724871,26.30927191354635],[92.178835252385056,26.30550772960801],[92.179682191304167,26.305648252230888],[92.180161369700272,26.303389741867882],[92.177620552942926,26.302968173999247]],[[92.182111590188399,26.310727363448414],[92.18634628478398,26.31142997656281],[92.185387927991755,26.315946997288819],[92.18369405015352,26.315665952043059],[92.183055145625374,26.318677299193734],[92.182208206706264,26.318536776570856],[92.182048480574224,26.319289613358524],[92.177813785978643,26.318587000244129],[92.179251321166973,26.311811469155113],[92.181792137924319,26.312233037023752],[92.182111590188399,26.310727363448414]]]}},
{"type":"Feature","properties":{"flooded":1,"Risk":"Mediu","layer":"Flood_Medium","path":"C:\\Users\\Rudra\\Desktop\\flood_extent (1).geojson"},"geometry":{"type":"Polygon","coordinates":[[[92.221694883640609,26.3266470134215],[92.221535157508569,26.327399850209169],[92.220688218589459,26.32725932758629],[92.220209040193353,26.329517837949297],[92.215127406678661,26.32867470221202],[92.215287132810687,26.327921865424354],[92.212746316053341,26.327500297555719],[92.212426863789275,26.329005971131053],[92.207345230274584,26.32816283539378],[92.206866051878464,26.330421345756786],[92.200090540525537,26.329297164773756],[92.200250266657577,26.328544327986087],[92.197709449900231,26.328122760117449],[92.198508080560416,26.324358576179108],[92.195967263803084,26.323937008310473],[92.195488085406978,26.326195518673476],[92.192947268649633,26.325773950804837],[92.192148637989447,26.329538134743181],[92.192995576908558,26.329678657366063],[92.191078863324122,26.338712698818085],[92.19531355791969,26.339415311932477],[92.195473284051715,26.338662475144808],[92.197167161889951,26.338943520390568],[92.19748661415403,26.337437846815231],[92.199180491992266,26.337718892060987],[92.199659670388371,26.335460381697981],[92.203894364983938,26.336162994812376],[92.203415186587833,26.338421505175383],[92.205109064426068,26.338702550421139],[92.204470159897923,26.341713897571815],[92.20785791557438,26.342275988063331],[92.208017641706419,26.341523151275663],[92.209711519544655,26.341804196521419],[92.21019069794076,26.339545686158413],[92.20934375902165,26.339405163535535],[92.209503485153689,26.338652326747866],[92.208656546234565,26.338511804124987],[92.20945517689475,26.334747620186647],[92.215383749328566,26.335731278546799],[92.215543475460592,26.33497844175913],[92.217237353298813,26.335259487004887],[92.217397079430853,26.334506650217218],[92.219090957269088,26.334787695462975],[92.219250683401128,26.334034858675306],[92.220944561239349,26.334315903921066],[92.221104287371389,26.333563067133397],[92.22449204304786,26.334125157624911],[92.224651769179886,26.333372320837242],[92.229733402694578,26.334215456574515],[92.230212581090697,26.331956946211509],[92.228518703252462,26.331675900965752],[92.228838155516527,26.330170227390418],[92.223756522001835,26.329327091653145],[92.224235700397955,26.327068581290138],[92.221694883640609,26.3266470134215]]]}},
{"type":"Feature","properties":{"flooded":1,"Risk":"Mediu","layer":"Flood_Medium","path":"C:\\Users\\Rudra\\Desktop\\flood_extent (1).geojson"},"geometry":{"type":"Polygon","coordinates":[[[91.448198109193825,26.17882632592698],[91.448038383061785,26.179579162714649],[91.440415932789762,26.178314459108737],[91.439617302129577,26.182078643047081],[91.438770363210452,26.181938120424203],[91.437812006418241,26.186455141150212],[91.436965067499131,26.186314618527334],[91.436645615235051,26.187820292102671],[91.43579867631594,26.187679769479793],[91.4356389501839,26.188432606267462],[91.43225119450743,26.187870515775945],[91.432091468375404,26.188623352563614],[91.430397590537183,26.188342307317857],[91.430078138273103,26.189847980893195],[91.429231199353978,26.189707458270316],[91.428432568693793,26.193471642208657],[91.430126446532029,26.193752687454413],[91.429806994267963,26.195258361029751],[91.43319474994442,26.195820451521268],[91.433993380604605,26.192056267582924],[91.437381136281076,26.192618358074437],[91.437860314677181,26.190359847711434],[91.442095009272748,26.19106246082583],[91.441935283140708,26.191815297613498],[91.442782222059833,26.191955820236377],[91.441823865267608,26.196472840962386],[91.440976926348483,26.196332318339508],[91.440338021820338,26.199343665490183],[91.442031899658573,26.199624710735939],[91.440913816734323,26.204894568249617],[91.442607694572544,26.205175613495378],[91.441170159384214,26.211951144584393],[91.435241586950411,26.210967486224241],[91.435401313082451,26.210214649436573],[91.426931923891303,26.208809423207782],[91.427091650023328,26.208056586420113],[91.416928382993945,26.206370314945566],[91.417247835258024,26.204864641370229],[91.413860079581568,26.204302550878715],[91.414019805713608,26.203549714091046],[91.413172866794497,26.203409191468168],[91.413332592926537,26.202656354680503],[91.410791776169191,26.202234786811864],[91.410472323905111,26.203740460387198],[91.409625384985986,26.20359993776432],[91.409465658853946,26.204352774551989],[91.404384025339255,26.203509638814715],[91.40358539467907,26.207273822753059],[91.404432333598194,26.207414345375938],[91.403154524541904,26.213437039677284],[91.40654228021836,26.213999130168801],[91.407181184746506,26.210987783018126],[91.406334245827395,26.210847260395248],[91.40713287648758,26.207083076456907],[91.407979815406691,26.207223599079786],[91.408139541538731,26.206470762292117],[91.414068113972533,26.207454420652269],[91.414227840104573,26.2067015838646],[91.419309473619265,26.207544719601874],[91.418830295223145,26.20980322996488],[91.430687440090765,26.211770546685184],[91.430527713958739,26.212523383472853],[91.433915469635195,26.213085473964366],[91.433596017371116,26.214591147539704],[91.435289895209351,26.214872192785464],[91.435130169077311,26.215625029573129],[91.435977107996422,26.215765552196007],[91.435817381864382,26.216518388983676],[91.437511259702617,26.216799434229433],[91.437351533570592,26.217552271017102],[91.438198472489702,26.21769279363998],[91.437879020225623,26.219198467215318],[91.439572898063844,26.219479512461078],[91.439413171931804,26.220232349248747],[91.441107049770039,26.220513394494503],[91.440947323638014,26.221266231282172],[91.44433507931447,26.221828321773689],[91.444814257710576,26.219569811410683],[91.4456611966297,26.219710334033561],[91.445980648893766,26.218204660458223],[91.446827587812876,26.218345183081102],[91.447147040076956,26.216839509505768],[91.452228673591648,26.217682645243041],[91.453027304251833,26.213918461304697],[91.453874243170944,26.214058983927575],[91.454353421567049,26.211800473564569],[91.452659543728828,26.211519428318812],[91.452978995992908,26.210013754743478],[91.450438179235562,26.209592186874836],[91.449320096311297,26.214862044388518],[91.445085401715716,26.214159431274123],[91.445724306243861,26.211148084123447],[91.444030428405625,26.210867038877691],[91.44514851132989,26.205597181364013],[91.445995450249015,26.205737703986891],[91.44647462864512,26.203479193623885],[91.445627689725995,26.203338671001006],[91.445947141990075,26.201832997425669],[91.442559386313619,26.201270906934155],[91.443837195369909,26.195248212632809],[91.44468413428902,26.195388735255687],[91.445003586553099,26.193883061680349],[91.450085220067791,26.194726197417623],[91.450564398463897,26.19246768705462],[91.445482764949205,26.191624551317346],[91.44580221721327,26.190118877742009],[91.444108339375049,26.189837832496249],[91.444268065507089,26.18908499570858],[91.443421126587978,26.188944473085702],[91.444219757248163,26.185180289147358],[91.44845445184373,26.185882902261753],[91.44861417797577,26.185130065474088],[91.450308055814006,26.185411110719844],[91.450467781946045,26.184658273932175],[91.451314720865156,26.184798796555054],[91.452432803789407,26.179528939041372],[91.448198109193825,26.17882632592698]]]}},
{"type":"Feature","properties":{"flooded":1,"Risk":"Mediu","layer":"Flood_Medium","path":"C:\\Users\\Rudra\\Desktop\\flood_extent (1).geojson"},"geometry":{"type":"Polygon","coordinates":[[[92.904569193742063,26.45943178026798],[92.904409467610023,26.460184617055649],[92.901868650852677,26.459763049187011],[92.899951937268241,26.468797090639033],[92.906727448621155,26.469921271622066],[92.906887174753194,26.469168434834398],[92.90858105259143,26.469449480080154],[92.909539409383655,26.464932459354145],[92.912927165060111,26.465494549845658],[92.913406343456217,26.463236039482652],[92.910865526698871,26.462814471614017],[92.911344705094976,26.460555961251011],[92.904569193742063,26.45943178026798]]]}},
{"type":"Feature","properties":{"flooded":1,"Risk":"Mediu","layer":"Flood_Medium","path":"C:\\Users\\Rudra\\Desktop\\flood_extent (1).geojson"},"geometry":{"type":"Polygon","coordinates":[[[92.802364632727475,26.478323738738297],[92.801566002067304,26.482087922676641],[92.796484368552612,26.481244786939364],[92.796324642420572,26.481997623727032],[92.789549131067645,26.480873442744002],[92.79034776172783,26.477109258805662],[92.787806944970484,26.476687690937023],[92.787327766574364,26.47894620130003],[92.7890216444126,26.479227246545786],[92.788223013752415,26.482991430484127],[92.800927097539144,26.485099269827312],[92.800447919143039,26.487357780190319],[92.80214179698126,26.487638825436076],[92.80070426179293,26.494414356525091],[92.803245078550276,26.494835924393726],[92.804682613738606,26.488060393304711],[92.803835674819496,26.487919870681832],[92.804634305479681,26.484155686743488],[92.80378736656057,26.48401516412061],[92.804905449484821,26.478745306606932],[92.802364632727475,26.478323738738297]]]}},
{"type":"Feature","properties":{"flooded":1,"Risk":"Mediu","layer":"Flood_Medium","path":"C:\\Users\\Rudra\\Desktop\\flood_extent (1).geojson"},"geometry":{"type":"Polygon","coordinates":[[[90.822671015521934,26.17245724902714],[90.822191837125828,26.174715759390146],[90.817110203611136,26.173872623652873],[90.816471299082977,26.176883970803544],[90.815624360163866,26.176743448180666],[90.815304907899801,26.178249121756004],[90.812764091142455,26.177827553887365],[90.81228491274635,26.180086064250371],[90.814825729503696,26.18050763211901],[90.814346551107576,26.182766142482016],[90.817734306784033,26.18332823297353],[90.818532937444218,26.179564049035186],[90.822767632039785,26.180266662149581],[90.822927358171825,26.179513825361912],[90.823774297090949,26.179654347984791],[90.82521183227928,26.172878816895775],[90.822671015521934,26.17245724902714]]]}},
{"type":"Feature","properties":{"flooded":1,"Risk":"Mediu","layer":"Flood_Medium","path":"C:\\Users\\Rudra\\Desktop\\flood_extent (1).geojson"},"geometry":{"type":"Polygon","coordinates":[[[90.795617278369178,26.171865231656238],[90.795457552237139,26.172618068443906],[90.793763674398903,26.17233702319815],[90.793603948266863,26.173089859985815],[90.791910070428642,26.172808814740058],[90.791430892032537,26.175067325103065],[90.792277830951647,26.175207847725943],[90.791159748027397,26.180477705239625],[90.79793525938031,26.181601886222655],[90.798733890040495,26.177837702284311],[90.803815523555187,26.178680838021585],[90.804294701951292,26.176422327658578],[90.79836612951749,26.175438669298426],[90.799005034045635,26.172427322147755],[90.795617278369178,26.171865231656238]]]}},
{"type":"Feature","properties":{"flooded":1,"Risk":"Mediu","layer":"Flood_Medium","path":"C:\\Users\\Rudra\\Desktop\\flood_extent (1).geojson"},"geometry":{"type":"Polygon","coordinates":[[[92.690011606038752,26.48306246926273],[92.688414344718382,26.490590837139415],[92.689261283637492,26.490731359762297],[92.688143200713242,26.496001217275975],[92.690684017470588,26.49642278514461],[92.690364565206508,26.497928458719947],[92.692058443044743,26.498209503965704],[92.691579264648638,26.50046801432871],[92.694967020325095,26.501030104820227],[92.694807294193055,26.501782941607896],[92.702429744465093,26.503047645213805],[92.702589470597133,26.502294808426136],[92.704283348435368,26.502575853671896],[92.704602800699448,26.501070180096558],[92.707143617456794,26.501491747965193],[92.707463069720859,26.499986074389856],[92.70831000863997,26.500126597012734],[92.708789187036075,26.497868086649731],[92.709636125955186,26.49800860927261],[92.709955578219265,26.496502935697272],[92.71080251713839,26.496643458320154],[92.71096224327043,26.495890621532485],[92.712656121108651,26.496171666778242],[92.713135299504756,26.493913156415235],[92.719910810857684,26.495037337398266],[92.720549715385829,26.492025990247594],[92.716315020790248,26.491323377133199],[92.716155294658208,26.492076213920868],[92.70853284438617,26.490811510314956],[92.708373118254144,26.491564347102624],[92.706679240415923,26.491283301856868],[92.706519514283883,26.492036138644536],[92.702284819688302,26.491333525530141],[92.702444545820342,26.490580688742472],[92.698209851224775,26.489878075628077],[92.699168208016985,26.485361054902068],[92.693239635583168,26.484377396541916],[92.693399361715208,26.483624559754247],[92.690011606038752,26.48306246926273]]]}},
{"type":"Feature","properties":{"flooded":1,"Risk":"Mediu","layer":"Flood_Medium","path":"C:\\Users\\Rudra\\Desktop\\flood_extent (1).geojson"},"geometry":{"type":"Polygon","coordinates":[[[92.654967658090968,26.478806715300035],[92.654807931958928,26.479559552087704],[92.653960993039817,26.479419029464825],[92.653801266907777,26.480171866252494],[92.652954327988652,26.480031343629616],[92.652794601856613,26.480784180417285],[92.650253785099267,26.480362612548646],[92.650094058967227,26.481115449336315],[92.649247120048116,26.480974926713436],[92.649087393916091,26.481727763501102],[92.64824045499698,26.481587240878223],[92.64808072886494,26.482340077665892],[92.646386851026705,26.482059032420135],[92.646227124894665,26.482811869207804],[92.645380185975554,26.482671346584926],[92.645220459843515,26.483424183372595],[92.64437352092439,26.483283660749713],[92.644213794792364,26.484036497537382],[92.642519916954143,26.483755452291625],[92.642200464690063,26.485261125866963],[92.639659647932717,26.484839557998328],[92.639020743404572,26.487850905148999],[92.639867682323683,26.487991427771878],[92.639548230059603,26.489497101347215],[92.640395168978728,26.489637623970093],[92.639756264450583,26.492648971120769],[92.640603203369693,26.492789493743647],[92.639804572709508,26.496553677681987],[92.644039267305075,26.497256290796383],[92.644518445701195,26.49499778043338],[92.650447018135011,26.495981438793532],[92.650287292002972,26.496734275581201],[92.652828108760318,26.497155843449836],[92.653946191684568,26.491885985936154],[92.657333947361025,26.492448076427671],[92.657653399625104,26.490942402852333],[92.658500338544215,26.491082925475212],[92.65913924307236,26.48807157832454],[92.659986181991485,26.488212100947418],[92.661263991047775,26.482189406646071],[92.658723174290429,26.481767838777436],[92.659202352686549,26.47950932841443],[92.654967658090968,26.478806715300035]]]}},
{"type":"Feature","properties":{"flooded":1,"Risk":"Mediu","layer":"Flood_Medium","path":"C:\\Users\\Rudra\\Desktop\\flood_extent (1).geojson"},"geometry":{"type":"Polygon","coordinates":[[[92.952607075030159,26.489223612941188],[92.952127896634053,26.491482123304191],[92.953821774472289,26.491763168549948],[92.952703691548038,26.49703302606363],[92.954397569386273,26.49731407130939],[92.953598938726088,26.50107825524773],[92.956139755483434,26.501499823116365],[92.9564592077475,26.499994149541031],[92.961540841262192,26.500837285278301],[92.960263032205901,26.506859979579652],[92.961109971125012,26.50700050220253],[92.959672435936682,26.513776033291546],[92.958825497017571,26.513635510668667],[92.958186592489426,26.516646857819339],[92.959880470327647,26.516927903065096],[92.958442935139317,26.523703434154115],[92.960136812977552,26.523984479399875],[92.959178456185327,26.528501500125884],[92.956637639427981,26.528079932257246],[92.955998734899836,26.531091279407921],[92.95261097922338,26.530529188916407],[92.951652622431169,26.535046209642417],[92.947417927835588,26.534343596528021],[92.947258201703548,26.53509643331569],[92.941329629269745,26.534112774955538],[92.9406907247416,26.537124122106214],[92.939843785822475,26.536983599483335],[92.939364607426356,26.539242109846338],[92.941058485264591,26.539523155092095],[92.940739033000526,26.541028828667432],[92.942432910838761,26.541309873913189],[92.941953732442641,26.543568384276195],[92.945341488119098,26.544130474767712],[92.944542857458927,26.547894658706053],[92.95047142989273,26.548878317066205],[92.94999225149661,26.551136827429211],[92.952533068253956,26.551558395297846],[92.953810877310246,26.545535700996499],[92.954657816229357,26.545676223619381],[92.955456446889542,26.541912039681037],[92.957150324727778,26.542193084926794],[92.957629503123897,26.539934574563791],[92.959323380962132,26.540215619809548],[92.959802559358238,26.537957109446541],[92.964037253953805,26.538659722560936],[92.96323862329362,26.542423906499277],[92.964085562212745,26.542564429122155],[92.963766109948679,26.544070102697493],[92.9654599877869,26.544351147943249],[92.964182178730596,26.550373842244596],[92.978580140355561,26.552762726833539],[92.979059318751681,26.550504216470536],[92.972283807398753,26.549380035487506],[92.975318603907439,26.535076136521802],[92.976165542826564,26.53521665914468],[92.976804447354723,26.532205311994009],[92.973416691678253,26.531643221502492],[92.973895870074358,26.529384711139485],[92.973048931155247,26.529244188516607],[92.973208657287287,26.528491351728938],[92.972361718368177,26.52835082910606],[92.973320075160387,26.523833808380051],[92.972473136241263,26.523693285757172],[92.973431493033488,26.51917626503116],[92.970890676276142,26.518754697162521],[92.971050402408181,26.518001860374856],[92.967662646731725,26.517439769883342],[92.96846127739191,26.513675585944998],[92.967614338472799,26.51353506332212],[92.967774064604825,26.512782226534451],[92.963539370009244,26.512079613420056],[92.964497726801469,26.507562592694047],[92.967038543558814,26.507984160562682],[92.96751772195492,26.505725650199675],[92.973446294388722,26.506709308559827],[92.973765746652802,26.50520363498449],[92.977153502329273,26.505765725476007],[92.977632680725378,26.503507215113004],[92.973397986129797,26.502804601998605],[92.974036890657942,26.499793254847933],[92.973189951738831,26.499652732225055],[92.973509404002911,26.498147058649717],[92.972662465083786,26.498006536026839],[92.972822191215826,26.49725369923917],[92.966893618782024,26.496270040879018],[92.967053344914063,26.49551720409135],[92.964512528156718,26.495095636222711],[92.964352802024678,26.49584847301038],[92.959271168509986,26.49500533727311],[92.959750346906091,26.492746826910103],[92.95890340798698,26.492606304287222],[92.95922286025106,26.491100630711887],[92.955835104574604,26.490538540220374],[92.955994830706629,26.489785703432705],[92.952607075030159,26.489223612941188]]]}},
{"type":"Feature","properties":{"flooded":1,"Risk":"Mediu","layer":"Flood_Medium","path":"C:\\Users\\Rudra\\Desktop\\flood_extent (1).geojson"},"geometry":{"type":"Polygon","coordinates":[[[90.804551044601197,26.18347890399335],[90.804391318469158,26.184231740781019],[90.798462746035355,26.183248082420867],[90.79798356763925,26.185506592783874],[90.799677445477471,26.18578763802963],[90.798399636421181,26.191810332330977],[90.800940453178526,26.192231900199616],[90.800461274782407,26.194490410562622],[90.803002091539753,26.194911978431257],[90.803161817671793,26.194159141643588],[90.805702634429139,26.194580709512227],[90.805862360561179,26.193827872724558],[90.806709299480303,26.193968395347436],[90.807188477876409,26.191709884984434],[90.816504805986668,26.193255633836102],[90.816345079854628,26.194008470623768],[90.817192018773738,26.194148993246646],[90.817032292641713,26.194901830034315],[90.819573109399059,26.19532339790295],[90.819732835531084,26.194570561115281],[90.820579774450209,26.194711083738159],[90.821058952846329,26.192452573375157],[90.817671197169858,26.191890482883643],[90.818310101698003,26.188879135732968],[90.806452956830398,26.186911819012664],[90.807091861358543,26.183900471861989],[90.804551044601197,26.18347890399335]]]}},
{"type":"Feature","properties":{"flooded":1,"Risk":"Mediu","layer":"Flood_Medium","path":"C:\\Users\\Rudra\\Desktop\\flood_extent (1).geojson"},"geometry":{"type":"Polygon","coordinates":[[[90.783329263364394,26.176061131860159],[90.783169537232354,26.176813968647828],[90.782322598313229,26.176673446024949],[90.782162872181189,26.177426282812618],[90.780468994342968,26.177145237566862],[90.780149542078902,26.178650911142199],[90.772527091806865,26.177386207536287],[90.772207639542785,26.178891881111621],[90.767972944947203,26.178189267997229],[90.767653492683138,26.179694941572567],[90.766806553764027,26.179554418949685],[90.766646827631988,26.180307255737354],[90.765799888712877,26.180166733114476],[90.764362353524547,26.186942264203491],[90.762668475686311,26.186661218957735],[90.761869845026126,26.190425402896079],[90.766104539621708,26.191128016010474],[90.764986456697443,26.196397873524152],[90.767527273454789,26.196819441392787],[90.767207821190723,26.198325114968124],[90.77059557686718,26.198887205459641],[90.771074755263285,26.196628695096635],[90.772768633101506,26.196909740342392],[90.773247811497626,26.194651229979385],[90.776635567174097,26.195213320470902],[90.776955019438162,26.193707646895568],[90.777801958357273,26.193848169518446],[90.777961684489313,26.193095332730778],[90.778808623408423,26.193235855353656],[90.778968349540463,26.192483018565987],[90.783203044136044,26.193185631680382],[90.783043318004005,26.193938468468051],[90.785584134761351,26.194360036336686],[90.786063313157456,26.19210152597368],[90.787757190995691,26.19238257121944],[90.788555821655876,26.188618387281096],[90.791096638413222,26.189039955149731],[90.791575816809328,26.186781444786728],[90.788188061132857,26.186219354295211],[90.788986691793042,26.182455170356867],[90.786445875035696,26.182033602488232],[90.785966696639591,26.184292112851239],[90.781732002044023,26.183589499736843],[90.782530632704209,26.179825315798499],[90.785918388380665,26.180387406290016],[90.78655729290881,26.177376059139345],[90.7857103539897,26.177235536516466],[90.78587008012174,26.176482699728798],[90.783329263364394,26.176061131860159]]]}},
{"type":"Feature","properties":{"flooded":1,"Risk":"Mediu","layer":"Flood_Medium","path":"C:\\Users\\Rudra\\Desktop\\flood_extent (1).geojson"},"geometry":{"type":"Polygon","coordinates":[[[92.64360839716791,26.503419507720611],[92.64344867103587,26.504172344508277],[92.636673159682942,26.50304816352525],[92.636193981286837,26.505306673888253],[92.637040920205962,26.505447196511131],[92.636881194073922,26.5062000332988],[92.643656705426835,26.50732421428183],[92.643496979294795,26.508077051069499],[92.644343918213906,26.508217573692377],[92.64418419208188,26.508970410480046],[92.645031131001005,26.509110933102928],[92.644871404868965,26.509863769890597],[92.649106099464532,26.510566383004988],[92.648626921068427,26.512824893367991],[92.656249371340465,26.514089596973903],[92.65656882360453,26.512583923398569],[92.659956579280987,26.513146013890083],[92.660435757677092,26.510887503527076],[92.657048002000636,26.510325413035563],[92.657367454264715,26.508819739460225],[92.656520515345605,26.508679216837347],[92.656680241477645,26.507926380049678],[92.649057791205607,26.506661676443766],[92.649377243469672,26.505156002868432],[92.645989487793216,26.504593912376919],[92.646149213925256,26.50384107558925],[92.64360839716791,26.503419507720611]]]}},
{"type":"Feature","properties":{"flooded":1,"Risk":"Mediu","layer":"Flood_Medium","path":"C:\\Users\\Rudra\\Desktop\\flood_extent (1).geojson"},"geometry":{"type":"Polygon","coordinates":[[[92.017497700195619,26.408888376110898],[92.01733797406358,26.409641212898567],[92.016491035144469,26.409500690275689],[92.016171582880389,26.411006363851026],[92.015324643961264,26.410865841228148],[92.015164917829239,26.411618678015817],[92.013471039991018,26.411337632770056],[92.012193230934713,26.417360327071403],[92.013040169853824,26.417500849694285],[92.012560991457718,26.419759360057292],[92.0167956860533,26.420461973171683],[92.016955412185339,26.419709136384014],[92.01780235110445,26.419849659006893],[92.01796207723649,26.419096822219224],[92.020502893993836,26.419518390087863],[92.022100155314192,26.411990022211178],[92.021253216395081,26.4118494995883],[92.021732394791201,26.409590989225293],[92.017497700195619,26.408888376110898]]]}},
{"type":"Feature","properties":{"flooded":1,"Risk":"Mediu","layer":"Flood_Medium","path":"C:\\Users\\Rudra\\Desktop\\flood_extent (1).geojson"},"geometry":{"type":"Polygon","coordinates":[[[92.214626433958472,26.438478277468125],[92.213987529430327,26.441489624618796],[92.22415079645971,26.443175896093344],[92.221914630611195,26.453715611120703],[92.222761569530306,26.453856133743582],[92.222442117266226,26.455361807318919],[92.227523750780918,26.456204943056193],[92.228482107573143,26.45168792233018],[92.230175985411378,26.451968967575937],[92.230814889939523,26.448957620425265],[92.23420264561598,26.449519710916782],[92.234681824012085,26.447261200553775],[92.231294068335629,26.446699110062259],[92.231932972863788,26.443687762911587],[92.230239095025553,26.44340671766583],[92.230398821157578,26.442653880878161],[92.223623309804665,26.441529699895131],[92.223942762068745,26.440024026319794],[92.214626433958472,26.438478277468125]]]}},
{"type":"Feature","properties":{"flooded":1,"Risk":"Mediu","layer":"Flood_Medium","path":"C:\\Users\\Rudra\\Desktop\\flood_extent (1).geojson"},"geometry":{"type":"Polygon","coordinates":[[[92.052110778006224,26.419307346997822],[92.051631599610118,26.421565857360829],[92.044009149338095,26.42030115375492],[92.04337024480995,26.423312500905592],[92.040829428052604,26.422890933036957],[92.040350249656484,26.425149443399963],[92.041197188575595,26.425289966022842],[92.041037462443569,26.42604280281051],[92.043578279200915,26.426464370679145],[92.043738005332941,26.425711533891477],[92.047125761009397,26.426273624382993],[92.047285487141437,26.425520787595325],[92.05321405957524,26.426504445955477],[92.053533511839319,26.424998772380139],[92.058615145354011,26.425841908117413],[92.059094323750116,26.423583397754406],[92.056553506992771,26.423161829885768],[92.05687295925685,26.421656156310434],[92.05602602033774,26.421515633687555],[92.056185746469765,26.420762796899886],[92.05449186863153,26.42048175165413],[92.05465159476357,26.419728914866461],[92.052110778006224,26.419307346997822]]]}},
{"type":"Feature","properties":{"flooded":1,"Risk":"Mediu","layer":"Flood_Medium","path":"C:\\Users\\Rudra\\Desktop\\flood_extent (1).geojson"},"geometry":{"type":"Polygon","coordinates":[[[92.645863268564867,26.521718412197135],[92.645384090168761,26.523976922560141],[92.643690212330526,26.523695877314385],[92.643530486198486,26.524448714102054],[92.639295791602919,26.523746100987658],[92.639615243866999,26.522240427412321],[92.637074427109653,26.521818859543686],[92.636435522581507,26.524830206694361],[92.635588583662383,26.524689684071479],[92.635109405266263,26.526948194434482],[92.640191038780955,26.527791330171759],[92.640031312648915,26.528544166959424],[92.643419068325386,26.529106257450941],[92.644057972853545,26.526094910300269],[92.649986545287348,26.527078568660421],[92.649826819155308,26.52783140544809],[92.652367635912654,26.528252973316729],[92.652527362044694,26.52750013652906],[92.653374300963804,26.527640659151938],[92.65385347935991,26.525382148788932],[92.647924906926107,26.52439849042878],[92.648404085322213,26.522139980065774],[92.645863268564867,26.521718412197135]]]}},
{"type":"Feature","properties":{"flooded":1,"Risk":"Mediu","layer":"Flood_Medium","path":"C:\\Users\\Rudra\\Desktop\\flood_extent (1).geojson"},"geometry":{"type":"Polygon","coordinates":[[[92.287240345256166,26.45987830973349],[92.286761166860046,26.462136820096493],[92.290995861455627,26.462839433210885],[92.290836135323588,26.463592269998554],[92.294223891000044,26.46415436049007],[92.293744712603939,26.466412870853077],[92.295438590442174,26.466693916098833],[92.295278864310134,26.467446752886502],[92.29697274214837,26.467727798132263],[92.295854659224119,26.472997655645941],[92.29754853706234,26.473278700891697],[92.297229084798261,26.474784374467035],[92.298076023717371,26.474924897089913],[92.297916297585346,26.475677733877582],[92.29876323650447,26.47581825650046],[92.29860351037243,26.476571093288129],[92.301144327129776,26.476992661156768],[92.301463779393842,26.47548698758143],[92.304004596151188,26.475908555450065],[92.304164322283228,26.475155718662396],[92.307552077959684,26.475717809153913],[92.30803125635579,26.473459298790907],[92.307184317436679,26.473318776168028],[92.308142674228904,26.468801755442019],[92.304754918552433,26.468239664950502],[92.305393823080578,26.465228317799827],[92.300312189565886,26.464385182062554],[92.300471915697926,26.463632345274885],[92.295390282183249,26.462789209537611],[92.295550008315288,26.462036372749946],[92.289621435881472,26.461052714389794],[92.289781162013512,26.460299877602125],[92.287240345256166,26.45987830973349]]]}},
{"type":"Feature","properties":{"flooded":1,"Risk":"Mediu","layer":"Flood_Medium","path":"C:\\Users\\Rudra\\Desktop\\flood_extent (1).geojson"},"geometry":{"type":"Polygon","coordinates":[[[90.807638053562044,26.214385287564092],[90.80667969676982,26.218902308290101],[90.803291941093349,26.218340217798584],[90.801375227508913,26.227374259250606],[90.802222166428038,26.227514781873484],[90.801583261899879,26.230526129024156],[90.8032771397381,26.23080717426992],[90.803117413606074,26.231560011057585],[90.80565823036342,26.23198157892622],[90.806776313287671,26.226711721412542],[90.807623252206781,26.22685224403542],[90.808102430602887,26.224593733672414],[90.806408552764665,26.224312688426657],[90.807846087952996,26.217537157337642],[90.810386904710342,26.217958725206277],[90.811025809238501,26.214947378055605],[90.807638053562044,26.214385287564092]]]}},
{"type":"Feature","properties":{"flooded":1,"Risk":"Mediu","layer":"Flood_Medium","path":"C:\\Users\\Rudra\\Desktop\\flood_extent (1).geojson"},"geometry":{"type":"Polygon","coordinates":[[[92.269870696736675,26.463231074200138],[92.269710970604649,26.463983910987807],[92.268017092766428,26.463702865742047],[92.267857366634388,26.464455702529715],[92.266163488796153,26.464174657283959],[92.266003762664113,26.464927494071627],[92.264309884825877,26.464646448825871],[92.263830706429772,26.466904959188874],[92.265524584268007,26.46718600443463],[92.265205132003928,26.468691678009968],[92.266052070923038,26.468832200632846],[92.265892344790998,26.469585037420515],[92.266739283710123,26.469725560043393],[92.265780926917913,26.474242580769403],[92.271709499351715,26.475226239129558],[92.271869225483741,26.474473402341893],[92.273563103321976,26.47475444758765],[92.274202007850135,26.471743100436974],[92.277589763526592,26.472305190928488],[92.278068941922697,26.470046680565481],[92.277222003003573,26.469906157942603],[92.277381729135612,26.469153321154934],[92.275687851297391,26.468872275909177],[92.276167029693497,26.466613765546175],[92.27277927401704,26.466051675054658],[92.27309872628112,26.46454600147932],[92.272251787361995,26.464405478856442],[92.272411513494021,26.463652642068773],[92.269870696736675,26.463231074200138]]]}},
{"type":"Feature","properties":{"flooded":1,"Risk":"Mediu","layer":"Flood_Medium","path":"C:\\Users\\Rudra\\Desktop\\flood_extent (1).geojson"},"geometry":{"type":"Polygon","coordinates":[[[90.676667172008024,26.203565563913859],[90.676187993611904,26.205824074276865],[90.67788187145014,26.206105119522622],[90.677242966921995,26.209116466673297],[90.680630722598451,26.209678557164814],[90.681109900994571,26.207420046801808],[90.687885412347484,26.208544227784838],[90.687725686215444,26.209297064572507],[90.688572625134569,26.209437587195385],[90.688253172870489,26.210943260770723],[90.6891001117896,26.211083783393601],[90.688780659525534,26.212589456968935],[90.689627598444645,26.212729979591813],[90.689467872312605,26.213482816379482],[90.696243383665532,26.214606997362516],[90.696722562061638,26.212348486999513],[90.695028684223402,26.212067441753753],[90.695987041015627,26.20755042102774],[90.69259928533917,26.206988330536227],[90.69275901147121,26.206235493748558],[90.685136561199172,26.204970790142646],[90.684976835067133,26.205723626930315],[90.679895201552441,26.204880491193041],[90.680054927684481,26.204127654405372],[90.676667172008024,26.203565563913859]]]}},
{"type":"Feature","properties":{"flooded":1,"Risk":"Mediu","layer":"Flood_Medium","path":"C:\\Users\\Rudra\\Desktop\\flood_extent (1).geojson"},"geometry":{"type":"Polygon","coordinates":[[[92.198088923002857,26.454438521028983],[92.197929196870817,26.455191357816652],[92.195388380113471,26.454769789948017],[92.194909201717365,26.457028300311023],[92.200837774151182,26.458011958671175],[92.199879417358957,26.462528979397185],[92.197338600601611,26.46210741152855],[92.196859422205506,26.464365921891552],[92.197706361124617,26.464506444514431],[92.197386908860551,26.466012118089768],[92.198233847779662,26.466152640712647],[92.198074121647622,26.466905477500315],[92.199767999485857,26.467186522746076],[92.199608273353817,26.467939359533744],[92.202149090111163,26.468360927402379],[92.203746351431533,26.460832559525695],[92.212215740622682,26.462237785754485],[92.212854645150827,26.45922643860381],[92.211160767312606,26.45894539335805],[92.211639945708711,26.456686882995044],[92.20740525111313,26.455984269880652],[92.207085798849064,26.45748994345599],[92.205391921010829,26.457208898210229],[92.205232194878789,26.457961734997898],[92.200150561364097,26.457118599260625],[92.200629739760203,26.454860088897618],[92.198088923002857,26.454438521028983]]]}},
{"type":"Feature","properties":{"flooded":1,"Risk":"Mediu","layer":"Flood_Medium","path":"C:\\Users\\Rudra\\Desktop\\flood_extent (1).geojson"},"geometry":{"type":"Polygon","coordinates":[[[92.217616826401439,26.461575247916421],[92.217137648005334,26.463833758279428],[92.217984586924445,26.463974280902306],[92.217505408528339,26.466232791265309],[92.221740103123921,26.466935404379704],[92.221420650859841,26.468441077955042],[92.223961467617187,26.468862645823677],[92.223482289221081,26.471121156186683],[92.224329228140192,26.471261678809562],[92.223211145215927,26.47653153632324],[92.227445839811509,26.477234149437635],[92.228084744339654,26.474222802286963],[92.228931683258764,26.474363324909842],[92.229730313918949,26.470599140971498],[92.227189497161604,26.470177573102863],[92.227668675557723,26.467919062739856],[92.226821736638612,26.467778540116974],[92.227141188902678,26.46627286654164],[92.225447311064443,26.465991821295884],[92.225766763328522,26.464486147720546],[92.224072885490301,26.464205102474789],[92.224232611622341,26.463452265687121],[92.21999791702676,26.462749652572725],[92.220157643158785,26.461996815785056],[92.217616826401439,26.461575247916421]]]}},
{"type":"Feature","properties":{"flooded":1,"Risk":"Mediu","layer":"Flood_Medium","path":"C:\\Users\\Rudra\\Desktop\\flood_extent (1).geojson"},"geometry":{"type":"Polygon","coordinates":[[[90.712814401524824,26.215018416834209],[90.711536592468534,26.221041111135555],[90.709842714630298,26.220760065889799],[90.709363536234193,26.223018576252805],[90.713598230829774,26.2237211893672],[90.713119052433655,26.225979699730203],[90.719047624867457,26.226963358090355],[90.719207350999497,26.226210521302686],[90.720054289918622,26.226351043925565],[90.720373742182701,26.224845370350231],[90.721220681101812,26.224985892973109],[90.721540133365878,26.223480219397771],[90.723234011204099,26.223761264643532],[90.724032641864284,26.219997080705188],[90.721491825106952,26.219575512836549],[90.721172372842886,26.221081186411887],[90.71524380040907,26.220097528051735],[90.71620215720128,26.215580507325726],[90.712814401524824,26.215018416834209]]]}},
{"type":"Feature","properties":{"flooded":1,"Risk":"Mediu","layer":"Flood_Medium","path":"C:\\Users\\Rudra\\Desktop\\flood_extent (1).geojson"},"geometry":{"type":"Polygon","coordinates":[[[90.748018075604662,26.218521334009239],[90.747858349472622,26.219274170796908],[90.747011410553512,26.219133648174026],[90.746372506025367,26.222144995324697],[90.748066383863588,26.222426040570458],[90.747108027071363,26.22694306129647],[90.742873332475796,26.226240448182075],[90.743352510871901,26.223981937819069],[90.740811694114555,26.223560369950434],[90.740651967982529,26.224313206738103],[90.738111151225183,26.223891638869464],[90.737312520564998,26.227655822807808],[90.735618642726763,26.227374777562051],[90.735139464330643,26.229633287925054],[90.736833342168879,26.229914333170811],[90.736673616036853,26.23066716995848],[90.738367493875089,26.230948215204236],[90.738048041611009,26.232453888779574],[90.738894980530119,26.232594411402456],[90.73873525439808,26.233347248190125],[90.743816887912772,26.234190383927395],[90.744296066308891,26.231931873564388],[90.747683821985348,26.232493964055905],[90.747843548117373,26.231741127268236],[90.750384364874719,26.232162695136875],[90.751023269402864,26.229151347986203],[90.751870208321975,26.229291870609082],[90.752509112850134,26.226280523458406],[90.753356051769259,26.226421046081285],[90.753515777901285,26.225668209293616],[90.755209655739506,26.225949254539373],[90.755688834135626,26.223690744176366],[90.757382711973861,26.223971789422123],[90.757542438105887,26.223218952634454],[90.758389377024997,26.22335947525734],[90.759028281553157,26.220348128106664],[90.748018075604662,26.218521334009239]]]}},
{"type":"Feature","properties":{"flooded":1,"Risk":"Mediu","layer":"Flood_Medium","path":"C:\\Users\\Rudra\\Desktop\\flood_extent (1).geojson"},"geometry":{"type":"Polygon","coordinates":[[[92.051457072122844,26.43478565061983],[92.051137619858764,26.436291324195167],[92.048596803101418,26.435869756326529],[92.048117624705313,26.438128266689532],[92.050658441462659,26.43854983455817],[92.049540358538394,26.443819692071852],[92.050387297457519,26.44396021469473],[92.049748392929374,26.446971561845402],[92.050595331848484,26.44711208446828],[92.050275879584419,26.448617758043618],[92.051122818503529,26.448758280666496],[92.05080336623945,26.450263954241834],[92.052497244077685,26.450544999487594],[92.052337517945645,26.451297836275263],[92.053184456864756,26.451438358898141],[92.053024730732716,26.45219119568581],[92.056412486409187,26.452753286177323],[92.056252760277161,26.453506122964992],[92.061334393791839,26.454349258702266],[92.061494119923864,26.453596421914597],[92.06403493668121,26.454017989783235],[92.06419466281325,26.453265152995566],[92.067582418489721,26.45382724348708],[92.067742144621761,26.453074406699411],[92.070282961379107,26.45349597456805],[92.070442687511147,26.452743137780381],[92.074677382106714,26.453445750894776],[92.075156560502819,26.45118724053177],[92.074309621583708,26.451046717908888],[92.074469347715748,26.450293881121219],[92.071928530958402,26.449872313252584],[92.071609078694323,26.451377986827922],[92.063986628422285,26.450113283222013],[92.064146354554325,26.449360446434344],[92.059911659958757,26.448657833319949],[92.060710290618943,26.444893649381608],[92.061557229538053,26.445034172004487],[92.061716955670093,26.444281335216818],[92.064257772427439,26.444702903085453],[92.06521612921965,26.440185882359444],[92.058440617866722,26.43906170137641],[92.058280891734697,26.439814538164079],[92.05404619713913,26.439111925049684],[92.054685101667275,26.436100577899012],[92.05383816274815,26.435960055276134],[92.05399788888019,26.435207218488465],[92.051457072122844,26.43478565061983]]]}},
{"type":"Feature","properties":{"flooded":1,"Risk":"Mediu","layer":"Flood_Medium","path":"C:\\Users\\Rudra\\Desktop\\flood_extent (1).geojson"},"geometry":{"type":"Polygon","coordinates":[[[90.729738378551886,26.230295825763118],[90.729578652419846,26.231048662550787],[90.728731713500736,26.230908139927909],[90.728571987368696,26.231660976715578],[90.727725048449585,26.231520454092699],[90.727565322317545,26.232273290880368],[90.726718383398421,26.232132768257486],[90.726558657266395,26.232885605045155],[90.725711718347284,26.232745082422277],[90.72459363542302,26.238014939935955],[90.723746696503909,26.237874417313076],[90.723267518107804,26.240132927676083],[90.724961395946025,26.240413972921839],[90.724641943681945,26.241919646497173],[90.727182760439291,26.242341214365815],[90.727023034307265,26.243094051153481],[90.737186301336649,26.244780322628028],[90.73798493199682,26.241016138689687],[90.73713799307771,26.240875616066809],[90.737297719209749,26.24012277927914],[90.730522207856822,26.238998598296106],[90.732279195309232,26.230717393631753],[90.729738378551886,26.230295825763118]]]}},
{"type":"Feature","properties":{"flooded":1,"Risk":"Mediu","layer":"Flood_Medium","path":"C:\\Users\\Rudra\\Desktop\\flood_extent (1).geojson"},"geometry":{"type":"Polygon","coordinates":[[[90.780937275577045,26.228659259650403],[90.780777549445006,26.229412096438072],[90.77908367160677,26.229131051192311],[90.778764219342705,26.230636724767649],[90.777917280423594,26.230496202144771],[90.77663947136729,26.236518896446118],[90.769017021095252,26.235254192840209],[90.768697568831186,26.236759866415547],[90.767850629912076,26.236619343792668],[90.767371451515956,26.238877854155675],[90.771606146111523,26.23958046727007],[90.770488063187273,26.244850324783748],[90.768794185349051,26.244569279537988],[90.768474733084972,26.246074953113325],[90.767627794165847,26.245934430490447],[90.767308341901781,26.247440104065785],[90.763073647306214,26.246737490951389],[90.76339309957028,26.245231817376052],[90.760005343893823,26.244669726884538],[90.760484522289943,26.242411216521532],[90.757943705532597,26.241989648652893],[90.757464527136477,26.2442481590159],[90.758311466055588,26.244388681638778],[90.757832287659483,26.246647192001785],[90.758679226578593,26.246787714624666],[90.758519500446553,26.247540551412335],[90.759366439365678,26.247681074035214],[90.759206713233652,26.248433910822879],[90.771063858101257,26.250401227543183],[90.772181941025508,26.245131370029505],[90.778957452378435,26.246255551012535],[90.77799909558621,26.250772571738544],[90.778846034505321,26.250913094361422],[90.778526582241255,26.25241876793676],[90.781914337917712,26.252980858428277],[90.781115707257527,26.256745042366621],[90.787891218610454,26.257869223349651],[90.787731492478414,26.25862206013732],[90.79027230923576,26.259043628005955],[90.7904320353678,26.258290791218286],[90.791278974286911,26.258431313841168],[90.791438700418951,26.257678477053499],[90.793132578257186,26.257959522299256],[90.793611756653291,26.25570101193625],[90.78937706205771,26.254998398821854],[90.790335418849935,26.250481378095845],[90.79202929668817,26.250762423341602],[90.792348748952236,26.249256749766264],[90.799971199224274,26.250521453372176],[90.799811473092234,26.251274290159845],[90.801505350930455,26.251555335405602],[90.801345624798429,26.252308172193271],[90.803886441555775,26.252729740061909],[90.80468507221596,26.248965556123565],[90.806378950054196,26.249246601369322],[90.806698402318261,26.247740927793984],[90.807545341237372,26.247881450416862],[90.808024519633477,26.24562294005386],[90.805483702876131,26.245201372185225],[90.805643429008171,26.244448535397556],[90.801408734412604,26.243745922283161],[90.801568460544644,26.242993085495492],[90.799874582706408,26.242712040249735],[90.800513487234554,26.23970069309906],[90.797972670477208,26.239279125230421],[90.797653218213142,26.240784798805759],[90.79257158469845,26.239941663068485],[90.793370215358621,26.236177479130145],[90.795064093196856,26.236458524375902],[90.795543271592976,26.234200014012895],[90.79300245483563,26.23377844614426],[90.792044098043405,26.238295466870269],[90.787809403447824,26.237592853755874],[90.788608034108009,26.233828669817534],[90.784373339512442,26.233126056703139],[90.784533065644482,26.23237321991547],[90.782839187806246,26.232092174669713],[90.783478092334391,26.229080827519038],[90.780937275577045,26.228659259650403]]]}},
{"type":"Feature","properties":{"flooded":1,"Risk":"Mediu","layer":"Flood_Medium","path":"C:\\Users\\Rudra\\Desktop\\flood_extent (1).geojson"},"geometry":{"type":"Polygon","coordinates":[[[90.66171212101753,26.224464396069365],[90.661232942621425,26.226722906432371],[90.659539064783189,26.226441861186615],[90.658740434123004,26.230206045124959],[90.653658800608326,26.229362909387685],[90.653019896080181,26.232374256538357],[90.655560712837513,26.232795824406992],[90.655720438969553,26.232042987619323],[90.660802072484245,26.232886123356597],[90.66000344182406,26.236650307294941],[90.657462625066714,26.236228739426306],[90.657302898934674,26.236981576213974],[90.655609021096453,26.236700530968214],[90.655449294964413,26.237453367755883],[90.652061539287956,26.23689127726437],[90.651422634759811,26.239902624415041],[90.653963451517143,26.240324192283676],[90.654123177649183,26.239571355496007],[90.658357872244764,26.240273968610403],[90.658038419980684,26.24177964218574],[90.66057923673803,26.242201210054375],[90.66105841513415,26.239942699691369],[90.662752292972385,26.240223744937129],[90.662912019104425,26.239470908149464],[90.666299774780882,26.240032998640977],[90.666778953176987,26.237774488277971],[90.664238136419641,26.237352920409336],[90.665196493211866,26.232835899683323],[90.661808737535409,26.232273809191806],[90.662128189799475,26.230768135616472],[90.66128125088035,26.230627612993594],[90.662079881540535,26.22686342905525],[90.66377375937877,26.227144474301006],[90.664252937774876,26.224885963938],[90.66171212101753,26.224464396069365]]]}},
{"type":"Feature","properties":{"flooded":1,"Risk":"Mediu","layer":"Flood_Medium","path":"C:\\Users\\Rudra\\Desktop\\flood_extent (1).geojson"},"geometry":{"type":"Polygon","coordinates":[[[92.923488610740563,26.622335201735627],[92.923009432344443,26.62459371209863],[92.918774737748862,26.623891098984235],[92.918135833220717,26.62690244613491],[92.918982772139842,26.627042968757788],[92.918343867611696,26.63005431590846],[92.920884684369042,26.630475883777102],[92.920405505972937,26.632734394140105],[92.922099383811158,26.633015439385861],[92.921939657679118,26.63376827617353],[92.924480474436464,26.634189844042169],[92.924640200568504,26.6334370072545],[92.92718101732585,26.633858575123135],[92.927660195721955,26.631600064760129],[92.930201012479301,26.632021632628771],[92.930680190875421,26.629763122265764],[92.928139374118075,26.629341554397126],[92.928458826382141,26.627835880821788],[92.925918009624795,26.627414312953153],[92.92655691415294,26.624402965802478],[92.925709975233829,26.624262443179596],[92.926029427497909,26.622756769604262],[92.923488610740563,26.622335201735627]]]}},
{"type":"Feature","properties":{"flooded":1,"Risk":"Mediu","layer":"Flood_Medium","path":"C:\\Users\\Rudra\\Desktop\\flood_extent (1).geojson"},"geometry":{"type":"Polygon","coordinates":[[[92.904376776123911,26.621502214395296],[92.904217049991885,26.622255051182965],[92.900829294315429,26.621692960691448],[92.900669568183389,26.622445797479116],[92.898975690345154,26.62216475223336],[92.898496511949048,26.624423262596366],[92.900190389787284,26.624704307842123],[92.899232032995059,26.629221328568132],[92.901772849752405,26.629642896436771],[92.901613123620365,26.630395733224439],[92.906694757135057,26.631238868961709],[92.906535031003017,26.631991705749378],[92.909075847760363,26.632413273618017],[92.909714752288508,26.629401926467342],[92.907173935531162,26.628980358598703],[92.908132292323387,26.624463337872694],[92.908979231242498,26.624603860495576],[92.909458409638603,26.622345350132569],[92.904376776123911,26.621502214395296]]]}},
{"type":"Feature","properties":{"flooded":1,"Risk":"Mediu","layer":"Flood_Medium","path":"C:\\Users\\Rudra\\Desktop\\flood_extent (1).geojson"},"geometry":{"type":"Polygon","coordinates":[[[90.676990528465296,26.243365466313737],[90.676671076201217,26.244871139889074],[90.67243638160565,26.244168526774679],[90.671637750945479,26.247932710713023],[90.667403056349897,26.247230097598631],[90.667722508613963,26.245724424023294],[90.665181691856617,26.245302856154655],[90.664862239592551,26.246808529729993],[90.663168361754316,26.246527484484236],[90.662529457226157,26.249538831634908],[90.663376396145281,26.249679354257786],[90.662258313221031,26.254949211771468],[90.660564435382796,26.254668166525711],[90.66008525698669,26.256926676888714],[90.65923831806758,26.256786154265836],[90.658439687407395,26.26055033820418],[90.662674382002962,26.261252951318571],[90.662993834267027,26.259747277743234],[90.663840773186152,26.259887800366116],[90.665597760638562,26.251606595701762],[90.664750821719437,26.25146607307888],[90.665549452379622,26.24770188914054],[90.670631085894314,26.248545024877814],[90.670311633630234,26.250050698453148],[90.67200551146847,26.250331743698908],[90.670887428544219,26.255601601212589],[90.673428245301565,26.256023169081224],[90.673907423697671,26.253764658718218],[90.672213545859435,26.253483613472461],[90.6733316287837,26.248213755958783],[90.675025506621935,26.24849480120454],[90.67566441115008,26.245483454053865],[90.679052166826537,26.246045544545382],[90.679531345222642,26.243787034182375],[90.676990528465296,26.243365466313737]]]}},
{"type":"Feature","properties":{"flooded":1,"Risk":"Mediu","layer":"Flood_Medium","path":"C:\\Users\\Rudra\\Desktop\\flood_extent (1).geojson"},"geometry":{"type":"Polygon","coordinates":[[[90.690508044267446,26.229242165247246],[90.690028865871341,26.231500675610253],[90.693416621547797,26.23206276610177],[90.692617990887612,26.235826950040114],[90.693464929806737,26.235967472662992],[90.693145477542672,26.237473146238326],[90.695686294300017,26.237894714106961],[90.694887663639832,26.241658898045305],[90.690652969044251,26.240956284930913],[90.690173790648132,26.24321479529392],[90.689326851729021,26.243074272671038],[90.688847673332916,26.245332783034041],[90.693082367928483,26.246035396148436],[90.691165654344047,26.255069437600458],[90.689471776505826,26.254788392354701],[90.687235610657311,26.265328107382061],[90.688929488495532,26.265609152627817],[90.687971131703307,26.270126173353827],[90.689665009541542,26.270407218599583],[90.689505283409503,26.271160055387252],[90.69373997800507,26.271862668501647],[90.694219156401189,26.269604158138641],[90.691678339643843,26.269182590270006],[90.692636696436054,26.264665569543997],[90.691789757516943,26.264525046921118],[90.691949483648983,26.26377221013345],[90.691102544729873,26.263631687510568],[90.691901175390058,26.259867503572227],[90.696135869985625,26.260570116686623],[90.695976143853585,26.261322953474291],[90.698516960610931,26.261744521342926],[90.69899613900705,26.259486010979924],[90.693067566573248,26.258502352619772],[90.693227292705274,26.257749515832103],[90.692380353786163,26.257608993209221],[90.693178984446348,26.253844809270877],[90.694025923365459,26.253985331893759],[90.694664827893604,26.250973984743087],[90.695511766812714,26.251114507365966],[90.695671492944754,26.250361670578297],[90.700753126459446,26.25120480631557],[90.700433674195381,26.252710479890908],[90.702974490952727,26.253132047759543],[90.703293943216792,26.251626374184205],[90.704987821055028,26.251907419429962],[90.705466999451133,26.249648909066956],[90.703773121612898,26.249367863821199],[90.705050930669202,26.243345169519852],[90.707591747426548,26.243766737388491],[90.707751473558574,26.243013900600822],[90.71029229031592,26.243435468469457],[90.710771468712039,26.24117695810645],[90.704842896278237,26.240193299746299],[90.705002622410277,26.23944046295863],[90.700767927814695,26.238737849844235],[90.701726284606906,26.234220829118225],[90.700032406768685,26.233939783872469],[90.700192132900725,26.2331869470848],[90.694263560466922,26.232203288724648],[90.694742738863027,26.229944778361642],[90.690508044267446,26.229242165247246]]]}},
{"type":"Feature","properties":{"flooded":1,"Risk":"Mediu","layer":"Flood_Medium","path":"C:\\Users\\Rudra\\Desktop\\flood_extent (1).geojson"},"geometry":{"type":"Polygon","coordinates":[[[92.751608318419116,26.597713815852433],[92.751288866155036,26.599219489427771],[92.750441927235926,26.599078966804893],[92.749803022707781,26.602090313955564],[92.747262205950435,26.601668746086929],[92.746623301422289,26.604680093237604],[92.743235545745833,26.604118002746088],[92.742596641217688,26.607129349896763],[92.73582112986476,26.606005168913732],[92.73566140373272,26.606758005701401],[92.732273648056264,26.606195915209884],[92.731634743528119,26.609207262360556],[92.733328621366354,26.609488307606316],[92.732689716838209,26.612499654756991],[92.736924411433776,26.613202267871383],[92.737243863697856,26.611696594296046],[92.738090802616981,26.611837116918924],[92.738569981013086,26.609578606555917],[92.742804675608653,26.610281219670313],[92.743283854004758,26.60802270930731],[92.74751854860034,26.608725322421705],[92.748157453128485,26.60571397527103],[92.750698269885831,26.606135543139665],[92.751656626678056,26.601618522413656],[92.752503565597166,26.601759045036538],[92.752823017861246,26.6002533714612],[92.753669956780357,26.600393894084078],[92.754149135176462,26.598135383721072],[92.751608318419116,26.597713815852433]]]}},
{"type":"Feature","properties":{"flooded":1,"Risk":"Mediu","layer":"Flood_Medium","path":"C:\\Users\\Rudra\\Desktop\\flood_extent (1).geojson"},"geometry":{"type":"Polygon","coordinates":[[[92.908964429887263,26.637070816966904],[92.908644977623183,26.638576490542242],[92.907798038704072,26.638435967919364],[92.907318860307967,26.64069447828237],[92.908165799227078,26.640835000905248],[92.907846346962998,26.642340674480586],[92.909540224801233,26.642621719726343],[92.908901320273088,26.645633066877014],[92.913136014868655,26.64633567999141],[92.91265683647255,26.648594190354416],[92.915197653229896,26.649015758223054],[92.914878200965816,26.650521431798392],[92.918265956642273,26.651083522289905],[92.918425682774313,26.650330685502237],[92.923507316289005,26.65117382123951],[92.92398649468511,26.648915310876504],[92.922292616846889,26.648634265630747],[92.923410699771154,26.643364408117069],[92.920869883013808,26.642942840248431],[92.920550430749728,26.644448513823768],[92.915468797235036,26.643605378086495],[92.916107701763181,26.640594030935819],[92.912719946086725,26.640031940444306],[92.913199124482844,26.6377734300813],[92.908964429887263,26.637070816966904]]]}},
{"type":"Feature","properties":{"flooded":1,"Risk":"Mediu","layer":"Flood_Medium","path":"C:\\Users\\Rudra\\Desktop\\flood_extent (1).geojson"},"geometry":{"type":"Polygon","coordinates":[[[92.844340729384612,26.619334521293336],[92.843542098724427,26.62309870523168],[92.839307404128846,26.622396092117285],[92.839467130260886,26.621643255329616],[92.83692631350354,26.621221687460981],[92.836127682843355,26.624985871399321],[92.836974621762479,26.6251263940222],[92.836016264970254,26.629643414748212],[92.83516932605113,26.629502892125334],[92.834370695390945,26.633267076063674],[92.833523756471834,26.633126553440796],[92.833044578075729,26.635385063803803],[92.834738455913964,26.635666109049559],[92.834578729781924,26.636418945837228],[92.838813424377491,26.637121558951623],[92.839132876641571,26.635615885376286],[92.843367571237152,26.636318498490681],[92.843207845105113,26.63707133527835],[92.845748661862459,26.637492903146985],[92.845429209598379,26.638998576722322],[92.846276148517489,26.639139099345201],[92.845956696253424,26.640644772920538],[92.84849751301077,26.641066340789177],[92.8499350481991,26.634290809700161],[92.844006475765298,26.633307151340009],[92.844964832557508,26.628790130613996],[92.847505649314854,26.629211698482631],[92.847984827710974,26.626953188119625],[92.849678705549195,26.627234233365382],[92.85047733620938,26.623470049427041],[92.847936519452048,26.623048481558406],[92.848415697848154,26.6207899711954],[92.846721820009918,26.620508925949643],[92.846881546141958,26.619756089161974],[92.844340729384612,26.619334521293336]]]}},
{"type":"Feature","properties":{"flooded":1,"Risk":"Mediu","layer":"Flood_Medium","path":"C:\\Users\\Rudra\\Desktop\\flood_extent (1).geojson"},"geometry":{"type":"Polygon","coordinates":[[[90.743326812354624,26.290221426736949],[90.743007360090559,26.291727100312286],[90.742160421171448,26.291586577689408],[90.740403433719038,26.299867782353761],[90.735321800204346,26.299024646616488],[90.734842621808241,26.30128315697949],[90.735689560727351,26.301423679602372],[90.735370108463272,26.30292935317771],[90.736217047382382,26.303069875800588],[90.736057321250343,26.303822712588257],[90.739445076926813,26.30438480307977],[90.740083981454973,26.301373455929095],[90.747706431727011,26.302638159535007],[90.747067527198851,26.305649506685683],[90.753843038551764,26.306773687668713],[90.754322216947884,26.304515177305706],[90.750087522352302,26.303812564191311],[90.751525057540633,26.297037033102296],[90.748984240783301,26.296615465233661],[90.748345336255156,26.299626812384336],[90.744110641659574,26.298924199269941],[90.74586762911197,26.290642994605587],[90.743326812354624,26.290221426736949]]]}},
{"type":"Feature","properties":{"flooded":1,"Risk":"Mediu","layer":"Flood_Medium","path":"C:\\Users\\Rudra\\Desktop\\flood_extent (1).geojson"},"geometry":{"type":"Polygon","coordinates":[[[90.79626789547693,26.292770612431216],[90.795788717080825,26.295029122794219],[90.79663565599995,26.295169645417097],[90.79503839467958,26.302698013293782],[90.800120028194272,26.303541149031055],[90.799481123666126,26.30655249618173],[90.801175001504348,26.306833541427487],[90.800056918580097,26.312103398941165],[90.793281407227184,26.310979217958135],[90.793760585623289,26.308720707595132],[90.792913646704164,26.308580184972254],[90.793073372836204,26.307827348184585],[90.792226433917094,26.307686825561706],[90.792545886181159,26.306181151986369],[90.790005069423813,26.30575958411773],[90.789845343291788,26.306512420905399],[90.788998404372677,26.306371898282521],[90.788519225976557,26.308630408645527],[90.790213103814779,26.308911453891284],[90.789574199286633,26.311922801041955],[90.790421138205758,26.312063323664834],[90.789782233677613,26.315074670815509],[90.790629172596724,26.315215193438391],[90.790469446464684,26.31596803022606],[90.79301026322203,26.316389598094695],[90.79316998935407,26.315636761307026],[90.796557745030526,26.316198851798543],[90.797036923426631,26.313940341435536],[90.803812434779559,26.315064522418567],[90.803652708647533,26.315817359206235],[90.808734342162225,26.316660494943509],[90.808574616030185,26.317413331731178],[90.811115432787531,26.317834899599813],[90.811594611183637,26.315576389236806],[90.807359916588055,26.314873776122411],[90.807839094984175,26.312615265759405],[90.802757461469483,26.311772130022135],[90.803236639865588,26.309513619659132],[90.801542762027367,26.309232574413372],[90.802501118819592,26.304715553687359],[90.800807240981356,26.304434508441602],[90.802404502301712,26.296906140564918],[90.803251441220823,26.297046663187796],[90.803890345748968,26.294035316037125],[90.79626789547693,26.292770612431216]]]}},
{"type":"Feature","properties":{"flooded":1,"Risk":"Mediu","layer":"Flood_Medium","path":"C:\\Users\\Rudra\\Desktop\\flood_extent (1).geojson"},"geometry":{"type":"Polygon","coordinates":[[[90.829380328485058,26.318527364317262],[90.828262245560808,26.32379722183094],[90.824874489884337,26.323235131339427],[90.824075859224152,26.326999315277771],[90.821535042466806,26.326577747409132],[90.821055864070701,26.328836257772139],[90.823596680828047,26.329257825640777],[90.823277228563967,26.330763499216111],[90.827511923159548,26.33146611233051],[90.827831375423628,26.329960438755172],[90.830372192180974,26.330382006623807],[90.831490275105224,26.325112149110126],[90.837418847539027,26.326095807470278],[90.837578573671067,26.325342970682609],[90.838425512590177,26.325483493305487],[90.838904690986283,26.323224982942484],[90.83212917963337,26.322100801959454],[90.832288905765409,26.321347965171785],[90.831441966846285,26.321207442548907],[90.83192114524239,26.318948932185901],[90.829380328485058,26.318527364317262]]]}},
{"type":"Feature","properties":{"flooded":1,"Risk":"Mediu","layer":"Flood_Medium","path":"C:\\Users\\Rudra\\Desktop\\flood_extent (1).geojson"},"geometry":{"type":"Polygon","coordinates":[[[93.038197029537315,26.685010364785374],[93.038037303405275,26.685763201573042],[93.032955669890583,26.684920065835769],[93.032476491494478,26.687178576198775],[93.03840506392828,26.688162234558927],[93.038085611664215,26.689667908134265],[93.038932550583326,26.689808430757147],[93.037814467659061,26.695078288270825],[93.030192017387037,26.693813584664912],[93.030511469651117,26.692307911089575],[93.027123713974646,26.691745820598062],[93.026644535578527,26.694004330961068],[93.032573108012329,26.69498798932122],[93.032253655748264,26.696493662896557],[93.036488350343845,26.697196276010949],[93.03568971968366,26.70096045994929],[93.03653665860277,26.701100982572171],[93.036376932470731,26.70185381935984],[93.039764688147201,26.702415909851354],[93.039604962015162,26.703168746639022],[93.040451900934272,26.703309269261901],[93.040292174802246,26.70406210604957],[93.042832991559592,26.704483673918208],[93.043791348351803,26.699966653192195],[93.039556653756222,26.6992640400778],[93.040355284416407,26.69549985613946],[93.042049162254642,26.695780901385216],[93.042208888386682,26.695028064597548],[93.043055827305793,26.695168587220426],[93.043215553437832,26.694415750432757],[93.046603309114303,26.694977840924274],[93.047082487510409,26.692719330561268],[93.045388609672173,26.692438285315511],[93.045548335804213,26.691685448527842],[93.044701396885102,26.691544925904964],[93.045340301413248,26.688533578754292],[93.044493362494123,26.68839305613141],[93.044653088626163,26.687640219343741],[93.041265332949706,26.687078128852228],[93.041584785213772,26.68557245527689],[93.038197029537315,26.685010364785374]]]}},
{"type":"Feature","properties":{"flooded":1,"Risk":"Mediu","layer":"Flood_Medium","path":"C:\\Users\\Rudra\\Desktop\\flood_extent (1).geojson"},"geometry":{"type":"Polygon","coordinates":[[[92.943978775124563,26.666260483872268],[92.943659322860498,26.667766157447602],[92.941965445022262,26.667485112201845],[92.941645992758183,26.668990785777183],[92.939952114919961,26.668709740531426],[92.939632662655896,26.670215414106764],[92.938785723736771,26.670074891483882],[92.938306545340652,26.672333401846888],[92.943388178855344,26.673176537584162],[92.943228452723318,26.673929374371831],[92.945769269480664,26.674350942240469],[92.945449817216584,26.675856615815803],[92.948837572893041,26.676418706307317],[92.94771948996879,26.681688563820998],[92.948566428887915,26.68182908644388],[92.94760807209569,26.686346107169889],[92.945914194257455,26.686065061924129],[92.945435015861349,26.688323572287135],[92.947975832618695,26.688745140155774],[92.948934189410906,26.684228119429761],[92.954015822925598,26.685071255167035],[92.954495001321717,26.682812744804032],[92.955341940240828,26.68295326742691],[92.955980844768973,26.679941920276235],[92.953440028011627,26.679520352407597],[92.953599754143653,26.678767515619928],[92.951905876305432,26.678486470374171],[92.953023959229697,26.673216612860493],[92.948789264634115,26.672513999746098],[92.949108716898181,26.67100832617076],[92.946567900140835,26.670586758302125],[92.94736653080102,26.666822574363785],[92.943978775124563,26.666260483872268]]]}},
{"type":"Feature","properties":{"flooded":1,"Risk":"Mediu","layer":"Flood_Medium","path":"C:\\Users\\Rudra\\Desktop\\flood_extent (1).geojson"},"geometry":{"type":"Polygon","coordinates":[[[90.661812641728602,26.273579385167025],[90.660534832672312,26.279602079468376],[90.65545319915762,26.278758943731098],[90.654974020761514,26.281017454094105],[90.659208715357096,26.2817200672085],[90.658889263093016,26.283225740783838],[90.664817835526819,26.28420939914399],[90.662421943546278,26.295501950959018],[90.664115821384499,26.295782996204775],[90.662997738460234,26.301052853718453],[90.66553855521758,26.301474421587088],[90.665059376821475,26.303732931950094],[90.6659063157406,26.303873454572976],[90.66574658960856,26.304626291360641],[90.66659352852767,26.30476681398352],[90.66643380239563,26.305519650771188],[90.668127680233866,26.305800696016945],[90.667967954101826,26.306553532804614],[90.668814893020937,26.306694055427492],[90.668655166888911,26.307446892215161],[90.669502105808021,26.307587414838039],[90.669342379675982,26.308340251625708],[90.671883196433328,26.308761819494347],[90.670924839641103,26.313278840220356],[90.671771778560228,26.313419362843234],[90.670813421768017,26.317936383569247],[90.672507299606238,26.318217428815004],[90.671868395078079,26.321228775965679],[90.672715333997203,26.321369298588557],[90.672555607865178,26.322122135376222],[90.675943363541634,26.322684225867739],[90.67610308967366,26.321931389080074],[90.676950028592771,26.322071911702952],[90.678068111517035,26.316802054189271],[90.683996683950838,26.317785712549423],[90.683517505554732,26.320044222912429],[90.685211383392968,26.320325268158186],[90.684572478864808,26.323336615308861],[90.685419417783919,26.323477137931743],[90.685099965519854,26.324982811507077],[90.687640782277199,26.325404379375712],[90.688279686805345,26.32239303222504],[90.695902137077383,26.323657735830949],[90.696860493869607,26.319140715104936],[90.699401310626953,26.319562282973575],[90.700040215155099,26.316550935822903],[90.699193276235988,26.316410413200025],[90.699353002368028,26.315657576412356],[90.698506063448917,26.315517053789478],[90.698665789580943,26.314764217001809],[90.696971911742708,26.314483171756049],[90.697610816270853,26.311471824605373],[90.695916938432617,26.311190779359617],[90.696236390696697,26.309685105784283],[90.693695573939351,26.309263537915648],[90.694813656863602,26.303993680401966],[90.68973202334891,26.303150544664692],[90.68989174948095,26.302397707877024],[90.689044810561839,26.302257185254142],[90.689523988957959,26.299998674891139],[90.687830111119723,26.299717629645382],[90.687989837251749,26.298964792857713],[90.683755142656182,26.298262179743318],[90.683275964260076,26.300520690106321],[90.676500452907149,26.299396509123291],[90.676819905171229,26.297890835547957],[90.675972966252118,26.297750312925078],[90.677091049176369,26.292480455411397],[90.682172682691061,26.29332359114867],[90.682651861087166,26.291065080785668],[90.68011104432982,26.290643512917033],[90.679951318197794,26.291396349704698],[90.674869684683102,26.290553213967424],[90.675348863079208,26.288294703604421],[90.671114168483626,26.287592090490026],[90.671753073011772,26.284580743339351],[90.669212256254426,26.284159175470712],[90.669531708518505,26.282653501895375],[90.666990891761159,26.28223193402674],[90.66667143949708,26.283737607602077],[90.662436744901512,26.283034994487682],[90.663554827825763,26.277765136974004],[90.664401766744874,26.277905659596883],[90.665040671273033,26.274894312446207],[90.664193732353922,26.274753789823329],[90.664353458485948,26.27400095303566],[90.661812641728602,26.273579385167025]],[[90.681102908025736,26.302498155223571],[90.685337602621317,26.303200768337966],[90.685018150357237,26.304706441913304],[90.685865089276348,26.304846964536182],[90.685705363144308,26.305599801323851],[90.692480874497235,26.306723982306881],[90.691522517705025,26.31124100303289],[90.694063334462371,26.311662570901529],[90.692945251538106,26.316932428415207],[90.687863618023414,26.316089292677937],[90.688023344155454,26.315336455890268],[90.685482527398108,26.314914888021629],[90.685322801266068,26.315667724809295],[90.678547289913141,26.314543543826268],[90.681102908025736,26.302498155223571]]]}},
{"type":"Feature","properties":{"flooded":1,"Risk":"Mediu","layer":"Flood_Medium","path":"C:\\Users\\Rudra\\Desktop\\flood_extent (1).geojson"},"geometry":{"type":"Polygon","coordinates":[[[91.273722514304879,26.422646034407894],[91.273562788172839,26.423398871195563],[91.267634215739022,26.422415212835411],[91.267314763474957,26.423920886410748],[91.264773946717625,26.423499318542113],[91.264454494453545,26.425004992117451],[91.260219799857964,26.424302379003056],[91.260379525990004,26.423549542215387],[91.259532587070893,26.423409019592508],[91.259692313202933,26.42265618280484],[91.257151496445587,26.422234614936201],[91.256991770313547,26.42298745172387],[91.251910136798855,26.4221443159866],[91.251430958402736,26.424402826349606],[91.257359530836538,26.425386484709758],[91.257199804704513,26.426139321497427],[91.259740621461859,26.426560889366062],[91.259421169197779,26.428066562941396],[91.271278314065384,26.4300338796617],[91.271438040197424,26.429281042874031],[91.278213551550351,26.430405223857065],[91.277734373154246,26.432663734220068],[91.280275189911592,26.433085302088706],[91.280434916043617,26.432332465301037],[91.282128793881853,26.432613510546794],[91.282607972277972,26.430355000183791],[91.281761033358848,26.430214477560913],[91.282399937886993,26.427203130410238],[91.281552998967882,26.427062607787359],[91.281712725099922,26.426309770999691],[91.279171908342576,26.425888203131052],[91.279491360606642,26.424382529555714],[91.276103604930185,26.423820439064201],[91.276263331062225,26.423067602276532],[91.273722514304879,26.422646034407894]]]}},
{"type":"Feature","properties":{"flooded":1,"Risk":"Mediu","layer":"Flood_Medium","path":"C:\\Users\\Rudra\\Desktop\\flood_extent (1).geojson"},"geometry":{"type":"Polygon","coordinates":[[[92.428976802688396,26.589384979072019],[92.428018445896171,26.593901999798032],[92.425477629138825,26.593480431929397],[92.42499845074272,26.595738942292403],[92.428386206419177,26.596301032783916],[92.428066754155097,26.59780670635925],[92.429760631993332,26.598087751605007],[92.429441179729267,26.599593425180345],[92.432828935405723,26.600155515671862],[92.431391400217393,26.606931046760877],[92.439013850489431,26.608195750366786],[92.438055493697206,26.612712771092799],[92.432126921263404,26.611729112732647],[92.432286647395443,26.610976275944978],[92.428051952799862,26.610273662830586],[92.428211678931902,26.609520826042917],[92.424823923255445,26.608958735551401],[92.425303101651551,26.606700225188394],[92.42445616273244,26.606559702565516],[92.425574245656691,26.601289845051838],[92.423033428899345,26.600868277183199],[92.421276441446949,26.609149481847552],[92.424664197123406,26.609711572339069],[92.42386556646322,26.61347575627741],[92.416243116191183,26.612211052671501],[92.416402842323222,26.611458215883832],[92.41047426988942,26.610474557523681],[92.411432626681631,26.605957536797671],[92.41058568776252,26.605817014174789],[92.41074541389456,26.605064177387121],[92.403969902541633,26.60393999640409],[92.403650450277567,26.605445669979428],[92.399415755681986,26.604743056865033],[92.399894934078091,26.602484546502026],[92.39820105623987,26.60220350125627],[92.398520508503935,26.600697827680932],[92.394285813908354,26.599995214566537],[92.394764992304474,26.597736704203534],[92.393918053385363,26.597596181580656],[92.394237505649428,26.596090508005318],[92.393390566730318,26.59594998538244],[92.394828101918648,26.589174454293424],[92.389746468403956,26.588331318556151],[92.390065920668036,26.586825644980813],[92.389218981748911,26.586685122357935],[92.389378707880951,26.585932285570266],[92.385990952204494,26.585370195078749],[92.385511773808375,26.587628705441755],[92.38720565164661,26.587909750687515],[92.385608390326254,26.5954381185642],[92.386455329245365,26.595578641187078],[92.386295603113325,26.596331477974747],[92.387142542032436,26.596472000597625],[92.386823089768356,26.597977674172959],[92.389363906525702,26.598399242041594],[92.389204180393662,26.599152078829263],[92.390898058231897,26.599433124075023],[92.390578605967832,26.600938797650361],[92.393119422725178,26.601360365518996],[92.392959696593138,26.602113202306665],[92.394653574431373,26.602394247552425],[92.394493848299334,26.603147084340094],[92.39703466505668,26.603568652208729],[92.396715212792614,26.605074325784067],[92.402643785226417,26.606057984144218],[92.402324332962337,26.607563657719556],[92.404865149719683,26.607985225588191],[92.404705423587643,26.60873806237586],[92.409787057102335,26.609581198113133],[92.408988426442164,26.613345382051474],[92.410682304280385,26.613626427297234],[92.410522578148345,26.614379264084903],[92.413063394905691,26.614800831953538],[92.412903668773652,26.615553668741207],[92.422219996883925,26.617099417592875],[92.42142136622374,26.620863601531216],[92.429043816495778,26.622128305137124],[92.428564638099672,26.624386815500131],[92.431105454857018,26.624808383368769],[92.431904085517203,26.621044199430429],[92.43529184119366,26.621606289921942],[92.435771019589765,26.619347779558936],[92.431536324994184,26.618645166444544],[92.432334955654369,26.6148809825062],[92.438263528088186,26.615864640866352],[92.438103801956146,26.616617477654021],[92.441491557632602,26.617179568145534],[92.441811009896682,26.615673894570197],[92.448586521249595,26.616798075553227],[92.44938515190978,26.613033891614887],[92.453619846505362,26.613736504729282],[92.454258751033507,26.610725157578607],[92.456799567790853,26.611146725447245],[92.457438472318998,26.608135378296573],[92.455744594480763,26.607854333050813],[92.456862677405013,26.602584475537132],[92.4500871660521,26.601460294554101],[92.45024689218414,26.600707457766433],[92.449399953265015,26.600566935143554],[92.449559679397055,26.599814098355889],[92.447018862639709,26.599392530487254],[92.447338314903774,26.597886856911916],[92.444797498146428,26.597465289043278],[92.443998867486243,26.601229472981618],[92.439764172890676,26.600526859867223],[92.439923899022716,26.599774023079554],[92.435689204427135,26.599071409965163],[92.435848930559175,26.598318573177494],[92.431614235963607,26.597615960063102],[92.433211497283978,26.590087592186414],[92.428976802688396,26.589384979072019]],[[92.44892077486891,26.602825445506561],[92.453155469464491,26.603528058620956],[92.452995743332451,26.604280895408625],[92.453842682251562,26.604421418031503],[92.453682956119522,26.605174254819172],[92.455376833957757,26.605455300064929],[92.454258751033507,26.610725157578607],[92.448330178599704,26.609741499218455],[92.44848990473173,26.608988662430786],[92.447642965812605,26.608848139807908],[92.44892077486891,26.602825445506561]]]}},
{"type":"Feature","properties":{"flooded":1,"Risk":"Mediu","layer":"Flood_Medium","path":"C:\\Users\\Rudra\\Desktop\\flood_extent (1).geojson"},"geometry":{"type":"Polygon","coordinates":[[[92.635373556302582,26.616615922719692],[92.635054104038502,26.61812159629503],[92.634207165119392,26.617981073672151],[92.633568260591247,26.620992420822827],[92.631874382753026,26.620711375577066],[92.631714656620986,26.621464212364735],[92.628326900944515,26.620902121873222],[92.62784772254841,26.623160632236225],[92.630388539305756,26.62358220010486],[92.630548265437795,26.622829363317191],[92.638170715709833,26.624094066923103],[92.638330441841873,26.623341230135438],[92.643412075356565,26.624184365872708],[92.643092623092485,26.625690039448042],[92.645633439849831,26.62611160731668],[92.644675083057606,26.630628628042693],[92.639593449542915,26.62978549230542],[92.639114271146809,26.632044002668422],[92.640808148985045,26.632325047914179],[92.63984979219282,26.636842068640192],[92.641543670031041,26.637123113885952],[92.64042558710679,26.64239297139963],[92.642119464945026,26.642674016645387],[92.641320834284841,26.646438200583731],[92.639626956446605,26.646157155337974],[92.6391477780505,26.648415665700977],[92.639994716969625,26.648556188323855],[92.639675264705545,26.650061861899193],[92.640522203624656,26.650202384522071],[92.640362477492616,26.65095522130974],[92.642056355330851,26.651236266555497],[92.641896629198826,26.651989103343166],[92.645284384875282,26.652551193834682],[92.645124658743242,26.653304030622351],[92.645971597662353,26.65344455324523],[92.645811871530313,26.654197390032898],[92.646658810449438,26.654337912655777],[92.646179632053332,26.656596423018783],[92.647026570972443,26.656736945641661],[92.646866844840403,26.65748978242933],[92.647713783759514,26.657630305052209],[92.647394331495434,26.659135978627543],[92.649088209333669,26.659417023873303],[92.648928483201644,26.660169860660972],[92.654010116716336,26.661012996398245],[92.653530938320216,26.663271506761252],[92.660306449673129,26.664395687744282],[92.660625901937209,26.662890014168944],[92.665707535451901,26.663733149906218],[92.665388083187821,26.665238823481555],[92.668775838864278,26.665800913973069],[92.668935564996318,26.6650480771854],[92.671476381753664,26.665469645054038],[92.671636107885703,26.66471680826637],[92.674176924643049,26.665138376135005],[92.674336650775089,26.664385539347336],[92.676030528613325,26.664666584593096],[92.67619025474535,26.663913747805427],[92.677037193664461,26.664054270428306],[92.677196919796501,26.663301433640637],[92.678043858715625,26.663441956263515],[92.678363310979705,26.661936282688181],[92.682598005575272,26.662638895802576],[92.683236910103417,26.659627548651901],[92.684930787941653,26.659908593897658],[92.685569692469798,26.656897246746983],[92.691498264903601,26.657880905107135],[92.68990100358323,26.665409272983819],[92.68905406466412,26.665268750360941],[92.688255434003935,26.669032934299285],[92.690796250761281,26.66945450216792],[92.690955976893321,26.668701665380251],[92.691802915812431,26.668842188003133],[92.692601546472616,26.665078004064789],[92.695989302149073,26.665640094556302],[92.696149028281113,26.664887257768637],[92.703771478553151,26.666151961374549],[92.704410383081296,26.663140614223874],[92.700175688485729,26.662438001109479],[92.700974319145914,26.658673817171135],[92.70351513590326,26.65909538503977],[92.703674862035285,26.658342548252104],[92.704521800954396,26.658483070874983],[92.705959336142726,26.651707539785964],[92.711887908576529,26.652691198146115],[92.712207360840608,26.651185524570781],[92.7172889943553,26.652028660308055],[92.71712926822326,26.652781497095724],[92.719670084980606,26.653203064964359],[92.720308989508752,26.650191717813687],[92.725390623023443,26.651034853550961],[92.725550349155483,26.650282016763292],[92.726397288074594,26.65042253938617],[92.726876466470699,26.648164029023164],[92.731958099985391,26.649007164760437],[92.732277552249471,26.647501491185103],[92.733124491168596,26.647642013807982],[92.734082847960821,26.643124993081969],[92.729001214446129,26.642281857344695],[92.727883131521864,26.647551714858373],[92.714332108816023,26.645303352892313],[92.714491834948063,26.644550516104644],[92.711104079271593,26.643988425613131],[92.710944353139553,26.644741262400796],[92.710097414220442,26.644600739777918],[92.709458509692297,26.647612086928593],[92.700142181582024,26.646066338076924],[92.699822729317958,26.647572011652262],[92.694741095803266,26.646728875914988],[92.694900821935292,26.645976039127319],[92.688125310582379,26.644851858144289],[92.689403119638683,26.638829163842942],[92.691096997476919,26.639110209088699],[92.691576175873024,26.636851698725692],[92.690729236953899,26.636711176102814],[92.690888963085939,26.635958339315145],[92.686654268490372,26.63525572620075],[92.687133446886477,26.632997215837744],[92.683745691210007,26.63243512534623],[92.683106786681861,26.635446472496906],[92.683953725600986,26.635586995119784],[92.683793999468946,26.636339831907453],[92.684640938388057,26.636480354530331],[92.684481212256017,26.637233191318],[92.686175090094252,26.637514236563756],[92.686015363962227,26.638267073351425],[92.686862302881337,26.638407595974307],[92.685105315428927,26.64668880063866],[92.680870620833346,26.645986187524265],[92.681030346965386,26.645233350736596],[92.676795652369819,26.644530737622201],[92.677274830765924,26.642272227259195],[92.671346258332122,26.641288568899043],[92.672304615124347,26.636771548173034],[92.673151554043457,26.636912070795912],[92.673630732439563,26.634653560432906],[92.672783793520452,26.634513037810027],[92.672943519652492,26.633760201022358],[92.669555763976021,26.633198110530842],[92.670034942372126,26.630939600167835],[92.66664718669567,26.630377509676322],[92.66648746056363,26.631130346463991],[92.662252765968049,26.630427733349595],[92.661933313703983,26.631933406924933],[92.661086374784873,26.631792884302055],[92.660287744124687,26.635557068240395],[92.651818354933539,26.634151842011605],[92.651658628801499,26.634904678799273],[92.646576995286807,26.634061543062],[92.647535352079032,26.629544522335991],[92.651770046674613,26.630247135450386],[92.653047855730904,26.624224441149039],[92.644578466539741,26.622819214920252],[92.644897918803821,26.621313541344914],[92.639816285289129,26.620470405607641],[92.640295463685234,26.618211895244634],[92.639448524766124,26.618071372621756],[92.639608250898164,26.617318535834087],[92.635373556302582,26.616615922719692]],[[92.688333344973344,26.648003727917839],[92.692568039568926,26.648706341032238],[92.691609682776715,26.653223361758247],[92.687374988181134,26.652520748643852],[92.688333344973344,26.648003727917839]],[[92.654296062076696,26.643135659790353],[92.661071573429624,26.644259840773383],[92.660272942769453,26.648024024711727],[92.659426003850342,26.647883502088849],[92.659266277718302,26.648636338876518],[92.652490766365375,26.647512157893487],[92.65328939702556,26.643747973955143],[92.654136335944671,26.643888496578022],[92.654296062076696,26.643135659790353]],[[92.674622596135464,26.646508202739447],[92.679704229650156,26.647351338476721],[92.678586146725905,26.652621195990402],[92.672657574292103,26.651637537630251],[92.673615931084328,26.647120516904238],[92.674462870003438,26.647261039527116],[92.674622596135464,26.646508202739447]],[[92.662286272871754,26.64679939638215],[92.667367906386445,26.647642532119423],[92.667208180254406,26.648395368907092],[92.668902058092627,26.648676414152849],[92.667943701300416,26.653193434878858],[92.661168189947503,26.652069253895828],[92.662286272871754,26.64679939638215]]]}},
{"type":"Feature","properties":{"flooded":1,"Risk":"Mediu","layer":"Flood_Medium","path":"C:\\Users\\Rudra\\Desktop\\flood_extent (1).geojson"},"geometry":{"type":"Polygon","coordinates":[[[90.648889626388879,26.322092208496837],[90.648570174124799,26.323597882072175],[90.646876296286564,26.323316836826418],[90.646716570154524,26.324069673614087],[90.645022692316303,26.32378862836833],[90.644543513920198,26.326047138731333],[90.645390452839308,26.326187661354211],[90.645230726707268,26.32694049814188],[90.647771543464614,26.327362066010515],[90.647452091200549,26.328867739585853],[90.650839846877005,26.32942983007737],[90.651319025273111,26.327171319714363],[90.658094536626038,26.328295500697394],[90.657136179833813,26.332812521423406],[90.651207607400011,26.331828863063254],[90.650728429003905,26.334087373426257],[90.660891696033275,26.335773644900804],[90.662169505089565,26.329750950599458],[90.658781749413109,26.329188860107941],[90.659740106205334,26.324671839381931],[90.655505411609766,26.323969226267536],[90.655665137741806,26.323216389479867],[90.648889626388879,26.322092208496837]]]}},
{"type":"Feature","properties":{"flooded":1,"Risk":"Mediu","layer":"Flood_Medium","path":"C:\\Users\\Rudra\\Desktop\\flood_extent (1).geojson"},"geometry":{"type":"Polygon","coordinates":[[[90.720671400122697,26.330884761667988],[90.720032495594552,26.333896108818664],[90.715797800998971,26.333193495704268],[90.715478348734891,26.334699169279606],[90.71463140981578,26.334558646656728],[90.713992505287635,26.337569993807399],[90.714839444206746,26.337710516430278],[90.713881087414521,26.34222753715629],[90.714728026333646,26.342368059779169],[90.713769669541435,26.346885080505178],[90.717157425217891,26.347447170996695],[90.717636603613997,26.345188660633688],[90.716789664694886,26.34504813801081],[90.718067473751177,26.339025443709463],[90.718914412670287,26.339165966332342],[90.719872769462512,26.334648945606332],[90.723260525138969,26.335211036097849],[90.723420251271008,26.334458199310181],[90.724267190190119,26.334598721933059],[90.724426916322159,26.33384588514539],[90.725273855241284,26.333986407768268],[90.725753033637389,26.331727897405262],[90.720671400122697,26.330884761667988]]]}},
{"type":"Feature","properties":{"flooded":1,"Risk":"Mediu","layer":"Flood_Medium","path":"C:\\Users\\Rudra\\Desktop\\flood_extent (1).geojson"},"geometry":{"type":"Polygon","coordinates":[[[92.144041469535907,26.581075920774051],[92.143881743403867,26.581828757561716],[92.137106232050954,26.58070457657869],[92.136627053654848,26.582963086941692],[92.143402565007761,26.584087267924723],[92.141326125291286,26.593874146164413],[92.145560819886867,26.594576759278809],[92.146199724415013,26.591565412128134],[92.147046663334123,26.591705934751012],[92.147525841730229,26.589447424388009],[92.145831963892007,26.589166379142252],[92.147429225212377,26.581638011265568],[92.144041469535907,26.581075920774051]]]}},
{"type":"Feature","properties":{"flooded":1,"Risk":"Mediu","layer":"Flood_Medium","path":"C:\\Users\\Rudra\\Desktop\\flood_extent (1).geojson"},"geometry":{"type":"Polygon","coordinates":[[[91.361324983496743,26.439518897550304],[91.361165257364704,26.440271734337973],[91.360318318445593,26.440131211715094],[91.359839140049473,26.442389722078101],[91.360686078968584,26.442530244700979],[91.360526352836558,26.443283081488648],[91.361373291755669,26.443423604111526],[91.359616304303259,26.451704808775879],[91.358769365384148,26.451564286153001],[91.358290186988043,26.453822796516004],[91.352361614554241,26.452839138155852],[91.35252134068628,26.452086301368183],[91.349980523928934,26.451664733499548],[91.348542988740604,26.458440264588564],[91.346849110902369,26.458159219342804],[91.346529658638289,26.459664892918141],[91.340601086204487,26.458681234557989],[91.340281633940407,26.460186908133327],[91.339434695021296,26.460046385510449],[91.339274968889271,26.460799222298117],[91.337581091051035,26.460518177052361],[91.337101912654916,26.462776687415367],[91.337948851574026,26.462917210038245],[91.336511316385696,26.469692741127261],[91.339052133143042,26.470114308995896],[91.340170216067307,26.464844451482215],[91.341017154986432,26.4649849741051],[91.341815785646617,26.461220790166756],[91.342662724565727,26.461361312789634],[91.342982176829793,26.459855639214297],[91.348910749263595,26.460839297574449],[91.34970937992378,26.457075113636108],[91.355637952357583,26.45805877199626],[91.355478226225543,26.458811608783929],[91.359712920821124,26.459514221898324],[91.358594837896874,26.464784079412002],[91.357747898977763,26.464643556789124],[91.357588172845723,26.465396393576793],[91.356741233926599,26.465255870953911],[91.356102329398453,26.468267218104582],[91.356949268317578,26.468407740727464],[91.356470089921473,26.470666251090471],[91.359010906678819,26.471087818959106],[91.360288715735109,26.465065124657759],[91.362829532492455,26.465486692526394],[91.363947615416706,26.460216835012716],[91.366488432174037,26.460638402881354],[91.367127336702183,26.457627055730679],[91.362045703187505,26.456783919993406],[91.362524881583624,26.454525409630399],[91.3616779426645,26.454384887007521],[91.361997394928565,26.452879213432183],[91.361150456009455,26.452738690809305],[91.36194908666964,26.448974506870965],[91.363642964507875,26.449255552116721],[91.36476104743214,26.443985694603043],[91.36560798635125,26.444126217225921],[91.366087164747356,26.441867706862915],[91.36354634799001,26.44144613899428],[91.363865800254089,26.439940465418942],[91.361324983496743,26.439518897550304]]]}},
{"type":"Feature","properties":{"flooded":1,"Risk":"Mediu","layer":"Flood_Medium","path":"C:\\Users\\Rudra\\Desktop\\flood_extent (1).geojson"},"geometry":{"type":"Polygon","coordinates":[[[91.40110150998467,26.471057373768275],[91.40094178385263,26.471810210555944],[91.40009484493352,26.471669687933066],[91.39993511880148,26.472422524720734],[91.398241240963245,26.472141479474978],[91.397762062567139,26.474399989837984],[91.401149818243596,26.474962080329497],[91.400191461451371,26.479479101055507],[91.401038400370496,26.479619623678389],[91.400878674238456,26.480372460466057],[91.401725613157566,26.480512983088936],[91.401406160893501,26.482018656664273],[91.403100038731736,26.48229970191003],[91.402940312599696,26.483052538697699],[91.404634190437918,26.483333583943455],[91.404474464305878,26.484086420731121],[91.407015281063224,26.484507988599759],[91.407813911723409,26.480743804661419],[91.406120033885173,26.480462759415659],[91.406279760017213,26.47970992262799],[91.405432821098103,26.479569400005111],[91.407030082418473,26.472041032128427],[91.40110150998467,26.471057373768275]]]}},
{"type":"Feature","properties":{"flooded":1,"Risk":"Mediu","layer":"Flood_Medium","path":"C:\\Users\\Rudra\\Desktop\\flood_extent (1).geojson"},"geometry":{"type":"Polygon","coordinates":[[[91.282374239369716,26.493442619328121],[91.281895060973596,26.495701129691124],[91.282741999892721,26.495841652314002],[91.281783643100511,26.500358673040015],[91.285171398776967,26.500920763531528],[91.284532494248822,26.5039321106822],[91.287073311006168,26.504353678550842],[91.287552489402273,26.502095168187836],[91.29178718399784,26.502797781302228],[91.291467731733761,26.504303454877565],[91.294008548491107,26.504725022746204],[91.294168274623146,26.503972185958535],[91.295015213542271,26.504112708581413],[91.295654118070416,26.501101361430738],[91.294807179151292,26.50096083880786],[91.295605809811477,26.497196654869519],[91.293064993054131,26.496775087000881],[91.292585814658025,26.499033597363884],[91.284116425466877,26.497628371135097],[91.284915056127062,26.493864187196756],[91.282374239369716,26.493442619328121]]]}},
{"type":"Feature","properties":{"flooded":1,"Risk":"Mediu","layer":"Flood_Medium","path":"C:\\Users\\Rudra\\Desktop\\flood_extent (1).geojson"},"geometry":{"type":"Polygon","coordinates":[[[91.30417181552049,26.506411294220751],[91.303532910992345,26.509422641371422],[91.30437984991147,26.509563163994301],[91.30422012377943,26.51031600078197],[91.305067062698541,26.510456523404848],[91.30410870590633,26.514973544130861],[91.302414828068095,26.514692498885104],[91.30161619740791,26.518456682823444],[91.296534563893218,26.517613547086171],[91.297812372949508,26.511590852784824],[91.295271556192162,26.511169284916186],[91.294792377796057,26.513427795279192],[91.292251561038711,26.513006227410557],[91.29097375198242,26.519028921711904],[91.297749263335348,26.520153102694934],[91.297429811071268,26.521658776270272],[91.299970627828614,26.522080344138907],[91.300290080092694,26.520574670563573],[91.305371713607386,26.521417806300846],[91.306170344267557,26.517653622362502],[91.304476466429321,26.517372577116742],[91.305434823221546,26.512855556390733],[91.309669517817127,26.513558169505128],[91.308870887156942,26.517322353443468],[91.313952520671634,26.518165489180742],[91.313313616143489,26.521176836331417],[91.316701371819946,26.52173892682293],[91.317340276348091,26.518727579672255],[91.319881093105437,26.519149147540894],[91.320360271501556,26.516890637177891],[91.3169725158251,26.516328546686374],[91.317771146485271,26.51256436274803],[91.313536451889689,26.511861749633638],[91.314175356417849,26.508850402482963],[91.311634539660503,26.508428834614328],[91.311794265792528,26.507675997826659],[91.30417181552049,26.506411294220751]]]}},
{"type":"Feature","properties":{"flooded":1,"Risk":"Mediu","layer":"Flood_Medium","path":"C:\\Users\\Rudra\\Desktop\\flood_extent (1).geojson"},"geometry":{"type":"Polygon","coordinates":[[[91.281386279867007,26.522893552996791],[91.280587649206822,26.526657736935135],[91.279740710287712,26.526517214312257],[91.278942079627527,26.530281398250597],[91.27555432395107,26.529719307759084],[91.275075145554965,26.53197781812209],[91.279309840150532,26.532680431236482],[91.279150114018492,26.533433268024151],[91.283384808614073,26.534135881138546],[91.283065356350008,26.535641554713884],[91.285606173107354,26.536063122582519],[91.286245077635499,26.533051775431847],[91.28709201655461,26.533192298054725],[91.287571194950715,26.530933787691719],[91.284183439274258,26.530371697200202],[91.284502891538338,26.528866023624865],[91.283655952619227,26.528725501001986],[91.284454583279413,26.524961317063646],[91.283607644360288,26.524820794440767],[91.283927096624353,26.52331512086543],[91.281386279867007,26.522893552996791]]]}},
{"type":"Feature","properties":{"flooded":1,"Risk":"Mediu","layer":"Flood_Medium","path":"C:\\Users\\Rudra\\Desktop\\flood_extent (1).geojson"},"geometry":{"type":"Polygon","coordinates":[[[91.241197588790357,26.526356913206936],[91.240558684262211,26.529368260357607],[91.246487256696014,26.530351918717759],[91.245528899903789,26.534868939443772],[91.242141144227332,26.534306848952255],[91.241502239699187,26.537318196102927],[91.249124689971225,26.538582899708835],[91.249444142235305,26.537077226133501],[91.251138020073526,26.537358271379262],[91.252415829129816,26.531335577077911],[91.251568890210706,26.531195054455033],[91.252048068606811,26.52893654409203],[91.249507251849465,26.528514976223391],[91.2491877995854,26.530020649798729],[91.244106166070708,26.529177514061452],[91.244585344466813,26.526919003698449],[91.241197588790357,26.526356913206936]]]}},
{"type":"Feature","properties":{"flooded":1,"Risk":"Mediu","layer":"Flood_Medium","path":"C:\\Users\\Rudra\\Desktop\\flood_extent (1).geojson"},"geometry":{"type":"Polygon","coordinates":[[[91.237397668525162,26.560796659143527],[91.236758763997017,26.563808006294202],[91.237605702916127,26.563948528917081],[91.236487619991863,26.569218386430759],[91.231405986477185,26.568375250693485],[91.230607355817014,26.572139434631829],[91.234842050412581,26.572842047746224],[91.234522598148502,26.574347721321562],[91.237063414905847,26.574769289190201],[91.237862045566033,26.571005105251857],[91.240402862323378,26.571426673120492],[91.241680671379669,26.565403978819145],[91.239986793541433,26.565122933573388],[91.240785424201619,26.561358749635044],[91.237397668525162,26.560796659143527]]]}},
{"type":"Feature","properties":{"flooded":1,"Risk":"Mediu","layer":"Flood_Medium","path":"C:\\Users\\Rudra\\Desktop\\flood_extent (1).geojson"},"geometry":{"type":"Polygon","coordinates":[[[91.119658357412931,26.553730971034696],[91.118859726752746,26.557495154973036],[91.122247482429202,26.558057245464553],[91.120969673372898,26.564079939765904],[91.127745184725811,26.565204120748934],[91.12806463698989,26.563698447173596],[91.128911575909015,26.563838969796475],[91.12955048043716,26.5608276226458],[91.125315785841579,26.560125009531408],[91.126433868765844,26.55485515201773],[91.119658357412931,26.553730971034696]]]}},
{"type":"Feature","properties":{"flooded":1,"Risk":"Mediu","layer":"Flood_Medium","path":"C:\\Users\\Rudra\\Desktop\\flood_extent (1).geojson"},"geometry":{"type":"Polygon","coordinates":[[[91.185065887220517,26.580170039241256],[91.184906161088477,26.580922876028925],[91.183212283250242,26.580641830783168],[91.182892830986177,26.582147504358506],[91.182045892067066,26.582006981735624],[91.181406987538921,26.585018328886296],[91.182253926458031,26.585158851509178],[91.181455295797846,26.588923035447522],[91.177220601202265,26.588220422333126],[91.176741422806145,26.590478932696129],[91.180976117401727,26.591181545810528],[91.180656665137661,26.592687219385862],[91.183197481895007,26.593108787254497],[91.183357208027047,26.592355950466828],[91.18928578046085,26.59333960882698],[91.188327423668625,26.597856629552993],[91.184092729073058,26.597154016438598],[91.183613550676952,26.599412526801601],[91.186154367434284,26.599834094670243],[91.185355736774099,26.603598278608583],[91.187896553531445,26.604019846477218],[91.18853545805959,26.601008499326543],[91.191923213736061,26.60157058981806],[91.192881570528272,26.597053569092051],[91.199657081881185,26.598177750075081],[91.200136260277304,26.595919239712074],[91.199289321358194,26.595778717089196],[91.199449047490234,26.595025880301527],[91.197755169651998,26.594744835055771],[91.198234348048103,26.592486324692768],[91.195693531290758,26.592064756824129],[91.195374079026678,26.593570430399467],[91.190292445511986,26.59272729466219],[91.191250802304211,26.588210273936181],[91.193791619061557,26.588631841804819],[91.194270797457662,26.586373331441813],[91.191729980700316,26.585951763573174],[91.191410528436251,26.587457437148512],[91.186328894921573,26.586614301411238],[91.187127525581758,26.582850117472898],[91.187974464500869,26.582990640095776],[91.188453642896974,26.58073212973277],[91.185065887220517,26.580170039241256]]]}}
]
}
